# Base profile of the inner-extremal family (triple root) (src/stability/triple_root_monotone.py, base0, sigma_min=1), units G=c=M=1, lambda=ell/M=0.27102, rho_c=1.625145, R-=0.67744, R+=1.98465; columns: R, m(R) (Misner-Sharp mass), rho(R) (= -T^t_t = -T^R_R), f = 1-2m/R, sigma = -d ln rho/d ln R; p_perp = -rho(1 - sigma/2)
R,m,rho,f,sigma
1.000000000000e-03,6.807308031583e-09,1.625145459901e+00,9.999863853839e-01,9.645761160053e-10
1.002479560048e-03,6.858071558695e-09,1.625145459897e+00,9.999863177828e-01,9.741785927802e-10
1.004965268313e-03,6.909214062323e-09,1.625145459893e+00,9.999862498451e-01,9.838768255918e-10
1.007457140042e-03,6.960737475324e-09,1.625145459889e+00,9.999861815710e-01,9.936714284674e-10
1.009955190516e-03,7.012645380339e-09,1.625145459885e+00,9.999861129574e-01,1.003563643092e-09
1.012459435057e-03,7.064940428762e-09,1.625145459881e+00,9.999860440030e-01,1.013554359223e-09
1.014969889022e-03,7.117624969594e-09,1.625145459877e+00,9.999859747071e-01,1.023644351208e-09
1.017486567808e-03,7.170703050304e-09,1.625145459873e+00,9.999859050659e-01,1.033835045877e-09
1.020009486851e-03,7.224176616880e-09,1.625145459869e+00,9.999858350796e-01,1.044127065989e-09
1.022538661623e-03,7.278048680915e-09,1.625145459865e+00,9.999857647462e-01,1.054521443691e-09
1.025074107635e-03,7.332323088054e-09,1.625145459860e+00,9.999856940624e-01,1.065019536037e-09
1.027615840439e-03,7.387001731456e-09,1.625145459856e+00,9.999856230287e-01,1.075621946795e-09
1.030163875621e-03,7.442088250219e-09,1.625145459852e+00,9.999855516420e-01,1.086329956623e-09
1.032718228809e-03,7.497585782708e-09,1.625145459847e+00,9.999854799004e-01,1.097144654858e-09
1.035278915670e-03,7.553496660124e-09,1.625145459843e+00,9.999854078035e-01,1.108066816957e-09
1.037845951908e-03,7.609825011157e-09,1.625145459838e+00,9.999853353477e-01,1.119097922064e-09
1.040419353266e-03,7.666573232936e-09,1.625145459834e+00,9.999852625324e-01,1.130238774335e-09
1.042999135527e-03,7.723744187084e-09,1.625145459829e+00,9.999851893565e-01,1.141490359744e-09
1.045585314513e-03,7.781342291560e-09,1.625145459825e+00,9.999851158156e-01,1.152854279825e-09
1.048177906086e-03,7.839369387732e-09,1.625145459820e+00,9.999850419106e-01,1.164331122224e-09
1.050776926144e-03,7.897829164637e-09,1.625145459815e+00,9.999849676388e-01,1.175922204562e-09
1.053382390629e-03,7.956725297293e-09,1.625145459810e+00,9.999848929973e-01,1.187628842610e-09
1.055994315520e-03,8.016060088121e-09,1.625145459806e+00,9.999848179863e-01,1.199451807858e-09
1.058612716836e-03,8.075837741814e-09,1.625145459801e+00,9.999847426021e-01,1.211392630692e-09
1.061237610634e-03,8.136061154576e-09,1.625145459796e+00,9.999846668436e-01,1.223452322340e-09
1.063869013015e-03,8.196733109799e-09,1.625145459791e+00,9.999845907099e-01,1.235631848731e-09
1.066506940115e-03,8.257858349270e-09,1.625145459786e+00,9.999845141967e-01,1.247932964702e-09
1.069151408115e-03,8.319438953269e-09,1.625145459781e+00,9.999844373044e-01,1.260356357276e-09
1.071802433231e-03,8.381478551880e-09,1.625145459776e+00,9.999843600307e-01,1.272903337678e-09
1.074460031724e-03,8.443981410702e-09,1.625145459771e+00,9.999842823722e-01,1.285575478040e-09
1.077124219891e-03,8.506949791126e-09,1.625145459765e+00,9.999842043292e-01,1.298373539960e-09
1.079795014073e-03,8.570387967683e-09,1.625145459760e+00,9.999841258982e-01,1.311299103470e-09
1.082472430650e-03,8.634299387762e-09,1.625145459755e+00,9.999840470775e-01,1.324353415537e-09
1.085156486042e-03,8.698686819048e-09,1.625145459750e+00,9.999839678665e-01,1.337537446000e-09
1.087847196710e-03,8.763555101796e-09,1.625145459744e+00,9.999838882609e-01,1.350853015521e-09
1.090544579157e-03,8.828906825991e-09,1.625145459739e+00,9.999838082606e-01,1.364301024760e-09
1.093248649926e-03,8.894745458916e-09,1.625145459733e+00,9.999837278638e-01,1.377882734586e-09
1.095959425600e-03,8.961075915276e-09,1.625145459728e+00,9.999836470663e-01,1.391600006806e-09
1.098676922806e-03,9.027900401782e-09,1.625145459722e+00,9.999835658687e-01,1.405453586261e-09
1.101401158209e-03,9.095223255604e-09,1.625145459716e+00,9.999834842679e-01,1.419445100414e-09
1.104132148517e-03,9.163048531938e-09,1.625145459711e+00,9.999834022611e-01,1.433576063960e-09
1.106869910480e-03,9.231378970408e-09,1.625145459705e+00,9.999833198484e-01,1.447847444733e-09
1.109614460888e-03,9.300219504031e-09,1.625145459699e+00,9.999832370254e-01,1.462261128149e-09
1.112365816574e-03,9.369573287098e-09,1.625145459693e+00,9.999831537914e-01,1.476818259054e-09
1.115123994411e-03,9.439443615125e-09,1.625145459687e+00,9.999830701453e-01,1.491520041102e-09
1.117889011316e-03,9.509836041711e-09,1.625145459681e+00,9.999829860819e-01,1.506368631799e-09
1.120660884246e-03,9.580752777415e-09,1.625145459675e+00,9.999829016022e-01,1.521364782339e-09
1.123439630202e-03,9.652198189134e-09,1.625145459669e+00,9.999828167034e-01,1.536510154353e-09
1.126225266225e-03,9.724177001360e-09,1.625145459663e+00,9.999827313819e-01,1.551806565925e-09
1.129017809400e-03,9.796691911854e-09,1.625145459656e+00,9.999826456380e-01,1.567254975967e-09
1.131817276853e-03,9.869747939618e-09,1.625145459650e+00,9.999825594676e-01,1.582857332956e-09
1.134623685754e-03,9.943348862623e-09,1.625145459643e+00,9.999824728692e-01,1.598615060052e-09
1.137437053314e-03,1.001749796381e-08,1.625145459637e+00,9.999823858420e-01,1.614529368737e-09
1.140257396788e-03,1.009220091585e-08,1.625145459630e+00,9.999822983811e-01,1.630602499205e-09
1.143084733474e-03,1.016746050497e-08,1.625145459624e+00,9.999822104868e-01,1.646835454098e-09
1.145919080710e-03,1.024328092198e-08,1.625145459617e+00,9.999821221566e-01,1.663229840755e-09
1.148760455880e-03,1.031966762741e-08,1.625145459611e+00,9.999820333864e-01,1.679787820370e-09
1.151608876411e-03,1.039662326177e-08,1.625145459604e+00,9.999819441766e-01,1.696510334885e-09
1.154464359772e-03,1.047415292209e-08,1.625145459597e+00,9.999818545236e-01,1.713399393430e-09
1.157326923475e-03,1.055226107455e-08,1.625145459590e+00,9.999817644248e-01,1.730456735579e-09
1.160196585076e-03,1.063095097563e-08,1.625145459583e+00,9.999816738799e-01,1.747683573752e-09
1.163073362176e-03,1.071022841085e-08,1.625145459576e+00,9.999815828842e-01,1.765082229811e-09
1.165957272418e-03,1.079009680429e-08,1.625145459569e+00,9.999814914370e-01,1.782653994183e-09
1.168848333488e-03,1.087056013277e-08,1.625145459562e+00,9.999813995369e-01,1.800400399687e-09
1.171746563117e-03,1.095162466523e-08,1.625145459554e+00,9.999813071785e-01,1.818323994830e-09
1.174651979081e-03,1.103329296783e-08,1.625145459547e+00,9.999812143628e-01,1.836425695275e-09
1.177564599198e-03,1.111557020639e-08,1.625145459539e+00,9.999811210863e-01,1.854707567565e-09
1.180484441332e-03,1.119846160537e-08,1.625145459532e+00,9.999810273457e-01,1.873171710178e-09
1.183411523390e-03,1.128197037926e-08,1.625145459524e+00,9.999809331409e-01,1.891819328399e-09
1.186345863323e-03,1.136610241901e-08,1.625145459517e+00,9.999808384675e-01,1.910652823999e-09
1.189287479129e-03,1.145086185416e-08,1.625145459509e+00,9.999807433240e-01,1.929673815824e-09
1.192236388847e-03,1.153625257554e-08,1.625145459501e+00,9.999806477093e-01,1.948883815488e-09
1.195192610564e-03,1.162228122939e-08,1.625145459493e+00,9.999805516180e-01,1.968285578403e-09
1.198156162411e-03,1.170895079815e-08,1.625145459485e+00,9.999804550506e-01,1.987880212798e-09
1.201127062562e-03,1.179626633585e-08,1.625145459477e+00,9.999803580042e-01,2.007669761918e-09
1.204105329239e-03,1.188423390136e-08,1.625145459469e+00,9.999802604745e-01,2.027656730491e-09
1.207090980706e-03,1.197285664981e-08,1.625145459461e+00,9.999801624619e-01,2.047842307255e-09
1.210084035276e-03,1.206214056882e-08,1.625145459453e+00,9.999800639621e-01,2.068228971291e-09
1.213084511304e-03,1.215209056695e-08,1.625145459444e+00,9.999799649728e-01,2.088818715230e-09
1.216092427193e-03,1.224271051127e-08,1.625145459436e+00,9.999798654934e-01,2.109613055875e-09
1.219107801390e-03,1.233400718496e-08,1.625145459427e+00,9.999797655184e-01,2.130614851442e-09
1.222130652388e-03,1.242598429114e-08,1.625145459419e+00,9.999796650476e-01,2.151825549141e-09
1.225160998727e-03,1.251864665136e-08,1.625145459410e+00,9.999795640791e-01,2.173247110746e-09
1.228198858991e-03,1.261200124145e-08,1.625145459401e+00,9.999794626071e-01,2.194882499943e-09
1.231244251812e-03,1.270605113788e-08,1.625145459392e+00,9.999793606328e-01,2.216732878007e-09
1.234297195868e-03,1.280080241470e-08,1.625145459383e+00,9.999792581520e-01,2.238800797760e-09
1.237357709882e-03,1.289626083936e-08,1.625145459374e+00,9.999791551615e-01,2.261088676235e-09
1.240425812624e-03,1.299243023772e-08,1.625145459365e+00,9.999790516610e-01,2.283598026012e-09
1.243501522911e-03,1.308931752174e-08,1.625145459356e+00,9.999789476454e-01,2.306331806338e-09
1.246584859607e-03,1.318692719228e-08,1.625145459347e+00,9.999788431135e-01,2.329291851753e-09
1.249675841621e-03,1.328526385691e-08,1.625145459337e+00,9.999787380640e-01,2.352480046363e-09
1.252774487910e-03,1.338433530028e-08,1.625145459328e+00,9.999786324906e-01,2.375899778118e-09
1.255880817479e-03,1.348414469645e-08,1.625145459318e+00,9.999785263944e-01,2.399552261562e-09
1.258994849379e-03,1.358469812813e-08,1.625145459308e+00,9.999784197717e-01,2.423440087461e-09
1.262116602708e-03,1.368600230844e-08,1.625145459299e+00,9.999783126182e-01,2.447566153671e-09
1.265246096611e-03,1.378806100248e-08,1.625145459289e+00,9.999782049341e-01,2.471931957550e-09
1.268383350283e-03,1.389088124134e-08,1.625145459279e+00,9.999780967146e-01,2.496540556614e-09
1.271528382964e-03,1.399446840742e-08,1.625145459269e+00,9.999779879575e-01,2.521394226752e-09
1.274681213941e-03,1.409882708872e-08,1.625145459258e+00,9.999778786618e-01,2.546494863228e-09
1.277841862553e-03,1.420396523555e-08,1.625145459248e+00,9.999777688216e-01,2.571845983183e-09
1.281010348183e-03,1.430988683601e-08,1.625145459238e+00,9.999776584368e-01,2.597449200200e-09
1.284186690263e-03,1.441659772111e-08,1.625145459227e+00,9.999775475048e-01,2.623307016945e-09
1.287370908274e-03,1.452410564379e-08,1.625145459217e+00,9.999774360201e-01,2.649422874933e-09
1.290563021745e-03,1.463241428662e-08,1.625145459206e+00,9.999773239833e-01,2.675798243519e-09
1.293763050252e-03,1.474153078851e-08,1.625145459195e+00,9.999772113900e-01,2.702436274585e-09
1.296971013423e-03,1.485146150447e-08,1.625145459184e+00,9.999770982368e-01,2.729339745654e-09
1.300186930931e-03,1.496221098322e-08,1.625145459173e+00,9.999769845233e-01,2.756510552191e-09
1.303410822499e-03,1.507378733189e-08,1.625145459162e+00,9.999768702437e-01,2.783952338814e-09
1.306642707901e-03,1.518619544038e-08,1.625145459151e+00,9.999767553971e-01,2.811667175665e-09
1.309882606956e-03,1.529944083439e-08,1.625145459139e+00,9.999766399817e-01,2.839657445191e-09
1.313130539535e-03,1.541353240881e-08,1.625145459128e+00,9.999765239907e-01,2.867927202499e-09
1.316386525558e-03,1.552847373948e-08,1.625145459116e+00,9.999764074253e-01,2.896477874149e-09
1.319650584994e-03,1.564427206000e-08,1.625145459104e+00,9.999762902813e-01,2.925312701180e-09
1.322922737862e-03,1.576093479684e-08,1.625145459093e+00,9.999761725544e-01,2.954435029975e-09
1.326203004229e-03,1.587846643752e-08,1.625145459081e+00,9.999760542445e-01,2.983846743360e-09
1.329491404213e-03,1.599687523536e-08,1.625145459069e+00,9.999759353461e-01,3.013551610549e-09
1.332787957983e-03,1.611616707748e-08,1.625145459056e+00,9.999758158573e-01,3.043552222542e-09
1.336092685756e-03,1.623634740246e-08,1.625145459044e+00,9.999756957768e-01,3.073850944768e-09
1.339405607799e-03,1.635742552579e-08,1.625145459032e+00,9.999755750977e-01,3.104452103638e-09
1.342726744432e-03,1.647940572182e-08,1.625145459019e+00,9.999754538207e-01,3.135357485937e-09
1.346056116023e-03,1.660229502628e-08,1.625145459006e+00,9.999753319422e-01,3.166570275125e-09
1.349393742990e-03,1.672610204450e-08,1.625145458994e+00,9.999752094566e-01,3.198094461347e-09
1.352739645804e-03,1.685083117823e-08,1.625145458981e+00,9.999750863646e-01,3.229931899836e-09
1.356093844984e-03,1.697649081452e-08,1.625145458968e+00,9.999749626608e-01,3.262086480179e-09
1.359456361103e-03,1.710308794149e-08,1.625145458954e+00,9.999748383421e-01,3.294561386030e-09
1.362827214783e-03,1.723062796202e-08,1.625145458941e+00,9.999747134079e-01,3.327358989459e-09
1.366206426697e-03,1.735912038193e-08,1.625145458928e+00,9.999745878514e-01,3.360483777413e-09
1.369594017569e-03,1.748857049460e-08,1.625145458914e+00,9.999744616722e-01,3.393938074532e-09
1.372990008177e-03,1.761898500382e-08,1.625145458900e+00,9.999743348678e-01,3.427724932544e-09
1.376394419347e-03,1.775037381021e-08,1.625145458886e+00,9.999742074313e-01,3.461849068743e-09
1.379807271959e-03,1.788274120248e-08,1.625145458872e+00,9.999740793637e-01,3.496312293424e-09
1.383228586944e-03,1.801609568684e-08,1.625145458858e+00,9.999739506603e-01,3.531118610791e-09
1.386658385285e-03,1.815044546512e-08,1.625145458844e+00,9.999738213165e-01,3.566271877242e-09
1.390096688017e-03,1.828579587977e-08,1.625145458830e+00,9.999736913324e-01,3.601774456513e-09
1.393543516227e-03,1.842215661535e-08,1.625145458815e+00,9.999735607013e-01,3.637630993163e-09
1.396998891055e-03,1.855953409299e-08,1.625145458800e+00,9.999734294219e-01,3.673844426205e-09
1.400462833692e-03,1.869793475435e-08,1.625145458785e+00,9.999732974924e-01,3.710417704688e-09
1.403935365382e-03,1.883736951128e-08,1.625145458770e+00,9.999731649049e-01,3.747356148644e-09
1.407416507424e-03,1.897784291948e-08,1.625145458755e+00,9.999730316607e-01,3.784661720588e-09
1.410906281166e-03,1.911936345072e-08,1.625145458740e+00,9.999728977556e-01,3.822338459425e-09
1.414404708012e-03,1.926194064293e-08,1.625145458725e+00,9.999727631836e-01,3.860390983558e-09
1.417911809417e-03,1.940557975050e-08,1.625145458709e+00,9.999726279454e-01,3.898821630910e-09
1.421427606891e-03,1.955029062297e-08,1.625145458693e+00,9.999724920347e-01,3.937635199148e-09
1.424952121996e-03,1.969608092747e-08,1.625145458677e+00,9.999723554488e-01,3.976835327142e-09
1.428485376348e-03,1.984295707547e-08,1.625145458661e+00,9.999722181866e-01,4.016424979680e-09
1.432027391615e-03,1.999093020927e-08,1.625145458645e+00,9.999720802405e-01,4.056409678617e-09
1.435578189523e-03,2.014000603566e-08,1.625145458629e+00,9.999719416104e-01,4.096792019707e-09
1.439137791847e-03,2.029019266674e-08,1.625145458612e+00,9.999718022933e-01,4.137575899000e-09
1.442706220419e-03,2.044150110937e-08,1.625145458595e+00,9.999716622819e-01,4.178766796321e-09
1.446283497124e-03,2.059393649904e-08,1.625145458578e+00,9.999715215771e-01,4.220367003460e-09
1.449869643901e-03,2.074750883425e-08,1.625145458561e+00,9.999713801735e-01,4.262381464888e-09
1.453464682744e-03,2.090222715657e-08,1.625145458544e+00,9.999712380667e-01,4.304814614725e-09
1.457068635702e-03,2.105809781944e-08,1.625145458527e+00,9.999710952562e-01,4.347669416061e-09
1.460681524878e-03,2.121513218296e-08,1.625145458509e+00,9.999709517348e-01,4.390951589708e-09
1.464303372430e-03,2.137333722887e-08,1.625145458491e+00,9.999708075012e-01,4.434664455704e-09
1.467934200570e-03,2.153272063379e-08,1.625145458473e+00,9.999706625534e-01,4.478811716265e-09
1.471574031566e-03,2.169329501760e-08,1.625145458455e+00,9.999705168825e-01,4.523399823254e-09
1.475222887742e-03,2.185506536270e-08,1.625145458437e+00,9.999703704904e-01,4.568430998850e-09
1.478880791476e-03,2.201804179784e-08,1.625145458418e+00,9.999702233717e-01,4.613910325931e-09
1.482547765202e-03,2.218223487856e-08,1.625145458400e+00,9.999700755208e-01,4.659843140240e-09
1.486223831409e-03,2.234765086918e-08,1.625145458381e+00,9.999699269378e-01,4.706232382747e-09
1.489909012643e-03,2.251430133249e-08,1.625145458362e+00,9.999697776158e-01,4.753083968508e-09
1.493603331506e-03,2.268219465986e-08,1.625145458343e+00,9.999696275521e-01,4.800402043602e-09
1.497306810654e-03,2.285133845298e-08,1.625145458323e+00,9.999694767455e-01,4.848190309303e-09
1.501019472801e-03,2.302174576833e-08,1.625145458304e+00,9.999693251871e-01,4.896455558592e-09
1.504741340716e-03,2.319342272985e-08,1.625145458284e+00,9.999691728776e-01,4.945200670918e-09
1.508472437227e-03,2.336637913082e-08,1.625145458264e+00,9.999690198130e-01,4.994430605490e-09
1.512212785215e-03,2.354062719223e-08,1.625145458244e+00,9.999688659858e-01,5.044151718167e-09
1.515962407621e-03,2.371617305455e-08,1.625145458223e+00,9.999687113969e-01,5.094366904033e-09
1.519721327441e-03,2.389302846553e-08,1.625145458203e+00,9.999685560398e-01,5.145082265541e-09
1.523489567728e-03,2.407120337255e-08,1.625145458182e+00,9.999683999105e-01,5.196302888423e-09
1.527267151593e-03,2.425070532386e-08,1.625145458161e+00,9.999682430080e-01,5.248032481992e-09
1.531054102204e-03,2.443154764050e-08,1.625145458140e+00,9.999680853242e-01,5.300278089895e-09
1.534850442787e-03,2.461373788721e-08,1.625145458118e+00,9.999679268583e-01,5.353043444951e-09
1.538656196624e-03,2.479728538343e-08,1.625145458096e+00,9.999677676073e-01,5.406333293505e-09
1.542471387057e-03,2.498220417989e-08,1.625145458075e+00,9.999676075623e-01,5.460155143442e-09
1.546296037483e-03,2.516850025458e-08,1.625145458053e+00,9.999674467248e-01,5.514511816413e-09
1.550130171359e-03,2.535618551955e-08,1.625145458030e+00,9.999672850887e-01,5.569409592985e-09
1.553973812201e-03,2.554527163726e-08,1.625145458008e+00,9.999671226485e-01,5.624854625264e-09
1.557826983581e-03,2.573576606744e-08,1.625145457985e+00,9.999669594039e-01,5.680850606786e-09
1.561689709130e-03,2.592768237919e-08,1.625145457962e+00,9.999667953471e-01,5.737404827043e-09
1.565562012540e-03,2.612102973150e-08,1.625145457939e+00,9.999666304758e-01,5.794521993328e-09
1.569443917559e-03,2.631581712981e-08,1.625145457915e+00,9.999664647882e-01,5.852206721301e-09
1.573335447994e-03,2.651205986913e-08,1.625145457892e+00,9.999662982743e-01,5.910467364736e-09
1.577236627712e-03,2.670976448576e-08,1.625145457868e+00,9.999661309356e-01,5.969307092941e-09
1.581147480640e-03,2.690894277758e-08,1.625145457844e+00,9.999659627668e-01,6.028732201551e-09
1.585068030763e-03,2.710960829478e-08,1.625145457819e+00,9.999657937606e-01,6.088750050275e-09
1.588998302125e-03,2.731176836953e-08,1.625145457795e+00,9.999656239175e-01,6.149364289078e-09
1.592938318830e-03,2.751543679940e-08,1.625145457770e+00,9.999654532301e-01,6.210582445972e-09
1.596888105044e-03,2.772062450446e-08,1.625145457745e+00,9.999652816945e-01,6.272410338000e-09
1.600847684990e-03,2.792734044394e-08,1.625145457719e+00,9.999651093096e-01,6.334852602706e-09
1.604817082952e-03,2.813560023337e-08,1.625145457694e+00,9.999649360659e-01,6.397917909126e-09
1.608796323275e-03,2.834541203676e-08,1.625145457668e+00,9.999647619632e-01,6.461610431428e-09
1.612785430363e-03,2.855678713807e-08,1.625145457642e+00,9.999645869976e-01,6.525936233780e-09
1.616784428682e-03,2.876974116263e-08,1.625145457615e+00,9.999644111600e-01,6.590904040763e-09
1.620793342757e-03,2.898428127144e-08,1.625145457589e+00,9.999642344517e-01,6.656517426498e-09
1.624812197175e-03,2.920042146771e-08,1.625145457562e+00,9.999640568657e-01,6.722784147319e-09
1.628841016584e-03,2.941817461384e-08,1.625145457534e+00,9.999638783966e-01,6.789711280971e-09
1.632879825693e-03,2.963754958349e-08,1.625145457507e+00,9.999636990437e-01,6.857303459135e-09
1.636928649272e-03,2.985856229462e-08,1.625145457479e+00,9.999635187981e-01,6.925569661334e-09
1.640987512151e-03,3.008122271372e-08,1.625145457451e+00,9.999633376580e-01,6.994515210699e-09
1.645056439225e-03,3.030554150372e-08,1.625145457423e+00,9.999631556209e-01,7.064145859018e-09
1.649135455448e-03,3.053153656833e-08,1.625145457394e+00,9.999629726758e-01,7.134471870728e-09
1.653224585837e-03,3.075921484900e-08,1.625145457365e+00,9.999627888248e-01,7.205496706812e-09
1.657323855470e-03,3.098859052806e-08,1.625145457336e+00,9.999626040615e-01,7.277228338429e-09
1.661433289488e-03,3.121967860709e-08,1.625145457307e+00,9.999624183784e-01,7.349675272315e-09
1.665552913094e-03,3.145248783011e-08,1.625145457277e+00,9.999622317759e-01,7.422842101826e-09
1.669682751555e-03,3.168703439608e-08,1.625145457247e+00,9.999620442454e-01,7.496738109262e-09
1.673822830198e-03,3.192333026398e-08,1.625145457217e+00,9.999618557834e-01,7.571369927754e-09
1.677973174415e-03,3.216138605844e-08,1.625145457186e+00,9.999616663883e-01,7.646743348455e-09
1.682133809659e-03,3.240122007899e-08,1.625145457155e+00,9.999614760492e-01,7.722869036933e-09
1.686304761449e-03,3.264284109672e-08,1.625145457124e+00,9.999612847667e-01,7.799751631390e-09
1.690486055363e-03,3.288626274159e-08,1.625145457093e+00,9.999610925359e-01,7.877398856107e-09
1.694677717047e-03,3.313150236802e-08,1.625145457061e+00,9.999608993474e-01,7.955820834282e-09
1.698879772208e-03,3.337856854131e-08,1.625145457028e+00,9.999607052022e-01,8.035022083165e-09
1.703092246617e-03,3.362747771616e-08,1.625145456996e+00,9.999605100924e-01,8.115012176753e-09
1.707315166110e-03,3.387824405064e-08,1.625145456963e+00,9.999603140126e-01,8.195799237946e-09
1.711548556584e-03,3.413087808959e-08,1.625145456930e+00,9.999601169620e-01,8.277389066740e-09
1.715792444005e-03,3.438539850021e-08,1.625145456897e+00,9.999599189300e-01,8.359792720063e-09
1.720046854399e-03,3.464181609076e-08,1.625145456863e+00,9.999597199158e-01,8.443016190042e-09
1.724311813860e-03,3.490014381488e-08,1.625145456829e+00,9.999595199157e-01,8.527066857184e-09
1.728587348543e-03,3.516040161165e-08,1.625145456794e+00,9.999593189183e-01,8.611956669817e-09
1.732873484672e-03,3.542259781302e-08,1.625145456759e+00,9.999591169256e-01,8.697690025339e-09
1.737170248532e-03,3.568674910006e-08,1.625145456724e+00,9.999589139301e-01,8.784276774469e-09
1.741477666476e-03,3.595287205430e-08,1.625145456689e+00,9.999587099246e-01,8.871726730394e-09
1.745795764922e-03,3.622097709124e-08,1.625145456653e+00,9.999585049090e-01,8.960045664068e-09
1.750124570352e-03,3.649108322222e-08,1.625145456616e+00,9.999582988733e-01,9.049245015842e-09
1.754464109315e-03,3.676320350914e-08,1.625145456580e+00,9.999580918147e-01,9.139332323439e-09
1.758814408426e-03,3.703735054107e-08,1.625145456543e+00,9.999578837308e-01,9.230314810553e-09
1.763175494364e-03,3.731354575645e-08,1.625145456505e+00,9.999576746094e-01,9.322205594430e-09
1.767547393877e-03,3.759179852990e-08,1.625145456468e+00,9.999574644520e-01,9.415009790472e-09
1.771930133778e-03,3.787212528935e-08,1.625145456430e+00,9.999572532522e-01,9.508737210603e-09
1.776323740945e-03,3.815454528342e-08,1.625145456391e+00,9.999570410006e-01,9.603399581736e-09
1.780728242324e-03,3.843906874296e-08,1.625145456352e+00,9.999568276980e-01,9.699002601602e-09
1.785143664930e-03,3.872571499561e-08,1.625145456313e+00,9.999566133351e-01,9.795558082070e-09
1.789570035841e-03,3.901449959233e-08,1.625145456274e+00,9.999563979070e-01,9.893075320523e-09
1.794007382204e-03,3.930543505193e-08,1.625145456234e+00,9.999561814121e-01,9.991561570536e-09
1.798455731235e-03,3.959854325858e-08,1.625145456193e+00,9.999559638388e-01,1.009103044177e-08
1.802915110213e-03,3.989383588845e-08,1.625145456152e+00,9.999557451866e-01,1.019148864414e-08
1.807385546490e-03,4.019132863541e-08,1.625145456111e+00,9.999555254509e-01,1.029294561478e-08
1.811867067482e-03,4.049104367953e-08,1.625145456069e+00,9.999553046199e-01,1.039541524313e-08
1.816359700674e-03,4.079299100535e-08,1.625145456027e+00,9.999550826954e-01,1.049890310243e-08
1.820863473620e-03,4.109719022434e-08,1.625145455985e+00,9.999548596687e-01,1.060342135959e-08
1.825378413942e-03,4.140365963224e-08,1.625145455942e+00,9.999546355328e-01,1.070898131051e-08
1.829904549329e-03,4.171241162189e-08,1.625145455899e+00,9.999544102870e-01,1.081559019450e-08
1.834441907541e-03,4.202346849740e-08,1.625145455855e+00,9.999541839201e-01,1.092326210571e-08
1.838990516404e-03,4.233684448315e-08,1.625145455811e+00,9.999539564298e-01,1.103200557663e-08
1.843550403817e-03,4.265255448409e-08,1.625145455766e+00,9.999537278130e-01,1.114182960847e-08
1.848121597744e-03,4.297062360876e-08,1.625145455721e+00,9.999534980559e-01,1.125275032820e-08
1.852704126221e-03,4.329106181663e-08,1.625145455676e+00,9.999532671610e-01,1.136477332712e-08
1.857298017353e-03,4.361388886878e-08,1.625145455630e+00,9.999530351204e-01,1.147791103823e-08
1.861903299313e-03,4.393912608347e-08,1.625145455583e+00,9.999528019247e-01,1.159217702220e-08
1.866520000347e-03,4.426678566522e-08,1.625145455536e+00,9.999525675742e-01,1.170757845247e-08
1.871148148768e-03,4.459689030756e-08,1.625145455489e+00,9.999523320584e-01,1.182412989508e-08
1.875787772961e-03,4.492945705121e-08,1.625145455441e+00,9.999520953727e-01,1.194184195995e-08
1.880438901381e-03,4.526450074515e-08,1.625145455393e+00,9.999518575151e-01,1.206072370756e-08
1.885101562553e-03,4.560204703692e-08,1.625145455344e+00,9.999516184720e-01,1.218079188341e-08
1.889775785073e-03,4.594210848530e-08,1.625145455295e+00,9.999513782441e-01,1.230205395547e-08
1.894461597609e-03,4.628470405755e-08,1.625145455245e+00,9.999511368252e-01,1.242452195287e-08
1.899159028899e-03,4.662985839590e-08,1.625145455195e+00,9.999508942035e-01,1.254821199765e-08
1.903868107751e-03,4.697758344708e-08,1.625145455144e+00,9.999506503804e-01,1.267313113733e-08
1.908588863047e-03,4.732790225811e-08,1.625145455093e+00,9.999504053459e-01,1.279929439189e-08
1.913321323739e-03,4.768083497758e-08,1.625145455041e+00,9.999501590931e-01,1.292671473317e-08
1.918065518852e-03,4.803639633579e-08,1.625145454989e+00,9.999499116210e-01,1.305540122953e-08
1.922821477481e-03,4.839461249116e-08,1.625145454936e+00,9.999496629166e-01,1.318537123743e-08
1.927589228796e-03,4.875549888272e-08,1.625145454883e+00,9.999494129785e-01,1.331663437286e-08
1.932368802036e-03,4.911907351267e-08,1.625145454829e+00,9.999491618024e-01,1.344920211005e-08
1.937160226515e-03,4.948536467424e-08,1.625145454774e+00,9.999489093736e-01,1.358309346250e-08
1.941963531619e-03,4.985438397909e-08,1.625145454719e+00,9.999486556950e-01,1.371831528233e-08
1.946778746806e-03,5.022615478605e-08,1.625145454664e+00,9.999484007570e-01,1.385488301937e-08
1.951605901608e-03,5.060070066809e-08,1.625145454608e+00,9.999481445505e-01,1.399281232461e-08
1.956445025631e-03,5.097803616672e-08,1.625145454551e+00,9.999478870753e-01,1.413211221404e-08
1.961296148552e-03,5.135818791772e-08,1.625145454494e+00,9.999476283192e-01,1.427280064207e-08
1.966159300123e-03,5.174117454585e-08,1.625145454436e+00,9.999473682783e-01,1.441488967600e-08
1.971034510171e-03,5.212701364903e-08,1.625145454378e+00,9.999471069498e-01,1.455839062055e-08
1.975921808595e-03,5.251573527629e-08,1.625145454319e+00,9.999468443184e-01,1.470332407222e-08
1.980821225369e-03,5.290735286827e-08,1.625145454260e+00,9.999465803858e-01,1.484969828321e-08
1.985732790541e-03,5.330188929744e-08,1.625145454200e+00,9.999463151442e-01,1.499752854347e-08
1.990656534234e-03,5.369937190494e-08,1.625145454139e+00,9.999460485815e-01,1.514683353667e-08
1.995592486645e-03,5.409981496516e-08,1.625145454078e+00,9.999457806989e-01,1.529762215622e-08
2.000540678047e-03,5.450324555167e-08,1.625145454016e+00,9.999455114848e-01,1.544991293509e-08
2.005501138786e-03,5.490968580711e-08,1.625145453953e+00,9.999452409328e-01,1.560372073072e-08
2.010473899285e-03,5.531915322320e-08,1.625145453890e+00,9.999449690411e-01,1.575905688761e-08
2.015458990043e-03,5.573167846868e-08,1.625145453827e+00,9.999446957951e-01,1.591594277134e-08
2.020456441632e-03,5.614727823857e-08,1.625145453762e+00,9.999444211941e-01,1.607438916413e-08
2.025466284703e-03,5.656597435699e-08,1.625145453697e+00,9.999441452324e-01,1.623441074955e-08
2.030488549981e-03,5.698779830612e-08,1.625145453631e+00,9.999438678949e-01,1.639602963752e-08
2.035523268267e-03,5.741276400612e-08,1.625145453565e+00,9.999435891843e-01,1.655925451740e-08
2.040570470439e-03,5.784089892214e-08,1.625145453498e+00,9.999433090895e-01,1.672410447416e-08
2.045630187452e-03,5.827222907555e-08,1.625145453431e+00,9.999430276015e-01,1.689059753329e-08
2.050702450337e-03,5.870677177295e-08,1.625145453362e+00,9.999427447197e-01,1.705874500887e-08
2.055787290202e-03,5.914455826611e-08,1.625145453293e+00,9.999424604301e-01,1.722856902238e-08
2.060884738234e-03,5.958560885241e-08,1.625145453224e+00,9.999421747294e-01,1.740008324711e-08
2.065994825694e-03,6.002994437100e-08,1.625145453153e+00,9.999418876140e-01,1.757330177292e-08
2.071117583922e-03,6.047760001746e-08,1.625145453082e+00,9.999415990666e-01,1.774824992423e-08
2.076253044337e-03,6.092859009300e-08,1.625145453010e+00,9.999413090902e-01,1.792493674194e-08
2.081401238435e-03,6.138294212353e-08,1.625145452938e+00,9.999410176750e-01,1.810338161158e-08
2.086562197789e-03,6.184068640096e-08,1.625145452865e+00,9.999407248090e-01,1.828360614794e-08
2.091735954052e-03,6.230183995858e-08,1.625145452791e+00,9.999404304928e-01,1.846562155266e-08
2.096922538954e-03,6.276643458769e-08,1.625145452716e+00,9.999401347132e-01,1.864945068255e-08
2.102121984305e-03,6.323449456646e-08,1.625145452641e+00,9.999398374642e-01,1.883511050528e-08
2.107334321992e-03,6.370604064679e-08,1.625145452564e+00,9.999395387433e-01,1.902261519535e-08
2.112559583984e-03,6.418110877411e-08,1.625145452487e+00,9.999392385339e-01,1.921199104357e-08
2.117797802327e-03,6.465971692536e-08,1.625145452410e+00,9.999389368363e-01,1.940325006907e-08
2.123049009147e-03,6.514189149168e-08,1.625145452331e+00,9.999386336432e-01,1.959641100191e-08
2.128313236649e-03,6.562766746082e-08,1.625145452252e+00,9.999383289392e-01,1.979149951541e-08
2.133590517120e-03,6.611706149450e-08,1.625145452172e+00,9.999380227265e-01,1.998852660334e-08
2.138880882924e-03,6.661010587246e-08,1.625145452091e+00,9.999377149925e-01,2.018751582885e-08
2.144184366509e-03,6.710682926496e-08,1.625145452009e+00,9.999374057284e-01,2.038848790409e-08
2.149501000399e-03,6.760725224790e-08,1.625145451927e+00,9.999370949330e-01,2.059145700644e-08
2.154830817202e-03,6.811141147649e-08,1.625145451844e+00,9.999367825901e-01,2.079645038042e-08
2.160173849606e-03,6.861932899978e-08,1.625145451760e+00,9.999364686976e-01,2.100348345284e-08
2.165530130379e-03,6.913102983213e-08,1.625145451675e+00,9.999361532505e-01,2.121257405860e-08
2.170899692373e-03,6.964655411846e-08,1.625145451589e+00,9.999358362301e-01,2.142375245173e-08
2.176282568517e-03,7.016591803961e-08,1.625145451502e+00,9.999355176400e-01,2.163702930775e-08
2.181678791827e-03,7.068915430452e-08,1.625145451415e+00,9.999351974685e-01,2.185242885732e-08
2.187088395396e-03,7.121629642216e-08,1.625145451326e+00,9.999348757036e-01,2.206997605905e-08
2.192511412402e-03,7.174736469318e-08,1.625145451237e+00,9.999345523455e-01,2.228968499741e-08
2.197947876104e-03,7.228239643479e-08,1.625145451147e+00,9.999342273789e-01,2.251158384919e-08
2.203397819845e-03,7.282141819928e-08,1.625145451056e+00,9.999339007985e-01,2.273569192901e-08
2.208861277048e-03,7.336445458521e-08,1.625145450964e+00,9.999335726011e-01,2.296202692702e-08
2.214338281222e-03,7.391154770979e-08,1.625145450871e+00,9.999332427675e-01,2.319062118296e-08
2.219828865956e-03,7.446271683680e-08,1.625145450777e+00,9.999329112996e-01,2.342148800265e-08
2.225333064925e-03,7.501799380761e-08,1.625145450682e+00,9.999325781880e-01,2.365465120898e-08
2.230850911885e-03,7.557741745483e-08,1.625145450587e+00,9.999322434170e-01,2.389014056633e-08
2.236382440679e-03,7.614100769308e-08,1.625145450490e+00,9.999319069884e-01,2.412796995462e-08
2.241927685230e-03,7.670880244529e-08,1.625145450393e+00,9.999315688878e-01,2.436816845153e-08
2.247486679548e-03,7.728083323565e-08,1.625145450294e+00,9.999312291068e-01,2.461075979555e-08
2.253059457727e-03,7.785712450290e-08,1.625145450194e+00,9.999308876433e-01,2.485576172808e-08
2.258646053943e-03,7.843771922579e-08,1.625145450094e+00,9.999305444790e-01,2.510320778982e-08
2.264246502460e-03,7.902264126959e-08,1.625145449992e+00,9.999301996128e-01,2.535311530099e-08
2.269860837626e-03,7.961192097881e-08,1.625145449890e+00,9.999298530380e-01,2.560550710390e-08
2.275489093873e-03,8.020560303581e-08,1.625145449786e+00,9.999295047353e-01,2.586041839130e-08
2.281131305719e-03,8.080370684588e-08,1.625145449682e+00,9.999291547079e-01,2.611786270918e-08
2.286787507768e-03,8.140627087206e-08,1.625145449576e+00,9.999288029425e-01,2.637786999323e-08
2.292457734710e-03,8.201333211953e-08,1.625145449469e+00,9.999284494271e-01,2.664046900380e-08
2.298142021320e-03,8.262491475552e-08,1.625145449362e+00,9.999280941613e-01,2.690567742184e-08
2.303840402460e-03,8.324106256803e-08,1.625145449253e+00,9.999277371276e-01,2.717352996728e-08
2.309552913078e-03,8.386180451490e-08,1.625145449143e+00,9.999273783215e-01,2.744404854608e-08
2.315279588210e-03,8.448716973079e-08,1.625145449032e+00,9.999270177389e-01,2.771725521225e-08
2.321020462976e-03,8.511720754986e-08,1.625145448920e+00,9.999266553579e-01,2.799318973235e-08
2.326775572586e-03,8.575193849969e-08,1.625145448807e+00,9.999262911821e-01,2.827186671626e-08
2.332544952336e-03,8.639140091794e-08,1.625145448692e+00,9.999259251996e-01,2.855331638589e-08
2.338328637609e-03,8.703563784364e-08,1.625145448577e+00,9.999255573948e-01,2.883757318997e-08
2.344126663877e-03,8.768467304770e-08,1.625145448460e+00,9.999251877687e-01,2.912465461854e-08
2.349939066700e-03,8.833855106544e-08,1.625145448342e+00,9.999248163050e-01,2.941459653730e-08
2.355765881724e-03,8.899730648127e-08,1.625145448223e+00,9.999244429957e-01,2.970742607620e-08
2.361607144686e-03,8.966096829515e-08,1.625145448103e+00,9.999240678379e-01,3.000316540882e-08
2.367462891410e-03,9.032958688428e-08,1.625145447982e+00,9.999236908108e-01,3.030185581143e-08
2.373333157810e-03,9.100318797400e-08,1.625145447859e+00,9.999233119146e-01,3.060351662017e-08
2.379217979888e-03,9.168180828026e-08,1.625145447735e+00,9.999229311404e-01,3.090817699397e-08
2.385117393736e-03,9.236549747588e-08,1.625145447610e+00,9.999225484685e-01,3.121587781223e-08
2.391031435535e-03,9.305427879645e-08,1.625145447484e+00,9.999221639018e-01,3.152663622252e-08
2.396960141555e-03,9.374819745204e-08,1.625145447357e+00,9.999217774248e-01,3.184048918935e-08
2.402903548158e-03,9.444729423389e-08,1.625145447228e+00,9.999213890260e-01,3.215746977893e-08
2.408861691795e-03,9.515159788162e-08,1.625145447098e+00,9.999209987039e-01,3.247760015431e-08
2.414834609006e-03,9.586115975837e-08,1.625145446966e+00,9.999206064387e-01,3.280092308026e-08
2.420822336424e-03,9.657601134661e-08,1.625145446834e+00,9.999202122271e-01,3.312746329890e-08
2.426824910772e-03,9.729618739840e-08,1.625145446700e+00,9.999198160634e-01,3.345724852574e-08
2.432842368864e-03,9.802174487121e-08,1.625145446564e+00,9.999194179236e-01,3.379032689687e-08
2.438874747604e-03,9.875270631072e-08,1.625145446428e+00,9.999190178123e-01,3.412671504208e-08
2.444922083990e-03,9.948911751751e-08,1.625145446290e+00,9.999186157153e-01,3.446645096221e-08
2.450984415109e-03,1.002310261199e-07,1.625145446150e+00,9.999182116169e-01,3.480957445394e-08
2.457061778142e-03,1.009784604566e-07,1.625145446010e+00,9.999178055177e-01,3.515610751748e-08
2.463154210362e-03,1.017314728087e-07,1.625145445867e+00,9.999173973985e-01,3.550609437102e-08
2.469261749133e-03,1.024901010242e-07,1.625145445724e+00,9.999169872525e-01,3.585956592247e-08
2.475384431914e-03,1.032543794855e-07,1.625145445579e+00,9.999165750756e-01,3.621654985251e-08
2.481522296254e-03,1.040243672238e-07,1.625145445432e+00,9.999161608442e-01,3.657709693854e-08
2.487675379797e-03,1.048000918399e-07,1.625145445284e+00,9.999157445600e-01,3.694122862463e-08
2.493843720280e-03,1.055815976556e-07,1.625145445135e+00,9.999153262117e-01,3.730898202303e-08
2.500027355535e-03,1.063689398205e-07,1.625145444984e+00,9.999149057793e-01,3.768040454575e-08
2.506226323483e-03,1.071621461157e-07,1.625145444832e+00,9.999144832650e-01,3.805551785270e-08
2.512440662146e-03,1.079612696601e-07,1.625145444678e+00,9.999140586512e-01,3.843436756464e-08
2.518670409634e-03,1.087663553285e-07,1.625145444522e+00,9.999136319267e-01,3.881699160353e-08
2.524915604155e-03,1.095774372637e-07,1.625145444365e+00,9.999132030892e-01,3.920341771270e-08
2.531176284011e-03,1.103945756946e-07,1.625145444207e+00,9.999127721160e-01,3.959369854478e-08
2.537452487598e-03,1.112178047281e-07,1.625145444046e+00,9.999123390051e-01,3.998786191322e-08
2.543744253410e-03,1.120471665491e-07,1.625145443885e+00,9.999119037487e-01,4.038594334560e-08
2.550051620032e-03,1.128827245705e-07,1.625145443721e+00,9.999114663219e-01,4.078799885416e-08
2.556374626148e-03,1.137245058416e-07,1.625145443556e+00,9.999110267293e-01,4.119404955304e-08
2.562713310538e-03,1.145725642259e-07,1.625145443390e+00,9.999105849540e-01,4.160414239638e-08
2.569067712077e-03,1.154269523431e-07,1.625145443222e+00,9.999101409809e-01,4.201832326636e-08
2.575437869736e-03,1.162877039386e-07,1.625145443052e+00,9.999096948093e-01,4.243661979132e-08
2.581823822583e-03,1.171548803642e-07,1.625145442880e+00,9.999092464177e-01,4.285908646331e-08
2.588225609784e-03,1.180285229259e-07,1.625145442707e+00,9.999087958001e-01,4.328575836934e-08
2.594643270600e-03,1.189086723542e-07,1.625145442531e+00,9.999083429513e-01,4.371667002724e-08
2.601076844392e-03,1.197953978005e-07,1.625145442355e+00,9.999078878442e-01,4.415188388053e-08
2.607526370616e-03,1.206887287182e-07,1.625145442176e+00,9.999074304827e-01,4.459142352499e-08
2.613991888828e-03,1.215887184976e-07,1.625145441996e+00,9.999069708525e-01,4.503533606985e-08
2.620473438681e-03,1.224954282835e-07,1.625145441814e+00,9.999065089335e-01,4.548367641210e-08
2.626971059925e-03,1.234088912472e-07,1.625145441630e+00,9.999060447272e-01,4.593647185764e-08
2.633484792412e-03,1.243291697753e-07,1.625145441444e+00,9.999055782132e-01,4.639377868348e-08
2.640014676090e-03,1.252563131263e-07,1.625145441256e+00,9.999051093812e-01,4.685564026026e-08
2.646560751006e-03,1.261903618246e-07,1.625145441067e+00,9.999046382277e-01,4.732209127242e-08
2.653123057308e-03,1.271313864720e-07,1.625145440875e+00,9.999041647268e-01,4.779319652185e-08
2.659701635242e-03,1.280794238720e-07,1.625145440682e+00,9.999036888784e-01,4.826898710416e-08
2.666296525156e-03,1.290345250978e-07,1.625145440487e+00,9.999032106715e-01,4.874950840613e-08
2.672907767495e-03,1.299967606654e-07,1.625145440290e+00,9.999027300813e-01,4.923482551383e-08
2.679535402807e-03,1.309661629755e-07,1.625145440090e+00,9.999022471113e-01,4.972496516990e-08
2.686179471738e-03,1.319427953463e-07,1.625145439889e+00,9.999017617425e-01,5.021998536041e-08
2.692840015037e-03,1.329267158078e-07,1.625145439686e+00,9.999012739598e-01,5.071993886672e-08
2.699517073553e-03,1.339179644999e-07,1.625145439481e+00,9.999007837618e-01,5.122486033287e-08
2.706210688237e-03,1.349166133940e-07,1.625145439274e+00,9.999002911237e-01,5.173481688370e-08
2.712920900140e-03,1.359227074326e-07,1.625145439065e+00,9.998997960409e-01,5.224984819062e-08
2.719647750416e-03,1.369362948882e-07,1.625145438853e+00,9.998992985067e-01,5.276999731404e-08
2.726391280322e-03,1.379574565664e-07,1.625145438640e+00,9.998987984905e-01,5.329534083573e-08
2.733151531215e-03,1.389862238784e-07,1.625145438424e+00,9.998982959984e-01,5.382590465675e-08
2.739928544556e-03,1.400226609545e-07,1.625145438207e+00,9.998977910127e-01,5.436174837168e-08
2.746722361909e-03,1.410668354850e-07,1.625145437987e+00,9.998972835133e-01,5.490293542917e-08
2.753533024940e-03,1.421187870272e-07,1.625145437765e+00,9.998967735010e-01,5.544950019066e-08
2.760360575419e-03,1.431785888246e-07,1.625145437540e+00,9.998962609522e-01,5.600151204663e-08
2.767205055219e-03,1.442462948174e-07,1.625145437314e+00,9.998957458577e-01,5.655902044668e-08
2.774066506317e-03,1.453219530613e-07,1.625145437085e+00,9.998952282126e-01,5.712206870145e-08
2.780944970796e-03,1.464056462926e-07,1.625145436854e+00,9.998947079875e-01,5.769073653608e-08
2.787840490841e-03,1.474974140447e-07,1.625145436621e+00,9.998941851842e-01,5.826505849479e-08
2.794753108741e-03,1.485973180042e-07,1.625145436385e+00,9.998936597887e-01,5.884509238356e-08
2.801682866893e-03,1.497054364872e-07,1.625145436147e+00,9.998931317757e-01,5.943091371815e-08
2.808629807796e-03,1.508218082459e-07,1.625145435907e+00,9.998926011482e-01,6.002255629550e-08
2.815593974056e-03,1.519465076827e-07,1.625145435664e+00,9.998920678840e-01,6.062009168922e-08
2.822575408385e-03,1.530795986683e-07,1.625145435419e+00,9.998915319688e-01,6.122358046941e-08
2.829574153599e-03,1.542211289009e-07,1.625145435171e+00,9.998909934000e-01,6.183306601688e-08
2.836590252622e-03,1.553711827810e-07,1.625145434921e+00,9.998904521493e-01,6.244863098455e-08
2.843623748484e-03,1.565298090411e-07,1.625145434668e+00,9.998899082137e-01,6.307032002210e-08
2.850674684322e-03,1.576970663180e-07,1.625145434413e+00,9.998893615836e-01,6.369818837607e-08
2.857743103378e-03,1.588730446003e-07,1.625145434156e+00,9.998888122278e-01,6.433232518748e-08
2.864829049004e-03,1.600577815890e-07,1.625145433895e+00,9.998882601518e-01,6.497276336228e-08
2.871932564657e-03,1.612513527123e-07,1.625145433633e+00,9.998877053349e-01,6.561957654572e-08
2.879053693904e-03,1.624538327853e-07,1.625145433367e+00,9.998871477575e-01,6.627283792558e-08
2.886192480419e-03,1.636652689248e-07,1.625145433099e+00,9.998865874192e-01,6.693259067017e-08
2.893348967983e-03,1.648857470896e-07,1.625145432828e+00,9.998860242930e-01,6.759892030129e-08
2.900523200488e-03,1.661153261887e-07,1.625145432555e+00,9.998854583710e-01,6.827188300514e-08
2.907715221934e-03,1.673540631615e-07,1.625145432279e+00,9.998848896468e-01,6.895153280395e-08
2.914925076428e-03,1.686020549349e-07,1.625145432000e+00,9.998843180867e-01,6.963796774800e-08
2.922152808190e-03,1.698593437546e-07,1.625145431718e+00,9.998837436952e-01,7.033122592474e-08
2.929398461546e-03,1.711260039648e-07,1.625145431434e+00,9.998831664547e-01,7.103138075678e-08
2.936662080935e-03,1.724021224255e-07,1.625145431147e+00,9.998825863394e-01,7.173851971792e-08
2.943943710905e-03,1.736877454221e-07,1.625145430856e+00,9.998820033516e-01,7.245268543433e-08
2.951243396113e-03,1.749829603463e-07,1.625145430563e+00,9.998814174659e-01,7.317396620810e-08
2.958561181329e-03,1.762878373470e-07,1.625145430267e+00,9.998808286687e-01,7.390243136031e-08
2.965897111433e-03,1.776024330497e-07,1.625145429969e+00,9.998802369561e-01,7.463813514136e-08
2.973251231416e-03,1.789268463987e-07,1.625145429667e+00,9.998796422956e-01,7.538117928513e-08
2.980623586381e-03,1.802611300322e-07,1.625145429362e+00,9.998790446866e-01,7.613161377988e-08
2.988014221543e-03,1.816053549849e-07,1.625145429054e+00,9.998784441160e-01,7.688950925902e-08
2.995423182229e-03,1.829596213551e-07,1.625145428743e+00,9.998778405519e-01,7.765496934013e-08
3.002850513878e-03,1.843239743191e-07,1.625145428429e+00,9.998772339992e-01,7.842803572457e-08
3.010296262041e-03,1.856985025545e-07,1.625145428112e+00,9.998766244340e-01,7.920879937216e-08
3.017760472384e-03,1.870832886056e-07,1.625145427791e+00,9.998760118370e-01,7.999734452226e-08
3.025243190685e-03,1.884783885319e-07,1.625145427468e+00,9.998753962067e-01,8.079372532411e-08
3.032744462836e-03,1.898839031791e-07,1.625145427141e+00,9.998747775122e-01,8.159804713634e-08
3.040264334840e-03,1.912998966923e-07,1.625145426811e+00,9.998741557472e-01,8.241037355100e-08
3.047802852820e-03,1.927264364833e-07,1.625145426477e+00,9.998735309035e-01,8.323077188109e-08
3.055360063007e-03,1.941636360712e-07,1.625145426141e+00,9.998729029430e-01,8.405936267293e-08
3.062936011750e-03,1.956115403271e-07,1.625145425801e+00,9.998722718728e-01,8.489618754305e-08
3.070530745514e-03,1.970702386735e-07,1.625145425457e+00,9.998716376711e-01,8.574133951992e-08
3.078144310876e-03,1.985398273043e-07,1.625145425111e+00,9.998710003124e-01,8.659491974936e-08
3.085776754530e-03,2.000203614321e-07,1.625145424760e+00,9.998703597976e-01,8.745698189433e-08
3.093428123287e-03,2.015119436661e-07,1.625145424407e+00,9.998697160977e-01,8.832763484461e-08
3.101098464072e-03,2.030146508690e-07,1.625145424049e+00,9.998690692003e-01,8.920695769885e-08
3.108787823927e-03,2.045285502039e-07,1.625145423689e+00,9.998684190998e-01,9.009501821876e-08
3.116496250012e-03,2.060537576292e-07,1.625145423324e+00,9.998677657593e-01,9.099194157746e-08
3.124223789602e-03,2.075903297531e-07,1.625145422956e+00,9.998671091806e-01,9.189778339792e-08
3.131970490091e-03,2.091383524192e-07,1.625145422584e+00,9.998664493468e-01,9.281263370422e-08
3.139736398989e-03,2.106979368328e-07,1.625145422209e+00,9.998657862253e-01,9.373661276325e-08
3.147521563924e-03,2.122691370456e-07,1.625145421830e+00,9.998651198203e-01,9.466977330362e-08
3.155326032644e-03,2.138520572683e-07,1.625145421447e+00,9.998644501043e-01,9.561222761274e-08
3.163149853012e-03,2.154467883982e-07,1.625145421060e+00,9.998637770587e-01,9.656407241991e-08
3.170993073012e-03,2.170533970662e-07,1.625145420670e+00,9.998631006804e-01,9.752537555224e-08
3.178855740747e-03,2.186720015436e-07,1.625145420275e+00,9.998624209342e-01,9.849626675355e-08
3.186737904440e-03,2.203026714442e-07,1.625145419877e+00,9.998617378159e-01,9.947681767925e-08
3.194639612430e-03,2.219454882599e-07,1.625145419475e+00,9.998610513140e-01,1.004671142220e-07
3.202560913180e-03,2.236005796842e-07,1.625145419068e+00,9.998603613884e-01,1.014672982343e-07
3.210501855270e-03,2.252679982593e-07,1.625145418658e+00,9.998596680467e-01,1.024774209921e-07
3.218462487404e-03,2.269478496089e-07,1.625145418243e+00,9.998589712631e-01,1.034975980008e-07
3.226442858403e-03,2.286402400950e-07,1.625145417825e+00,9.998582710123e-01,1.045279459892e-07
3.234443017211e-03,2.303452354996e-07,1.625145417402e+00,9.998575672941e-01,1.055685324003e-07
3.242463012893e-03,2.320629562555e-07,1.625145416975e+00,9.998568600750e-01,1.066194914517e-07
3.250502894636e-03,2.337934863624e-07,1.625145416544e+00,9.998561493443e-01,1.076809130963e-07
3.258562711748e-03,2.355369054145e-07,1.625145416108e+00,9.998554350944e-01,1.087528818765e-07
3.266642513661e-03,2.372933492693e-07,1.625145415668e+00,9.998547172834e-01,1.098355517501e-07
3.274742349928e-03,2.390628784983e-07,1.625145415224e+00,9.998539959160e-01,1.109289841644e-07
3.282862270226e-03,2.408455966124e-07,1.625145414775e+00,9.998532709710e-01,1.120332935365e-07
3.291002324353e-03,2.426416269903e-07,1.625145414322e+00,9.998525424153e-01,1.131486192342e-07
3.299162562233e-03,2.444510342120e-07,1.625145413865e+00,9.998518102521e-01,1.142750277925e-07
3.307343033914e-03,2.462739406931e-07,1.625145413402e+00,9.998510744497e-01,1.154126577590e-07
3.315543789564e-03,2.481104463193e-07,1.625145412936e+00,9.998503349905e-01,1.165616199131e-07
3.323764879481e-03,2.499606302100e-07,1.625145412464e+00,9.998495918699e-01,1.177219991027e-07
3.332006354085e-03,2.518246310274e-07,1.625145411988e+00,9.998488450475e-01,1.188939550384e-07
3.340268263919e-03,2.537025240384e-07,1.625145411507e+00,9.998480945218e-01,1.200775680511e-07
3.348550659655e-03,2.555944080265e-07,1.625145411021e+00,9.998473402770e-01,1.212729480445e-07
3.356853592088e-03,2.575004250722e-07,1.625145410531e+00,9.998465822724e-01,1.224802599643e-07
3.365177112141e-03,2.594206381596e-07,1.625145410036e+00,9.998458205143e-01,1.236995688295e-07
3.373521270862e-03,2.613551714789e-07,1.625145409535e+00,9.998450549734e-01,1.249310173197e-07
3.381886119425e-03,2.633041424317e-07,1.625145409030e+00,9.998442856246e-01,1.261747398629e-07
3.390271709133e-03,2.652676293057e-07,1.625145408520e+00,9.998435124662e-01,1.274308210884e-07
3.398678091414e-03,2.672457734032e-07,1.625145408004e+00,9.998427354600e-01,1.286994263622e-07
3.407105317824e-03,2.692386662577e-07,1.625145407484e+00,9.998419545971e-01,1.299806575942e-07
3.415553440049e-03,2.712464021209e-07,1.625145406958e+00,9.998411698679e-01,1.312746201523e-07
3.424022509899e-03,2.732691401172e-07,1.625145406427e+00,9.998403812245e-01,1.325815033326e-07
3.432512579317e-03,2.753069446823e-07,1.625145405891e+00,9.998395886755e-01,1.339013744332e-07
3.441023700372e-03,2.773599403780e-07,1.625145405349e+00,9.998387921941e-01,1.352343785071e-07
3.449555925263e-03,2.794282638918e-07,1.625145404802e+00,9.998379917474e-01,1.365806767762e-07
3.458109306317e-03,2.815119922820e-07,1.625145404250e+00,9.998371873372e-01,1.379403530387e-07
3.466683895994e-03,2.836112692938e-07,1.625145403692e+00,9.998363789271e-01,1.393135781637e-07
3.475279746881e-03,2.857262044373e-07,1.625145403128e+00,9.998355665010e-01,1.407004786511e-07
3.483896911696e-03,2.878568915754e-07,1.625145402559e+00,9.998347500521e-01,1.421011605106e-07
3.492535443288e-03,2.900034932262e-07,1.625145401984e+00,9.998339295346e-01,1.435158202672e-07
3.501195394639e-03,2.921660904231e-07,1.625145401404e+00,9.998331049499e-01,1.449445474472e-07
3.509876818858e-03,2.943448026118e-07,1.625145400818e+00,9.998322762776e-01,1.463874822268e-07
3.518579769191e-03,2.965397876866e-07,1.625145400226e+00,9.998314434760e-01,1.478448161258e-07
3.527304299011e-03,2.987511210322e-07,1.625145399628e+00,9.998306065507e-01,1.493166313995e-07
3.536050461827e-03,3.009789486073e-07,1.625145399024e+00,9.998297654675e-01,1.508031042035e-07
3.544818311279e-03,3.032233997555e-07,1.625145398414e+00,9.998289202023e-01,1.523043889891e-07
3.553607901140e-03,3.054845675504e-07,1.625145397798e+00,9.998280707517e-01,1.538205917976e-07
3.562419285317e-03,3.077626177234e-07,1.625145397176e+00,9.998272170718e-01,1.553519162890e-07
3.571252517850e-03,3.100576496957e-07,1.625145396547e+00,9.998263591565e-01,1.568984774243e-07
3.580107652913e-03,3.123697767041e-07,1.625145395913e+00,9.998254969923e-01,1.584604087140e-07
3.588984744816e-03,3.146991799333e-07,1.625145395272e+00,9.998246305280e-01,1.600379358746e-07
3.597883848001e-03,3.170459326015e-07,1.625145394624e+00,9.998237597732e-01,1.616311387950e-07
3.606805017047e-03,3.194101826127e-07,1.625145393971e+00,9.998228846965e-01,1.632401986283e-07
3.615748306667e-03,3.217920811620e-07,1.625145393310e+00,9.998220052648e-01,1.648653015250e-07
3.624713771711e-03,3.241917200856e-07,1.625145392644e+00,9.998211214785e-01,1.665065528435e-07
3.633701467163e-03,3.266092681122e-07,1.625145391970e+00,9.998202332960e-01,1.681641632195e-07
3.642711448147e-03,3.290448449984e-07,1.625145391290e+00,9.998193407028e-01,1.698382766333e-07
3.651743769919e-03,3.314985620029e-07,1.625145390603e+00,9.998184436900e-01,1.715290253826e-07
3.660798487875e-03,3.339706095457e-07,1.625145389909e+00,9.998175422053e-01,1.732366512054e-07
3.669875657549e-03,3.364610744454e-07,1.625145389209e+00,9.998166362537e-01,1.749612531864e-07
3.678975334609e-03,3.389701008044e-07,1.625145388501e+00,9.998157258095e-01,1.767030095996e-07
3.688097574865e-03,3.414978638597e-07,1.625145387786e+00,9.998148108303e-01,1.784621424710e-07
3.697242434264e-03,3.440444537097e-07,1.625145387064e+00,9.998138913204e-01,1.802387556429e-07
3.706409968891e-03,3.466100418271e-07,1.625145386335e+00,9.998129672407e-01,1.820330664934e-07
3.715600234970e-03,3.491947704202e-07,1.625145385599e+00,9.998120385680e-01,1.838452520245e-07
3.724813288866e-03,3.517987500325e-07,1.625145384856e+00,9.998111052970e-01,1.856754449293e-07
3.734049187082e-03,3.544221749838e-07,1.625145384105e+00,9.998101673774e-01,1.875238959300e-07
3.743307986263e-03,3.570651528707e-07,1.625145383346e+00,9.998092248064e-01,1.893907340734e-07
3.752589743192e-03,3.597278210460e-07,1.625145382580e+00,9.998082775653e-01,1.912761303348e-07
3.761894514794e-03,3.624103811648e-07,1.625145381806e+00,9.998073256016e-01,1.931803472642e-07
3.771222358137e-03,3.651129210311e-07,1.625145381025e+00,9.998063689243e-01,1.951034862226e-07
3.780573330427e-03,3.678356145652e-07,1.625145380236e+00,9.998054074965e-01,1.970457710110e-07
3.789947489015e-03,3.705786287271e-07,1.625145379439e+00,9.998044412859e-01,1.990074161184e-07
3.799344891391e-03,3.733420728405e-07,1.625145378634e+00,9.998034702911e-01,2.009885537995e-07
3.808765595191e-03,3.761261448893e-07,1.625145377821e+00,9.998024944642e-01,2.029894435997e-07
3.818209658192e-03,3.789309754662e-07,1.625145377000e+00,9.998015137934e-01,2.050102487940e-07
3.827677138315e-03,3.817566963428e-07,1.625145376171e+00,9.998005282669e-01,2.070511343099e-07
3.837168093622e-03,3.846035305663e-07,1.625145375333e+00,9.997995378252e-01,2.091123973968e-07
3.846682582324e-03,3.874715706314e-07,1.625145374488e+00,9.997985424779e-01,2.111941468166e-07
3.856220662771e-03,3.903609900287e-07,1.625145373633e+00,9.997975421926e-01,2.132966087097e-07
3.865782393461e-03,3.932719829672e-07,1.625145372771e+00,9.997965369268e-01,2.154200400289e-07
3.875367833037e-03,3.962046569872e-07,1.625145371899e+00,9.997955266834e-01,2.175645716174e-07
3.884977040286e-03,3.991592134574e-07,1.625145371019e+00,9.997945114170e-01,2.197304715944e-07
3.894610074142e-03,4.021358083783e-07,1.625145370131e+00,9.997934911066e-01,2.219179422289e-07
3.904266993683e-03,4.051345729209e-07,1.625145369233e+00,9.997924657440e-01,2.241271493564e-07
3.913947858136e-03,4.081557348534e-07,1.625145368327e+00,9.997914352722e-01,2.263584015198e-07
3.923652726874e-03,4.111994101406e-07,1.625145367411e+00,9.997903996919e-01,2.286118427554e-07
3.933381659417e-03,4.142657649613e-07,1.625145366486e+00,9.997893589787e-01,2.308876912944e-07
3.943134715432e-03,4.173550234834e-07,1.625145365553e+00,9.997883130790e-01,2.331862520961e-07
3.952911954735e-03,4.204672908365e-07,1.625145364609e+00,9.997872620004e-01,2.355076534607e-07
3.962713437290e-03,4.236027714460e-07,1.625145363657e+00,9.997862057006e-01,2.378521717321e-07
3.972539223209e-03,4.267616493420e-07,1.625145362695e+00,9.997851441482e-01,2.402200534914e-07
3.982389372755e-03,4.299440545272e-07,1.625145361723e+00,9.997840773394e-01,2.426114645115e-07
3.992263946338e-03,4.331502192330e-07,1.625145360742e+00,9.997830052196e-01,2.450267244715e-07
4.002163004520e-03,4.363802854213e-07,1.625145359751e+00,9.997819277801e-01,2.474660177574e-07
4.012086608010e-03,4.396344104141e-07,1.625145358750e+00,9.997808450049e-01,2.499295518518e-07
4.022034817671e-03,4.429128512777e-07,1.625145357739e+00,9.997797568289e-01,2.524176858878e-07
4.032007694516e-03,4.462157100328e-07,1.625145356718e+00,9.997786632646e-01,2.549305443152e-07
4.042005299707e-03,4.495431937821e-07,1.625145355687e+00,9.997775642730e-01,2.574684112368e-07
4.052027694561e-03,4.528955174313e-07,1.625145354646e+00,9.997764598114e-01,2.600315834759e-07
4.062074940544e-03,4.562728091807e-07,1.625145353594e+00,9.997753498811e-01,2.626202256064e-07
4.072147099278e-03,4.596753054184e-07,1.625145352532e+00,9.997742344300e-01,2.652346681828e-07
4.082244232533e-03,4.631031768506e-07,1.625145351459e+00,9.997731134393e-01,2.678751416142e-07
4.092366402237e-03,4.665565789893e-07,1.625145350376e+00,9.997719868980e-01,2.705418529151e-07
4.102513670469e-03,4.700357787269e-07,1.625145349281e+00,9.997708547410e-01,2.732351816454e-07
4.112686099462e-03,4.735409004607e-07,1.625145348176e+00,9.997697169738e-01,2.759552875036e-07
4.122883751602e-03,4.770721447791e-07,1.625145347060e+00,9.997685735648e-01,2.787024482182e-07
4.133106689434e-03,4.806297605537e-07,1.625145345933e+00,9.997674244598e-01,2.814770174616e-07
4.143354975654e-03,4.842138734748e-07,1.625145344794e+00,9.997662696649e-01,2.842791572848e-07
4.153628673115e-03,4.878247237256e-07,1.625145343644e+00,9.997651091313e-01,2.871092087392e-07
4.163927844826e-03,4.914625137440e-07,1.625145342483e+00,9.997639428290e-01,2.899674545902e-07
4.174252553952e-03,4.951273979693e-07,1.625145341310e+00,9.997627707516e-01,2.928541023401e-07
4.184602863814e-03,4.988196487146e-07,1.625145340126e+00,9.997615928369e-01,2.957695455772e-07
4.194978837890e-03,5.025394197559e-07,1.625145338930e+00,9.997604090799e-01,2.987139915394e-07
4.205380539818e-03,5.062869020458e-07,1.625145337721e+00,9.997592194584e-01,3.016877061585e-07
4.215808033390e-03,5.100623817743e-07,1.625145336501e+00,9.997580239054e-01,3.046911073103e-07
4.226261382558e-03,5.138659813341e-07,1.625145335269e+00,9.997568224325e-01,3.077243529893e-07
4.236740651433e-03,5.176979442833e-07,1.625145334024e+00,9.997556149942e-01,3.107877942287e-07
4.247245904285e-03,5.215585080354e-07,1.625145332767e+00,9.997544015488e-01,3.138817732152e-07
4.257777205542e-03,5.254478252434e-07,1.625145331498e+00,9.997531820948e-01,3.170064966133e-07
4.268334619793e-03,5.293661733052e-07,1.625145330215e+00,9.997519565730e-01,3.201623717737e-07
4.278918211787e-03,5.333137385054e-07,1.625145328920e+00,9.997507249673e-01,3.233496602251e-07
4.289528046432e-03,5.372907050634e-07,1.625145327613e+00,9.997494872633e-01,3.265686201056e-07
4.300164188800e-03,5.412973856231e-07,1.625145326292e+00,9.997482433871e-01,3.298197181732e-07
4.310826704121e-03,5.453339129058e-07,1.625145324958e+00,9.997469933494e-01,3.331031300981e-07
4.321515657789e-03,5.494005285236e-07,1.625145323610e+00,9.997457371108e-01,3.364192083901e-07
4.332231115359e-03,5.534975083894e-07,1.625145322250e+00,9.997444746166e-01,3.397683625316e-07
4.342973142550e-03,5.576250025724e-07,1.625145320875e+00,9.997432058711e-01,3.431507968011e-07
4.353741805243e-03,5.617832931577e-07,1.625145319488e+00,9.997419308180e-01,3.465669319071e-07
4.364537169481e-03,5.659726023417e-07,1.625145318086e+00,9.997406494295e-01,3.500170912105e-07
4.375359301474e-03,5.701931134224e-07,1.625145316670e+00,9.997393616962e-01,3.535015341174e-07
4.386208267592e-03,5.744451456101e-07,1.625145315240e+00,9.997380675469e-01,3.570207450277e-07
4.397084134373e-03,5.787288648139e-07,1.625145313796e+00,9.997367669814e-01,3.605749555875e-07
4.407986968519e-03,5.830445021987e-07,1.625145312338e+00,9.997354599701e-01,3.641645054887e-07
4.418916836897e-03,5.873923759995e-07,1.625145310865e+00,9.997341464446e-01,3.677898802776e-07
4.429873806540e-03,5.917726328141e-07,1.625145309377e+00,9.997328264151e-01,3.714512800498e-07
4.440857944647e-03,5.961855589489e-07,1.625145307875e+00,9.997314998289e-01,3.751491383065e-07
4.451869318584e-03,6.006314162107e-07,1.625145306358e+00,9.997301666454e-01,3.788838486561e-07
4.462907995884e-03,6.051103861729e-07,1.625145304825e+00,9.997288268605e-01,3.826556702288e-07
4.473974044247e-03,6.096227942448e-07,1.625145303277e+00,9.997274804064e-01,3.864651048035e-07
4.485067531542e-03,6.141688430890e-07,1.625145301714e+00,9.997261272707e-01,3.903124480356e-07
4.496188525804e-03,6.187487512388e-07,1.625145300136e+00,9.997247674346e-01,3.941980222921e-07
4.507337095240e-03,6.233628833988e-07,1.625145298541e+00,9.997234008151e-01,3.981223989396e-07
4.518513308223e-03,6.280113817078e-07,1.625145296931e+00,9.997220274286e-01,4.020857718138e-07
4.529717233297e-03,6.326945361541e-07,1.625145295305e+00,9.997206472265e-01,4.060885864593e-07
4.540948939176e-03,6.374126521706e-07,1.625145293662e+00,9.997192601543e-01,4.101313161151e-07
4.552208494744e-03,6.421659087090e-07,1.625145292003e+00,9.997178662140e-01,4.142142178278e-07
4.563495969057e-03,6.469546369404e-07,1.625145290328e+00,9.997164653409e-01,4.183378103295e-07
4.574811431339e-03,6.517790801581e-07,1.625145288636e+00,9.997150575100e-01,4.225024622626e-07
4.586154950990e-03,6.566394557192e-07,1.625145286927e+00,9.997136427082e-01,4.267084975360e-07
4.597526597579e-03,6.615361376923e-07,1.625145285201e+00,9.997122208546e-01,4.309565120946e-07
4.608926440849e-03,6.664693042639e-07,1.625145283458e+00,9.997107919543e-01,4.352467632130e-07
4.620354550715e-03,6.714392346152e-07,1.625145281698e+00,9.997093559694e-01,4.395796834901e-07
4.631810997265e-03,6.764462821648e-07,1.625145279920e+00,9.997079128304e-01,4.439558362475e-07
4.643295850762e-03,6.814906222412e-07,1.625145278124e+00,9.997064625455e-01,4.483754743446e-07
4.654809181643e-03,6.865725912639e-07,1.625145276311e+00,9.997050050541e-01,4.528391328528e-07
4.666351060520e-03,6.916924773714e-07,1.625145274479e+00,9.997035403173e-01,4.573472634242e-07
4.677921558178e-03,6.968504963185e-07,1.625145272629e+00,9.997020683277e-01,4.619001905223e-07
4.689520745580e-03,7.020470297079e-07,1.625145270761e+00,9.997005890078e-01,4.664985319950e-07
4.701148693864e-03,7.072822972639e-07,1.625145268874e+00,9.996991023499e-01,4.711426205419e-07
4.712805474343e-03,7.125565644148e-07,1.625145266969e+00,9.996976083277e-01,4.758328697071e-07
4.724491158510e-03,7.178702372944e-07,1.625145265044e+00,9.996961068554e-01,4.805699445292e-07
4.736205818033e-03,7.232234864946e-07,1.625145263100e+00,9.996945979485e-01,4.853540912440e-07
4.747949524757e-03,7.286166530850e-07,1.625145261137e+00,9.996930815506e-01,4.901858604322e-07
4.759722350707e-03,7.340500746270e-07,1.625145259154e+00,9.996915576075e-01,4.950657979340e-07
4.771524368086e-03,7.395239642632e-07,1.625145257152e+00,9.996900261186e-01,4.999942266590e-07
4.783355649276e-03,7.450387106512e-07,1.625145255130e+00,9.996884870098e-01,5.049717859205e-07
4.795216266838e-03,7.505945794703e-07,1.625145253087e+00,9.996869402597e-01,5.099988945282e-07
4.807106293513e-03,7.561918282511e-07,1.625145251025e+00,9.996853858508e-01,5.150759564850e-07
4.819025802223e-03,7.618308952177e-07,1.625145248941e+00,9.996838236911e-01,5.202037047071e-07
4.830974866071e-03,7.675119707427e-07,1.625145246837e+00,9.996822537927e-01,5.253824227769e-07
4.842953558341e-03,7.732353912700e-07,1.625145244712e+00,9.996806761073e-01,5.306126601131e-07
4.854961952497e-03,7.790015487549e-07,1.625145242566e+00,9.996790905649e-01,5.358950692017e-07
4.867000122188e-03,7.848106525992e-07,1.625145240399e+00,9.996774971716e-01,5.412299689382e-07
4.879068141243e-03,7.906630979498e-07,1.625145238210e+00,9.996758958575e-01,5.466180194427e-07
4.891166083676e-03,7.965592012430e-07,1.625145235999e+00,9.996742865862e-01,5.520597375688e-07
4.903294023684e-03,8.024992186061e-07,1.625145233766e+00,9.996726693465e-01,5.575555290613e-07
4.915452035647e-03,8.084835973948e-07,1.625145231511e+00,9.996710440499e-01,5.631061543918e-07
4.927640194131e-03,8.145125749097e-07,1.625145229233e+00,9.996694106944e-01,5.687119859660e-07
4.939858573886e-03,8.205864726707e-07,1.625145226933e+00,9.996677692446e-01,5.743735524446e-07
4.952107249847e-03,8.267057424201e-07,1.625145224610e+00,9.996661196130e-01,5.800916268307e-07
4.964386297136e-03,8.328705885629e-07,1.625145222263e+00,9.996644618131e-01,5.858665211508e-07
4.976695791059e-03,8.390814120738e-07,1.625145219894e+00,9.996627957796e-01,5.916989154186e-07
4.989035807112e-03,8.453385853640e-07,1.625145217501e+00,9.996611214599e-01,5.975894378482e-07
5.001406420976e-03,8.516423620208e-07,1.625145215083e+00,9.996594388497e-01,6.035384934688e-07
5.013807708520e-03,8.579931980076e-07,1.625145212642e+00,9.996577478643e-01,6.095468698710e-07
5.026239745801e-03,8.643913825849e-07,1.625145210177e+00,9.996560484870e-01,6.156150409989e-07
5.038702609065e-03,8.708372206424e-07,1.625145207687e+00,9.996543406951e-01,6.217435102325e-07
5.051196374747e-03,8.773312254148e-07,1.625145205172e+00,9.996526243843e-01,6.279331786328e-07
5.063721119471e-03,8.838735990596e-07,1.625145202632e+00,9.996508995744e-01,6.341843559511e-07
5.076276920051e-03,8.904647462303e-07,1.625145200067e+00,9.996491662058e-01,6.404977382593e-07
5.088863853493e-03,8.971051009797e-07,1.625145197477e+00,9.996474242083e-01,6.468740799772e-07
5.101481996993e-03,9.037949130847e-07,1.625145194860e+00,9.996456735852e-01,6.533137825444e-07
5.114131427936e-03,9.105346464945e-07,1.625145192218e+00,9.996439142563e-01,6.598176599753e-07
5.126812223904e-03,9.173246479004e-07,1.625145189549e+00,9.996421461884e-01,6.663863019595e-07
5.139524462666e-03,9.241652210847e-07,1.625145186854e+00,9.996403693658e-01,6.730202152735e-07
5.152268222188e-03,9.310568903222e-07,1.625145184132e+00,9.996385836877e-01,6.797203355879e-07
5.165043580627e-03,9.379999107689e-07,1.625145181383e+00,9.996367891592e-01,6.864870771903e-07
5.177850616334e-03,9.449946709436e-07,1.625145178606e+00,9.996349857341e-01,6.933211138036e-07
5.190689407856e-03,9.520416726906e-07,1.625145175802e+00,9.996331733233e-01,7.002233425888e-07
5.203560033931e-03,9.591411605603e-07,1.625145172970e+00,9.996313519382e-01,7.071941580532e-07
5.216462573497e-03,9.662936057571e-07,1.625145170109e+00,9.996295215035e-01,7.142343996404e-07
5.229397105685e-03,9.734994183496e-07,1.625145167220e+00,9.996276819684e-01,7.213447886456e-07
5.242363709822e-03,9.807588997349e-07,1.625145164303e+00,9.996258333248e-01,7.285258323819e-07
5.255362465432e-03,9.880725846571e-07,1.625145161356e+00,9.996239754760e-01,7.357785007141e-07
5.268393452238e-03,9.954407870007e-07,1.625145158380e+00,9.996221084108e-01,7.431033275932e-07
5.281456750157e-03,1.002863875659e-06,1.625145155375e+00,9.996202320977e-01,7.505009559809e-07
5.294552439309e-03,1.010342426939e-06,1.625145152339e+00,9.996183464274e-01,7.579724441836e-07
5.307680600008e-03,1.017876678591e-06,1.625145149273e+00,9.996164514200e-01,7.655181759070e-07
5.320841312770e-03,1.025467108224e-06,1.625145146177e+00,9.996145470057e-01,7.731390146863e-07
5.334034658309e-03,1.033114195744e-06,1.625145143050e+00,9.996126331147e-01,7.808358311094e-07
5.347260717541e-03,1.040818238731e-06,1.625145139892e+00,9.996107097470e-01,7.886091296727e-07
5.360519571581e-03,1.048579781717e-06,1.625145136702e+00,9.996087768106e-01,7.964599137156e-07
5.373811301745e-03,1.056399203548e-06,1.625145133481e+00,9.996068342767e-01,8.043888537631e-07
5.387135989553e-03,1.064276864225e-06,1.625145130227e+00,9.996048821243e-01,8.123965820686e-07
5.400493716724e-03,1.072213377983e-06,1.625145126941e+00,9.996029202387e-01,8.204842494532e-07
5.413884565182e-03,1.080209017791e-06,1.625145123623e+00,9.996009486332e-01,8.286523134594e-07
5.427308617053e-03,1.088264252093e-06,1.625145120271e+00,9.995989672492e-01,8.369016302839e-07
5.440765954666e-03,1.096379637644e-06,1.625145116886e+00,9.995969759968e-01,8.452332395162e-07
5.454256660557e-03,1.104555466613e-06,1.625145113468e+00,9.995949748846e-01,8.536476389257e-07
5.467780817462e-03,1.112792292514e-06,1.625145110015e+00,9.995929638259e-01,8.621458642563e-07
5.481338508327e-03,1.121090565931e-06,1.625145106528e+00,9.995909427727e-01,8.707287414923e-07
5.494929816300e-03,1.129450644738e-06,1.625145103006e+00,9.995889117123e-01,8.793969052258e-07
5.508554824737e-03,1.137873155868e-06,1.625145099449e+00,9.995868705343e-01,8.881515493143e-07
5.522213617201e-03,1.146358438647e-06,1.625145095857e+00,9.995848192344e-01,8.969932722413e-07
5.535906277461e-03,1.154906940202e-06,1.625145092229e+00,9.995827577700e-01,9.059228966094e-07
5.549632889495e-03,1.163519301747e-06,1.625145088565e+00,9.995806860292e-01,9.149416529537e-07
5.563393537487e-03,1.172195808263e-06,1.625145084864e+00,9.995786040299e-01,9.240500277807e-07
5.577188305832e-03,1.180937021305e-06,1.625145081127e+00,9.995765116914e-01,9.332490877652e-07
5.591017279134e-03,1.189743470556e-06,1.625145077352e+00,9.995744089452e-01,9.425398354208e-07
5.604880542205e-03,1.198615510157e-06,1.625145073540e+00,9.995722957872e-01,9.519229037696e-07
5.618778180070e-03,1.207553778992e-06,1.625145069689e+00,9.995701721121e-01,9.613995289821e-07
5.632710277962e-03,1.216558689842e-06,1.625145065801e+00,9.995680378966e-01,9.709704706067e-07
5.646676921328e-03,1.225630668989e-06,1.625145061874e+00,9.995658931134e-01,9.806365166112e-07
5.660678195824e-03,1.234770435856e-06,1.625145057907e+00,9.995637376324e-01,9.903990819517e-07
5.674714187322e-03,1.243978280763e-06,1.625145053901e+00,9.995615714767e-01,1.000258667572e-06
5.688784981903e-03,1.253254767383e-06,1.625145049856e+00,9.995593945732e-01,1.010216358827e-06
5.702890665864e-03,1.262600512495e-06,1.625145045770e+00,9.995572068319e-01,1.020273358249e-06
5.717031325715e-03,1.272015864707e-06,1.625145041643e+00,9.995550082579e-01,1.030430292720e-06
5.731207048182e-03,1.281501473968e-06,1.625145037475e+00,9.995527987514e-01,1.040688439588e-06
5.745417920204e-03,1.291057834235e-06,1.625145033266e+00,9.995505782687e-01,1.051048741951e-06
5.759664028936e-03,1.300685370060e-06,1.625145029015e+00,9.995483467912e-01,1.061511992640e-06
5.773945461750e-03,1.310384816224e-06,1.625145024722e+00,9.995461041934e-01,1.072079660687e-06
5.788262306235e-03,1.320156537994e-06,1.625145020385e+00,9.995438504794e-01,1.082752412934e-06
5.802614650195e-03,1.330001075978e-06,1.625145016006e+00,9.995415855933e-01,1.093531298455e-06
5.817002581654e-03,1.339919142723e-06,1.625145011583e+00,9.995393094213e-01,1.104417745960e-06
5.831426188853e-03,1.349911079304e-06,1.625145007116e+00,9.995370219786e-01,1.115412370879e-06
5.845885560252e-03,1.359977545696e-06,1.625145002605e+00,9.995347231718e-01,1.126516490130e-06
5.860380784531e-03,1.370119125423e-06,1.625144998048e+00,9.995324129350e-01,1.137731255454e-06
5.874911950588e-03,1.380336239494e-06,1.625144993447e+00,9.995300912589e-01,1.149057459997e-06
5.889479147545e-03,1.390629637239e-06,1.625144988799e+00,9.995277580233e-01,1.160496626167e-06
5.904082464741e-03,1.400999766955e-06,1.625144984105e+00,9.995254132119e-01,1.172049610648e-06
5.918721991739e-03,1.411447141249e-06,1.625144979365e+00,9.995230567872e-01,1.183717412881e-06
5.933397818323e-03,1.421972577854e-06,1.625144974577e+00,9.995206886100e-01,1.195501716866e-06
5.948110034501e-03,1.432576408079e-06,1.625144969741e+00,9.995183087065e-01,1.207403120436e-06
5.962858730502e-03,1.443259300718e-06,1.625144964858e+00,9.995159169902e-01,1.219422977925e-06
5.977643996780e-03,1.454021937976e-06,1.625144959926e+00,9.995135133712e-01,1.231562677703e-06
5.992465924014e-03,1.464864735298e-06,1.625144954945e+00,9.995110978506e-01,1.243823007896e-06
6.007324603106e-03,1.475788455586e-06,1.625144949914e+00,9.995086703140e-01,1.256205543108e-06
6.022220125186e-03,1.486793638967e-06,1.625144944833e+00,9.995062307229e-01,1.268711356629e-06
6.037152581606e-03,1.497880788657e-06,1.625144939701e+00,9.995037790520e-01,1.281341437855e-06
6.052122063950e-03,1.509050765584e-06,1.625144934519e+00,9.995013151587e-01,1.294097593764e-06
6.067128664023e-03,1.520303961018e-06,1.625144929285e+00,9.994988390571e-01,1.306980562200e-06
6.082172473863e-03,1.531641027114e-06,1.625144923998e+00,9.994963506761e-01,1.319991677236e-06
6.097253585732e-03,1.543062754647e-06,1.625144918659e+00,9.994938499005e-01,1.333132595055e-06
6.112372092124e-03,1.554569551243e-06,1.625144913267e+00,9.994913367420e-01,1.346404092548e-06
6.127528085761e-03,1.566162192231e-06,1.625144907822e+00,9.994888110931e-01,1.359807794777e-06
6.142721659593e-03,1.577841319125e-06,1.625144902322e+00,9.994862728912e-01,1.373345021522e-06
6.157952906805e-03,1.589607431942e-06,1.625144896767e+00,9.994837221213e-01,1.387016765226e-06
6.173221920808e-03,1.601461409260e-06,1.625144891157e+00,9.994811586462e-01,1.400824900073e-06
6.188528795249e-03,1.613403736174e-06,1.625144885491e+00,9.994785824581e-01,1.414770387537e-06
6.203873624003e-03,1.625435034401e-06,1.625144879769e+00,9.994759935057e-01,1.428854507359e-06
6.219256501182e-03,1.637556214026e-06,1.625144873989e+00,9.994733916462e-01,1.443079218249e-06
6.234677521129e-03,1.649767672338e-06,1.625144868153e+00,9.994707769033e-01,1.457445278656e-06
6.250136778421e-03,1.662070195757e-06,1.625144862258e+00,9.994681491767e-01,1.471954361724e-06
6.265634367869e-03,1.674464537575e-06,1.625144856304e+00,9.994655083782e-01,1.486608067061e-06
6.281170384522e-03,1.686951192327e-06,1.625144850292e+00,9.994628545035e-01,1.501407383936e-06
6.296744923660e-03,1.699531055182e-06,1.625144844219e+00,9.994601874220e-01,1.516354252546e-06
6.312358080803e-03,1.712204715076e-06,1.625144838086e+00,9.994575071017e-01,1.531449889846e-06
6.328009951707e-03,1.724972767990e-06,1.625144831892e+00,9.994548135097e-01,1.546695529213e-06
6.343700632365e-03,1.737836222355e-06,1.625144825636e+00,9.994521064839e-01,1.562093392540e-06
6.359430219008e-03,1.750795494934e-06,1.625144819317e+00,9.994493860504e-01,1.577644289477e-06
6.375198808105e-03,1.763851370827e-06,1.625144812937e+00,9.994466521205e-01,1.593349912150e-06
6.391006496366e-03,1.777004726379e-06,1.625144806492e+00,9.994439045783e-01,1.609212177157e-06
6.406853380739e-03,1.790256048103e-06,1.625144799983e+00,9.994411434313e-01,1.625232063329e-06
6.422739558413e-03,1.803606246495e-06,1.625144793410e+00,9.994383685559e-01,1.641411575026e-06
6.438665126819e-03,1.817056025229e-06,1.625144786771e+00,9.994355798945e-01,1.657752220264e-06
6.454630183628e-03,1.830605977605e-06,1.625144780066e+00,9.994327774247e-01,1.674255239315e-06
6.470634826754e-03,1.844257133421e-06,1.625144773294e+00,9.994299609906e-01,1.690922938549e-06
6.486679154354e-03,1.858010015420e-06,1.625144766455e+00,9.994271305945e-01,1.707756390891e-06
6.502763264827e-03,1.871865375735e-06,1.625144759547e+00,9.994242861690e-01,1.724757229614e-06
6.518887256818e-03,1.885824226007e-06,1.625144752571e+00,9.994214275683e-01,1.741927729694e-06
6.535051229216e-03,1.899887041893e-06,1.625144745526e+00,9.994185548130e-01,1.759268851085e-06
6.551255281153e-03,1.914054747738e-06,1.625144738410e+00,9.994156677871e-01,1.776782659703e-06
6.567499512011e-03,1.928328173792e-06,1.625144731224e+00,9.994127664052e-01,1.794470994338e-06
6.583784021414e-03,1.942707908114e-06,1.625144723966e+00,9.994098506568e-01,1.812335094914e-06
6.600108909237e-03,1.957195000709e-06,1.625144716635e+00,9.994069203925e-01,1.830377351116e-06
6.616474275598e-03,1.971790091708e-06,1.625144709232e+00,9.994039755889e-01,1.848599137033e-06
6.632880220869e-03,1.986493893303e-06,1.625144701755e+00,9.994010162020e-01,1.867002005897e-06
6.649326845666e-03,2.001307565709e-06,1.625144694204e+00,9.993980420538e-01,1.885588637111e-06
6.665814250856e-03,2.016231570574e-06,1.625144686577e+00,9.993950531789e-01,1.904359961992e-06
6.682342537558e-03,2.031266844380e-06,1.625144678875e+00,9.993920494698e-01,1.923318104548e-06
6.698911807140e-03,2.046414356808e-06,1.625144671096e+00,9.993890308111e-01,1.942465278619e-06
6.715522161220e-03,2.061674687815e-06,1.625144663239e+00,9.993859972052e-01,1.961802715303e-06
6.732173701670e-03,2.077048906224e-06,1.625144655304e+00,9.993829485102e-01,1.981332885659e-06
6.748866530615e-03,2.092537781971e-06,1.625144647290e+00,9.993798846747e-01,2.001057507300e-06
6.765600750432e-03,2.108142018435e-06,1.625144639197e+00,9.993768056685e-01,2.020978128414e-06
6.782376463751e-03,2.123862822288e-06,1.625144631023e+00,9.993737113138e-01,2.041097586186e-06
6.799193773459e-03,2.139700754188e-06,1.625144622767e+00,9.993706016256e-01,2.061417069910e-06
6.816052782696e-03,2.155656721937e-06,1.625144614430e+00,9.993674765174e-01,2.081938657941e-06
6.832953594859e-03,2.171731848607e-06,1.625144606009e+00,9.993643358415e-01,2.102664988504e-06
6.849896313601e-03,2.187926702856e-06,1.625144597504e+00,9.993611796142e-01,2.123597273989e-06
6.866881042831e-03,2.204242370697e-06,1.625144588915e+00,9.993580077019e-01,2.144738064016e-06
6.883907886717e-03,2.220679765360e-06,1.625144580240e+00,9.993548200232e-01,2.166089467011e-06
6.900976949685e-03,2.237239585419e-06,1.625144571479e+00,9.993516165605e-01,2.187653034947e-06
6.918088336420e-03,2.253923062086e-06,1.625144562631e+00,9.993483971431e-01,2.209431709957e-06
6.935242151866e-03,2.270730888676e-06,1.625144553694e+00,9.993451617582e-01,2.231427036152e-06
6.952438501226e-03,2.287663929540e-06,1.625144544669e+00,9.993419103444e-01,2.253641004071e-06
6.969677489968e-03,2.304723476286e-06,1.625144535554e+00,9.993386427192e-01,2.276076731235e-06
6.986959223818e-03,2.321910082714e-06,1.625144526348e+00,9.993353589141e-01,2.298735399883e-06
7.004283808764e-03,2.339224850133e-06,1.625144517050e+00,9.993320588046e-01,2.321619634357e-06
7.021651351059e-03,2.356668849719e-06,1.625144507660e+00,9.993287422767e-01,2.344731986650e-06
7.039061957218e-03,2.374242772019e-06,1.625144498177e+00,9.993254093269e-01,2.368074002629e-06
7.056515734021e-03,2.391947871267e-06,1.625144488598e+00,9.993220597923e-01,2.391648727399e-06
7.074012788511e-03,2.409784987576e-06,1.625144478925e+00,9.993186936299e-01,2.415458110301e-06
7.091553227998e-03,2.427754954145e-06,1.625144469156e+00,9.993153107997e-01,2.439504081778e-06
7.109137160058e-03,2.445859184484e-06,1.625144459288e+00,9.993119110999e-01,2.463790130778e-06
7.126764692534e-03,2.464098276644e-06,1.625144449323e+00,9.993084945602e-01,2.488317565139e-06
7.144435933535e-03,2.482473324011e-06,1.625144439259e+00,9.993050610721e-01,2.513089022605e-06
7.162150991439e-03,2.500985571624e-06,1.625144429094e+00,9.993016104870e-01,2.538107557528e-06
7.179909974893e-03,2.519635698404e-06,1.625144418829e+00,9.992981428159e-01,2.563374698123e-06
7.197712992813e-03,2.538424979812e-06,1.625144408461e+00,9.992946579053e-01,2.588893589454e-06
7.215560154385e-03,2.557354418130e-06,1.625144397989e+00,9.992911556793e-01,2.614666642398e-06
7.233451569066e-03,2.576424842442e-06,1.625144387414e+00,9.992876361118e-01,2.640695797046e-06
7.251387346584e-03,2.595637695980e-06,1.625144376733e+00,9.992840990084e-01,2.666984674313e-06
7.269367596939e-03,2.614993726651e-06,1.625144365946e+00,9.992805443687e-01,2.693534999815e-06
7.287392430404e-03,2.634493980739e-06,1.625144355052e+00,9.992769721115e-01,2.720349315913e-06
7.305461957526e-03,2.654139894412e-06,1.625144344049e+00,9.992733820503e-01,2.747431244789e-06
7.323576289126e-03,2.673932130955e-06,1.625144332936e+00,9.992697742127e-01,2.774782283595e-06
7.341735536299e-03,2.693871984956e-06,1.625144321713e+00,9.992661484545e-01,2.802405673146e-06
7.359939810416e-03,2.713960637572e-06,1.625144310379e+00,9.992625046651e-01,2.830304348692e-06
7.378189223123e-03,2.734198910146e-06,1.625144298931e+00,9.992588428333e-01,2.858480248451e-06
7.396483886345e-03,2.754588273974e-06,1.625144287369e+00,9.992551627729e-01,2.886937123355e-06
7.414823912284e-03,2.775129642926e-06,1.625144275693e+00,9.992514644513e-01,2.915677176780e-06
7.433209413417e-03,2.795824006317e-06,1.625144263900e+00,9.992477478164e-01,2.944702822065e-06
7.451640502505e-03,2.816673010179e-06,1.625144251990e+00,9.992440126414e-01,2.974018322072e-06
7.470117292585e-03,2.837677297704e-06,1.625144239961e+00,9.992402589714e-01,3.003625127390e-06
7.488639896975e-03,2.858838180171e-06,1.625144227812e+00,9.992364866733e-01,3.033526569005e-06
7.507208429275e-03,2.880157035751e-06,1.625144215542e+00,9.992326955984e-01,3.063726176596e-06
7.525823003367e-03,2.901634673995e-06,1.625144203151e+00,9.992288857517e-01,3.094225873022e-06
7.544483733412e-03,2.923272592290e-06,1.625144190636e+00,9.992250569567e-01,3.125029536068e-06
7.563190733858e-03,2.945071887983e-06,1.625144177996e+00,9.992212091453e-01,3.156139913902e-06
7.581944119435e-03,2.967033544184e-06,1.625144165231e+00,9.992173422812e-01,3.187559428931e-06
7.600744005157e-03,2.989159252133e-06,1.625144152338e+00,9.992134561432e-01,3.219292535811e-06
7.619590506325e-03,3.011449814947e-06,1.625144139317e+00,9.992095507462e-01,3.251341150610e-06
7.638483738525e-03,3.033906496138e-06,1.625144126167e+00,9.992056259855e-01,3.283708510709e-06
7.657423817628e-03,3.056530890580e-06,1.625144112885e+00,9.992016816717e-01,3.316398818258e-06
7.676410859794e-03,3.079323791512e-06,1.625144099471e+00,9.991977178273e-01,3.349413965059e-06
7.695444981472e-03,3.102286720096e-06,1.625144085924e+00,9.991937342863e-01,3.382757951183e-06
7.714526299397e-03,3.125420976191e-06,1.625144072242e+00,9.991897309427e-01,3.416434144421e-06
7.733654930596e-03,3.148727535726e-06,1.625144058424e+00,9.991857077762e-01,3.450444971550e-06
7.752830992385e-03,3.172208124046e-06,1.625144044468e+00,9.991816645746e-01,3.484795051081e-06
7.772054602370e-03,3.195863731834e-06,1.625144030373e+00,9.991776013177e-01,3.519486862033e-06
7.791325878451e-03,3.219695560580e-06,1.625144016138e+00,9.991735179324e-01,3.554523499923e-06
7.810644938818e-03,3.243705443228e-06,1.625144001761e+00,9.991694141857e-01,3.589909926248e-06
7.830011901955e-03,3.267894151677e-06,1.625143987241e+00,9.991652901189e-01,3.625647983569e-06
7.849426886640e-03,3.292263228163e-06,1.625143972577e+00,9.991611455777e-01,3.661741788062e-06
7.868890011946e-03,3.316814195735e-06,1.625143957766e+00,9.991569804151e-01,3.698195410605e-06
7.888401397239e-03,3.341548018581e-06,1.625143942808e+00,9.991527946284e-01,3.735011266615e-06
7.907961162184e-03,3.366466453989e-06,1.625143927701e+00,9.991485880153e-01,3.772194135205e-06
7.927569426741e-03,3.391570700158e-06,1.625143912444e+00,9.991443605177e-01,3.809747138124e-06
7.947226311167e-03,3.416861921868e-06,1.625143897035e+00,9.991401120874e-01,3.847673296662e-06
7.966931936018e-03,3.442342100398e-06,1.625143881473e+00,9.991358424729e-01,3.885978089255e-06
7.986686422149e-03,3.468012093623e-06,1.625143865755e+00,9.991315517074e-01,3.924663627285e-06
8.006489890715e-03,3.493873424101e-06,1.625143849881e+00,9.991272396589e-01,3.963734021989e-06
8.026342463170e-03,3.519927860524e-06,1.625143833849e+00,9.991229061365e-01,4.003194140351e-06
8.046244261271e-03,3.546176350244e-06,1.625143817658e+00,9.991185511563e-01,4.043046368069e-06
8.066195407076e-03,3.572620679940e-06,1.625143801305e+00,9.991141745272e-01,4.083295639962e-06
8.086196022944e-03,3.599262277017e-06,1.625143784789e+00,9.991097761502e-01,4.123945809611e-06
8.106246231541e-03,3.626102299983e-06,1.625143768110e+00,9.991053559943e-01,4.164999911591e-06
8.126346155833e-03,3.653142771448e-06,1.625143751264e+00,9.991009138175e-01,4.206463630464e-06
8.146495919095e-03,3.680384761189e-06,1.625143734250e+00,9.990964496152e-01,4.248339740549e-06
8.166695644905e-03,3.707829724473e-06,1.625143717067e+00,9.990919632895e-01,4.290632198597e-06
8.186945457148e-03,3.735479699992e-06,1.625143699713e+00,9.990874546021e-01,4.333346771272e-06
8.207245480016e-03,3.763335612594e-06,1.625143682186e+00,9.990829235895e-01,4.376485793246e-06
8.227595838010e-03,3.791399275363e-06,1.625143664485e+00,9.990783700731e-01,4.420054348245e-06
8.247996655939e-03,3.819672368477e-06,1.625143646607e+00,9.990737939095e-01,4.464057121111e-06
8.268448058920e-03,3.848156039042e-06,1.625143628551e+00,9.990691950868e-01,4.508497141370e-06
8.288950172384e-03,3.876852348637e-06,1.625143610316e+00,9.990645733735e-01,4.553380296472e-06
8.309503122069e-03,3.905762601665e-06,1.625143591899e+00,9.990599287239e-01,4.598710118609e-06
8.330107034026e-03,3.934888177071e-06,1.625143573299e+00,9.990552610762e-01,4.644490372112e-06
8.350762034621e-03,3.964231395242e-06,1.625143554514e+00,9.990505701447e-01,4.690727792185e-06
8.371468250530e-03,3.993793166950e-06,1.625143535541e+00,9.990458559843e-01,4.737424684238e-06
8.392225808745e-03,4.023575323311e-06,1.625143516380e+00,9.990411184315e-01,4.784586256467e-06
8.413034836571e-03,4.053579822874e-06,1.625143497028e+00,9.990363572952e-01,4.832218135821e-06
8.433895461632e-03,4.083807795604e-06,1.625143477483e+00,9.990315725837e-01,4.880323325330e-06
8.454807811865e-03,4.114261339243e-06,1.625143457744e+00,9.990267640777e-01,4.928907910165e-06
8.475772015527e-03,4.144942017535e-06,1.625143437808e+00,9.990219316872e-01,4.977976286464e-06
8.496788201190e-03,4.175851204498e-06,1.625143417674e+00,9.990170753688e-01,5.027532244260e-06
8.517856497747e-03,4.206991270488e-06,1.625143397340e+00,9.990121948470e-01,5.077582777636e-06
8.538977034411e-03,4.238363365584e-06,1.625143376803e+00,9.990072901359e-01,5.128130972195e-06
8.560149940714e-03,4.269969248160e-06,1.625143356061e+00,9.990023611087e-01,5.179181869876e-06
8.581375346510e-03,4.301811182916e-06,1.625143335113e+00,9.989974075229e-01,5.230742163202e-06
8.602653381973e-03,4.333890276281e-06,1.625143313957e+00,9.989924294090e-01,5.282814803765e-06
8.623984177603e-03,4.366208658865e-06,1.625143292589e+00,9.989874265609e-01,5.335406067051e-06
8.645367864222e-03,4.398768180611e-06,1.625143271009e+00,9.989823988407e-01,5.388521331564e-06
8.666804572976e-03,4.431570204843e-06,1.625143249215e+00,9.989773462255e-01,5.442164391703e-06
8.688294435337e-03,4.464617149307e-06,1.625143227203e+00,9.989722684510e-01,5.496342497353e-06
8.709837583101e-03,4.497910429274e-06,1.625143204972e+00,9.989671654870e-01,5.551059627251e-06
8.731434148394e-03,4.531451714612e-06,1.625143182520e+00,9.989620372467e-01,5.606320594300e-06
8.753084263668e-03,4.565243606308e-06,1.625143159845e+00,9.989568834324e-01,5.662133294015e-06
8.774788061702e-03,4.599287180145e-06,1.625143136943e+00,9.989517040987e-01,5.718500597671e-06
8.796545675607e-03,4.633584595763e-06,1.625143113814e+00,9.989464990539e-01,5.775428961110e-06
8.818357238822e-03,4.668138018481e-06,1.625143090454e+00,9.989412681088e-01,5.832924877264e-06
8.840222885118e-03,4.702948794472e-06,1.625143066862e+00,9.989360112623e-01,5.890992119874e-06
8.862142748597e-03,4.738019385796e-06,1.625143043035e+00,9.989307282629e-01,5.949638189282e-06
8.884116963693e-03,4.773351501065e-06,1.625143018971e+00,9.989254190325e-01,6.008868083621e-06
8.906145665176e-03,4.808946768524e-06,1.625142994667e+00,9.989200835133e-01,6.068686531135e-06
8.928228988146e-03,4.844807965227e-06,1.625142970121e+00,9.989147213917e-01,6.129102134025e-06
8.950367068042e-03,4.880936321313e-06,1.625142945331e+00,9.989093327046e-01,6.190118299102e-06
8.972560040636e-03,4.917333956728e-06,1.625142920295e+00,9.989039172913e-01,6.251741433283e-06
8.994808042038e-03,4.954003383837e-06,1.625142895008e+00,9.988984749067e-01,6.313979291092e-06
9.017111208696e-03,4.990945924459e-06,1.625142869471e+00,9.988930055737e-01,6.376835596432e-06
9.039469677395e-03,5.028164081334e-06,1.625142843678e+00,9.988875090551e-01,6.440318092140e-06
9.061883585260e-03,5.065659887022e-06,1.625142817629e+00,9.988819852210e-01,6.504432936747e-06
9.084353069755e-03,5.103434960263e-06,1.625142791322e+00,9.988764340353e-01,6.569184876399e-06
9.106878268686e-03,5.141492135580e-06,1.625142764751e+00,9.988708551967e-01,6.634582835221e-06
9.129459320200e-03,5.179832942740e-06,1.625142737917e+00,9.988652486941e-01,6.700631271945e-06
9.152096362788e-03,5.218459405574e-06,1.625142710815e+00,9.988596144099e-01,6.767336343444e-06
9.174789535282e-03,5.257374417868e-06,1.625142683443e+00,9.988539520394e-01,6.834707229678e-06
9.197538976859e-03,5.296579269060e-06,1.625142655799e+00,9.988482616312e-01,6.902747570865e-06
9.220344827044e-03,5.336076498326e-06,1.625142627880e+00,9.988425429638e-01,6.971465341363e-06
9.243207225703e-03,5.375868495430e-06,1.625142599683e+00,9.988367958514e-01,7.040868017422e-06
9.266126313052e-03,5.415956862341e-06,1.625142571205e+00,9.988310202820e-01,7.110960333921e-06
9.289102229655e-03,5.456344487686e-06,1.625142542444e+00,9.988252159675e-01,7.181751531546e-06
9.312135116423e-03,5.497033232925e-06,1.625142513396e+00,9.988193828452e-01,7.253247271197e-06
9.335225114617e-03,5.538025026037e-06,1.625142484060e+00,9.988135208400e-01,7.325453445390e-06
9.358372365847e-03,5.579323119610e-06,1.625142454430e+00,9.988076295959e-01,7.398380630539e-06
9.381577012077e-03,5.620928821678e-06,1.625142424507e+00,9.988017091765e-01,7.472032555357e-06
9.404839195621e-03,5.662844682978e-06,1.625142394285e+00,9.987957593819e-01,7.546417340867e-06
9.428159059145e-03,5.705073486584e-06,1.625142363762e+00,9.987897799664e-01,7.621543956411e-06
9.451536745672e-03,5.747616809579e-06,1.625142332936e+00,9.987837709434e-01,7.697417091503e-06
9.474972398576e-03,5.790477590699e-06,1.625142301802e+00,9.987777320403e-01,7.774046294951e-06
9.498466161588e-03,5.833658057969e-06,1.625142270359e+00,9.987716631383e-01,7.851438597695e-06
9.522018178797e-03,5.877160131655e-06,1.625142238603e+00,9.987655641858e-01,7.929599929101e-06
9.545628594647e-03,5.920987133861e-06,1.625142206530e+00,9.987594348397e-01,8.008541270055e-06
9.569297553940e-03,5.965140711032e-06,1.625142174138e+00,9.987532751119e-01,8.088267587431e-06
9.593025201840e-03,6.009623309910e-06,1.625142141425e+00,9.987470848489e-01,8.168786732323e-06
9.616811683867e-03,6.054438146075e-06,1.625142108384e+00,9.987408637405e-01,8.250109362492e-06
9.640657145905e-03,6.099586762676e-06,1.625142075016e+00,9.987346118277e-01,8.332240082450e-06
9.664561734197e-03,6.145072143869e-06,1.625142041315e+00,9.987283288549e-01,8.415188737144e-06
9.688525595352e-03,6.190896922143e-06,1.625142007278e+00,9.987220146427e-01,8.498963914932e-06
9.712548876339e-03,6.237063001884e-06,1.625141972903e+00,9.987156691655e-01,8.583571548076e-06
9.736631724495e-03,6.283573771039e-06,1.625141938185e+00,9.987092920943e-01,8.669023016761e-06
9.760774287518e-03,6.330431250986e-06,1.625141903122e+00,9.987028833852e-01,8.755324704788e-06
9.784976713476e-03,6.377637762188e-06,1.625141867710e+00,9.986964429351e-01,8.842484093665e-06
9.809239150802e-03,6.425196995248e-06,1.625141831945e+00,9.986899703644e-01,8.930513746953e-06
9.833561748299e-03,6.473110449317e-06,1.625141795824e+00,9.986834657442e-01,9.019418138294e-06
9.857944655137e-03,6.521381148526e-06,1.625141759344e+00,9.986769288373e-01,9.109207392731e-06
9.882388020856e-03,6.570012170990e-06,1.625141722500e+00,9.986703593995e-01,9.199891864989e-06
9.906891995369e-03,6.619005396075e-06,1.625141685290e+00,9.986637574329e-01,9.291477450431e-06
9.931456728957e-03,6.668364273191e-06,1.625141647709e+00,9.986571226246e-01,9.383975919769e-06
9.956082372278e-03,6.718091238373e-06,1.625141609754e+00,9.986504548703e-01,9.477395273549e-06
9.980769076360e-03,6.768188567632e-06,1.625141571422e+00,9.986437541003e-01,9.571742910880e-06
1.000551699261e-02,6.818660153347e-06,1.625141532707e+00,9.986370199244e-01,9.667032338554e-06
1.003032627280e-02,6.869507758854e-06,1.625141493607e+00,9.986302523822e-01,9.763269050808e-06
1.005519706909e-02,6.920734335521e-06,1.625141454119e+00,9.986234512784e-01,9.860463030638e-06
1.008012953401e-02,6.972343451778e-06,1.625141414236e+00,9.986166162988e-01,9.958626631957e-06
1.010512382048e-02,7.024336951777e-06,1.625141373957e+00,9.986097474753e-01,1.005776566685e-05
1.013018008179e-02,7.076718341218e-06,1.625141333277e+00,9.986028445133e-01,1.015789228362e-05
1.015529847159e-02,7.129490513980e-06,1.625141292192e+00,9.985959072431e-01,1.025901632269e-05
1.018047914395e-02,7.182655731741e-06,1.625141250698e+00,9.985889356227e-01,1.036114520659e-05
1.020572225331e-02,7.236217966777e-06,1.625141208791e+00,9.985819292771e-01,1.046429294483e-05
1.023102795446e-02,7.290179406081e-06,1.625141166466e+00,9.985748881855e-01,1.056846670073e-05
1.025639640263e-02,7.344542863778e-06,1.625141123721e+00,9.985678122070e-01,1.067367605283e-05
1.028182775338e-02,7.399312447094e-06,1.625141080549e+00,9.985607009523e-01,1.077993561342e-05
1.030732216270e-02,7.454489953619e-06,1.625141036948e+00,9.985535544856e-01,1.088725105753e-05
1.033287978693e-02,7.510078939312e-06,1.625140992913e+00,9.985463725323e-01,1.099563489338e-05
1.035850078283e-02,7.566082802816e-06,1.625140948440e+00,9.985391548523e-01,1.110509905015e-05
1.038418530752e-02,7.622503781191e-06,1.625140903524e+00,9.985319014337e-01,1.121565092740e-05
1.040993351854e-02,7.679345921815e-06,1.625140858160e+00,9.985246119184e-01,1.132730502850e-05
1.043574557379e-02,7.736611880588e-06,1.625140812345e+00,9.985172862205e-01,1.144007042362e-05
1.046162163158e-02,7.794304353003e-06,1.625140766075e+00,9.985099242493e-01,1.155395633607e-05
1.048756185061e-02,7.852427898266e-06,1.625140719342e+00,9.985025255612e-01,1.166897937380e-05
1.051356638998e-02,7.910984394201e-06,1.625140672146e+00,9.984950902290e-01,1.178514556379e-05
1.053963540916e-02,7.969977393578e-06,1.625140624479e+00,9.984876180087e-01,1.190246756723e-05
1.056576906803e-02,8.029410850749e-06,1.625140576337e+00,9.984801085848e-01,1.202095967958e-05
1.059196752689e-02,8.089286966671e-06,1.625140527717e+00,9.984725619775e-01,1.214062922320e-05
1.061823094640e-02,8.149609858136e-06,1.625140478613e+00,9.984649778481e-01,1.226149118155e-05
1.064455948763e-02,8.210382699158e-06,1.625140429019e+00,9.984573560402e-01,1.238355679733e-05
1.067095331206e-02,8.271608173272e-06,1.625140378933e+00,9.984496964926e-01,1.250683534613e-05
1.069741258156e-02,8.333290936390e-06,1.625140328346e+00,9.984419987781e-01,1.263134406780e-05
1.072393745841e-02,8.395433344871e-06,1.625140277257e+00,9.984342629044e-01,1.275709095417e-05
1.075052810529e-02,8.458038802848e-06,1.625140225660e+00,9.984264886859e-01,1.288408822856e-05
1.077718468527e-02,8.521111875673e-06,1.625140173547e+00,9.984186757257e-01,1.301235286168e-05
1.080390736184e-02,8.584654715400e-06,1.625140120917e+00,9.984108240791e-01,1.314189203569e-05
1.083069629890e-02,8.648671501572e-06,1.625140067763e+00,9.984029334287e-01,1.327272119479e-05
1.085755166073e-02,8.713165979787e-06,1.625140014079e+00,9.983950035419e-01,1.340485405065e-05
1.088447361204e-02,8.778140810062e-06,1.625139959862e+00,9.983870343899e-01,1.353829987718e-05
1.091146231795e-02,8.843600739773e-06,1.625139905104e+00,9.983790255637e-01,1.367307653741e-05
1.093851794398e-02,8.909548655356e-06,1.625139849801e+00,9.983709770005e-01,1.380919427101e-05
1.096564065605e-02,8.975987780806e-06,1.625139793949e+00,9.983628885785e-01,1.394666470519e-05
1.099283062052e-02,9.042923352448e-06,1.625139737538e+00,9.983547598131e-01,1.408550782980e-05
1.102008800414e-02,9.110357459209e-06,1.625139680568e+00,9.983465907975e-01,1.422573061397e-05
1.104741297407e-02,9.178294335637e-06,1.625139623030e+00,9.983383812378e-01,1.436734893677e-05
1.107480569792e-02,9.246738356993e-06,1.625139564919e+00,9.983301308196e-01,1.451037930949e-05
1.110226634366e-02,9.315692146842e-06,1.625139506230e+00,9.983218395491e-01,1.465483094101e-05
1.112979507973e-02,9.385160537783e-06,1.625139446956e+00,9.983135070375e-01,1.480072230322e-05
1.115739207494e-02,9.455147002384e-06,1.625139387092e+00,9.983051331460e-01,1.494806619980e-05
1.118505749857e-02,9.525654721965e-06,1.625139326633e+00,9.982967177910e-01,1.509687420865e-05
1.121279152027e-02,9.596689152061e-06,1.625139265571e+00,9.982882604863e-01,1.524716753701e-05
1.124059431015e-02,9.668252819474e-06,1.625139203902e+00,9.982797612737e-01,1.539895504117e-05
1.126846603872e-02,9.740349832573e-06,1.625139141619e+00,9.982712199160e-01,1.555225227382e-05
1.129640687690e-02,9.812985259323e-06,1.625139078715e+00,9.982626360105e-01,1.570707891420e-05
1.132441699608e-02,9.886161672415e-06,1.625139015186e+00,9.982540096014e-01,1.586344403245e-05
1.135249656803e-02,9.959883982314e-06,1.625138951024e+00,9.982453403227e-01,1.602136668832e-05
1.138064576496e-02,1.003415630866e-05,1.625138886223e+00,9.982366279531e-01,1.618086260262e-05
1.140886475951e-02,1.010898181124e-05,1.625138820778e+00,9.982278724440e-01,1.634194338255e-05
1.143715372476e-02,1.018436605667e-05,1.625138754680e+00,9.982190733286e-01,1.650463102033e-05
1.146551283420e-02,1.026031217075e-05,1.625138687925e+00,9.982102305725e-01,1.666893702046e-05
1.149394226175e-02,1.033682406591e-05,1.625138620506e+00,9.982013440070e-01,1.683487628181e-05
1.152244218177e-02,1.041390757123e-05,1.625138552414e+00,9.981924131348e-01,1.700247206159e-05
1.155101276906e-02,1.049156519246e-05,1.625138483645e+00,9.981834380409e-01,1.717173320577e-05
1.157965419883e-02,1.056980190937e-05,1.625138414192e+00,9.981744183845e-01,1.734267933341e-05
1.160836664675e-02,1.064862255485e-05,1.625138344046e+00,9.981653538557e-01,1.751532947626e-05
1.163715028890e-02,1.072803025264e-05,1.625138273204e+00,9.981562444436e-01,1.768969519706e-05
1.166600530183e-02,1.080803067355e-05,1.625138201655e+00,9.981470897031e-01,1.786579925834e-05
1.169493186249e-02,1.088862760627e-05,1.625138129394e+00,9.981378895176e-01,1.804365618913e-05
1.172393014830e-02,1.096982481917e-05,1.625138056415e+00,9.981286437772e-01,1.822328042534e-05
1.175300033709e-02,1.105162870283e-05,1.625137982707e+00,9.981193519296e-01,1.840469804547e-05
1.178214260717e-02,1.113404195203e-05,1.625137908267e+00,9.981100140572e-01,1.858791878553e-05
1.181135713726e-02,1.121706951464e-05,1.625137833086e+00,9.981006298625e-01,1.877296238233e-05
1.184064410652e-02,1.130071700872e-05,1.625137757156e+00,9.980911989404e-01,1.895985161757e-05
1.187000369459e-02,1.138498750567e-05,1.625137680470e+00,9.980817213206e-01,1.914859792331e-05
1.189943608152e-02,1.146988677243e-05,1.625137603021e+00,9.980721965825e-01,1.933922481000e-05
1.192894144781e-02,1.155541932999e-05,1.625137524800e+00,9.980626245203e-01,1.953175025159e-05
1.195851997444e-02,1.164158892833e-05,1.625137445803e+00,9.980530050620e-01,1.972618875727e-05
1.198817184280e-02,1.172840209256e-05,1.625137366016e+00,9.980433376754e-01,1.992256739259e-05
1.201789723474e-02,1.181586219410e-05,1.625137285437e+00,9.980336223612e-01,2.012089901152e-05
1.204769633259e-02,1.190397396844e-05,1.625137204056e+00,9.980238588955e-01,2.032120264101e-05
1.207756931908e-02,1.199274389678e-05,1.625137121863e+00,9.980140467705e-01,2.052350530153e-05
1.210751637744e-02,1.208217498008e-05,1.625137038853e+00,9.980041860604e-01,2.072781819437e-05
1.213753769132e-02,1.217227307194e-05,1.625136955017e+00,9.979942763711e-01,2.093416554658e-05
1.216763344486e-02,1.226304350110e-05,1.625136870345e+00,9.979843174013e-01,2.114256924614e-05
1.219780382262e-02,1.235448998278e-05,1.625136784832e+00,9.979743091195e-01,2.135304378957e-05
1.222804900965e-02,1.244661916913e-05,1.625136698466e+00,9.979642510168e-01,2.156561721500e-05
1.225836919144e-02,1.253943518097e-05,1.625136611241e+00,9.979541430046e-01,2.178030594216e-05
1.228876455394e-02,1.263294249686e-05,1.625136523149e+00,9.979439849398e-01,2.199712803710e-05
1.231923528356e-02,1.272714854574e-05,1.625136434177e+00,9.979337762040e-01,2.221611530295e-05
1.234978156719e-02,1.282205623803e-05,1.625136344321e+00,9.979235169192e-01,2.243727859456e-05
1.238040359216e-02,1.291767150297e-05,1.625136253571e+00,9.979132067211e-01,2.266064281398e-05
1.241110154628e-02,1.301400055898e-05,1.625136161916e+00,9.979028452051e-01,2.288623428630e-05
1.244187561782e-02,1.311104706826e-05,1.625136069350e+00,9.978924323838e-01,2.311406739472e-05
1.247272599552e-02,1.320881780107e-05,1.625135975862e+00,9.978819677742e-01,2.334417112641e-05
1.250365286859e-02,1.330731770673e-05,1.625135881443e+00,9.978714511916e-01,2.357656596731e-05
1.253465642669e-02,1.340655123175e-05,1.625135786086e+00,9.978608825363e-01,2.381127003280e-05
1.256573685998e-02,1.350652602240e-05,1.625135689777e+00,9.978502612027e-01,2.404831661977e-05
1.259689435907e-02,1.360724569834e-05,1.625135592510e+00,9.978395872331e-01,2.428771999716e-05
1.262812911504e-02,1.370871597778e-05,1.625135494276e+00,9.978288603398e-01,2.452950439081e-05
1.265944131947e-02,1.381094405775e-05,1.625135395062e+00,9.978180800070e-01,2.477370114559e-05
1.269083116440e-02,1.391393352699e-05,1.625135294862e+00,9.978072462951e-01,2.502032441424e-05
1.272229884232e-02,1.401769126345e-05,1.625135193664e+00,9.977963587498e-01,2.526940409894e-05
1.275384454625e-02,1.412222313092e-05,1.625135091458e+00,9.977854170827e-01,2.552096531055e-05
1.278546846964e-02,1.422753354371e-05,1.625134988236e+00,9.977744212381e-01,2.577502619864e-05
1.281717080645e-02,1.433363030247e-05,1.625134883985e+00,9.977633706348e-01,2.603162128569e-05
1.284895175110e-02,1.444051787377e-05,1.625134778697e+00,9.977522652192e-01,2.629076904210e-05
1.288081149852e-02,1.454820169615e-05,1.625134672361e+00,9.977411047902e-01,2.655249263742e-05
1.291275024410e-02,1.465669004174e-05,1.625134564965e+00,9.977298887124e-01,2.681682908492e-05
1.294476818371e-02,1.476598640311e-05,1.625134456501e+00,9.977186170979e-01,2.708379217115e-05
1.297686551372e-02,1.487609775372e-05,1.625134346958e+00,9.977072895241e-01,2.735341266727e-05
1.300904243099e-02,1.498703096524e-05,1.625134236322e+00,9.976959055911e-01,2.762572093219e-05
1.304129913287e-02,1.509879039918e-05,1.625134124587e+00,9.976844652906e-01,2.790073503229e-05
1.307363581717e-02,1.521138400081e-05,1.625134011739e+00,9.976729680689e-01,2.817849069143e-05
1.310605268222e-02,1.532481717373e-05,1.625133897767e+00,9.976614137688e-01,2.845901117708e-05
1.313854992683e-02,1.543909518596e-05,1.625133782662e+00,9.976498022579e-01,2.874231908209e-05
1.317112775031e-02,1.555422699492e-05,1.625133666409e+00,9.976381328479e-01,2.902845535483e-05
1.320378635247e-02,1.567021646628e-05,1.625133549000e+00,9.976264056312e-01,2.931743571386e-05
1.323652593358e-02,1.578707049007e-05,1.625133430422e+00,9.976146202456e-01,2.960929092119e-05
1.326934669446e-02,1.590479704725e-05,1.625133310662e+00,9.976027761708e-01,2.990405727824e-05
1.330224883638e-02,1.602340042356e-05,1.625133189712e+00,9.975908734499e-01,3.020175263120e-05
1.333523256114e-02,1.614288869734e-05,1.625133067558e+00,9.975789115603e-01,3.050241386887e-05
1.336829807103e-02,1.626326830721e-05,1.625132944186e+00,9.975668902323e-01,3.080606972099e-05
1.340144556883e-02,1.638454449313e-05,1.625132819588e+00,9.975548093810e-01,3.111274288150e-05
1.343467525784e-02,1.650672639957e-05,1.625132693748e+00,9.975426683440e-01,3.142247584036e-05
1.346798734187e-02,1.662981884898e-05,1.625132566655e+00,9.975304671104e-01,3.173528926367e-05
1.350138202520e-02,1.675382842799e-05,1.625132438300e+00,9.975182054109e-01,3.205121276350e-05
1.353485951266e-02,1.687876433685e-05,1.625132308663e+00,9.975058825958e-01,3.237028935708e-05
1.356842000956e-02,1.700463075991e-05,1.625132177738e+00,9.974934987643e-01,3.269253651138e-05
1.360206372173e-02,1.713143589512e-05,1.625132045509e+00,9.974810534275e-01,3.301799222948e-05
1.363579085550e-02,1.725918732256e-05,1.625131911962e+00,9.974685461950e-01,3.334669144572e-05
1.366960161772e-02,1.738789023096e-05,1.625131777089e+00,9.974559770332e-01,3.367865681828e-05
1.370349621576e-02,1.751755394118e-05,1.625131640871e+00,9.974433453091e-01,3.401393235470e-05
1.373747485749e-02,1.764818433513e-05,1.625131503297e+00,9.974306508994e-01,3.435254437730e-05
1.377153775130e-02,1.777978764918e-05,1.625131364356e+00,9.974178936339e-01,3.469452103390e-05
1.380568510611e-02,1.791237437376e-05,1.625131224027e+00,9.974050727311e-01,3.503991266541e-05
1.383991713133e-02,1.804594861186e-05,1.625131082304e+00,9.973921883432e-01,3.538873642835e-05
1.387423403691e-02,1.818051864928e-05,1.625130939171e+00,9.973792400213e-01,3.574103128900e-05
1.390863603332e-02,1.831609332312e-05,1.625130794611e+00,9.973662272448e-01,3.609683921381e-05
1.394312333155e-02,1.845267774499e-05,1.625130648614e+00,9.973531500359e-01,3.645618266519e-05
1.397769614310e-02,1.859028139950e-05,1.625130501162e+00,9.973400077940e-01,3.681910712975e-05
1.401235468002e-02,1.872891133958e-05,1.625130352242e+00,9.973268002749e-01,3.718564537796e-05
1.404709915486e-02,1.886857377971e-05,1.625130201842e+00,9.973135273594e-01,3.755582575179e-05
1.408192978071e-02,1.900927943640e-05,1.625130049941e+00,9.973001882934e-01,3.792970052811e-05
1.411684677118e-02,1.915103349317e-05,1.625129896530e+00,9.972867831176e-01,3.830729268579e-05
1.415185034044e-02,1.929384390784e-05,1.625129741593e+00,9.972733114831e-01,3.868863995410e-05
1.418694070314e-02,1.943772090005e-05,1.625129585111e+00,9.972597727295e-01,3.907379225335e-05
1.422211807451e-02,1.958266947540e-05,1.625129427073e+00,9.972461669390e-01,3.946277166400e-05
1.425738267028e-02,1.972869926735e-05,1.625129267461e+00,9.972324935476e-01,3.985562509660e-05
1.429273470674e-02,1.987581862121e-05,1.625129106259e+00,9.972187521802e-01,4.025239265380e-05
1.432817440069e-02,2.002403370347e-05,1.625128943456e+00,9.972049427731e-01,4.065310271250e-05
1.436370196949e-02,2.017335544511e-05,1.625128779028e+00,9.971910646033e-01,4.105780946269e-05
1.439931763103e-02,2.032379022708e-05,1.625128612965e+00,9.971771175902e-01,4.146654254875e-05
1.443502160374e-02,2.047534560805e-05,1.625128445251e+00,9.971631014944e-01,4.187933799430e-05
1.447081410660e-02,2.062803332630e-05,1.625128275863e+00,9.971490155047e-01,4.229625469952e-05
1.450669535911e-02,2.078185824931e-05,1.625128104791e+00,9.971348597686e-01,4.271731414734e-05
1.454266558135e-02,2.093683014209e-05,1.625127932017e+00,9.971206337621e-01,4.314256459798e-05
1.457872499391e-02,2.109295877406e-05,1.625127757520e+00,9.971063369694e-01,4.357205447220e-05
1.461487381795e-02,2.125025023458e-05,1.625127581290e+00,9.970919693869e-01,4.400581199510e-05
1.465111227518e-02,2.140871565525e-05,1.625127403302e+00,9.970775303263e-01,4.444389322998e-05
1.468744058783e-02,2.156836274157e-05,1.625127223543e+00,9.970630195761e-01,4.488633542929e-05
1.472385897871e-02,2.172919885756e-05,1.625127041998e+00,9.970484369772e-01,4.533317394902e-05
1.476036767118e-02,2.189123655822e-05,1.625126858640e+00,9.970337816719e-01,4.578447308400e-05
1.479696688915e-02,2.205448138679e-05,1.625126673460e+00,9.970190537626e-01,4.624025819736e-05
1.483365685708e-02,2.221894293665e-05,1.625126486438e+00,9.970042528082e-01,4.670057722743e-05
1.487043779998e-02,2.238463254441e-05,1.625126297550e+00,9.969893781413e-01,4.716548801168e-05
1.490730994344e-02,2.255155618976e-05,1.625126106785e+00,9.969744298233e-01,4.763501840559e-05
1.494427351360e-02,2.271972518849e-05,1.625125914120e+00,9.969594072047e-01,4.810922628654e-05
1.498132873714e-02,2.288914870891e-05,1.625125719536e+00,9.969443099326e-01,4.858815756762e-05
1.501847584134e-02,2.305983407247e-05,1.625125523018e+00,9.969291379077e-01,4.907184774122e-05
1.505571505401e-02,2.323179409422e-05,1.625125324540e+00,9.969138903053e-01,4.956036350959e-05
1.509304660355e-02,2.340503567029e-05,1.625125124088e+00,9.968985670971e-01,5.005373808601e-05
1.513047071891e-02,2.357956796063e-05,1.625124921642e+00,9.968831679597e-01,5.055201754726e-05
1.516798762961e-02,2.375540402426e-05,1.625124717177e+00,9.968676920625e-01,5.105527037071e-05
1.520559756574e-02,2.393254969499e-05,1.625124510679e+00,9.968521395372e-01,5.156352378963e-05
1.524330075796e-02,2.411101645365e-05,1.625124302126e+00,9.968365097774e-01,5.207683741357e-05
1.528109743752e-02,2.429081508150e-05,1.625124091494e+00,9.968208022780e-01,5.259526699076e-05
1.531898783621e-02,2.447195282464e-05,1.625123878769e+00,9.968050170042e-01,5.311884793229e-05
1.535697218642e-02,2.465444274300e-05,1.625123663923e+00,9.967891531685e-01,5.364764930788e-05
1.539505072111e-02,2.483829323041e-05,1.625123446938e+00,9.967732106012e-01,5.418171330259e-05
1.543322367381e-02,2.502351300614e-05,1.625123227798e+00,9.967571890961e-01,5.472108397581e-05
1.547149127863e-02,2.521011677478e-05,1.625123006470e+00,9.967410876792e-01,5.526584037576e-05
1.550985377029e-02,2.539811042918e-05,1.625122782942e+00,9.967249065265e-01,5.581601025156e-05
1.554831138404e-02,2.558750551129e-05,1.625122557190e+00,9.967086450896e-01,5.637165436076e-05
1.558686435576e-02,2.577831457845e-05,1.625122329187e+00,9.966923026992e-01,5.693283959582e-05
1.562551292188e-02,2.597054476474e-05,1.625122098918e+00,9.966758793910e-01,5.749960103209e-05
1.566425731945e-02,2.616420935691e-05,1.625121866355e+00,9.966593744187e-01,5.807201004388e-05
1.570309778608e-02,2.635931840399e-05,1.625121631476e+00,9.966427874598e-01,5.865011904115e-05
1.574203455997e-02,2.655588059084e-05,1.625121394262e+00,9.966261183725e-01,5.923397236164e-05
1.578106787994e-02,2.675391093658e-05,1.625121154682e+00,9.966093662178e-01,5.982365207789e-05
1.582019798536e-02,2.695341686201e-05,1.625120912720e+00,9.965925310307e-01,6.041919517863e-05
1.585942511623e-02,2.715440944017e-05,1.625120668351e+00,9.965756123893e-01,6.102066041243e-05
1.589874951313e-02,2.735690318146e-05,1.625120421544e+00,9.965586094480e-01,6.162812727416e-05
1.593817141723e-02,2.756090506709e-05,1.625120172284e+00,9.965415223183e-01,6.224163020753e-05
1.597769107031e-02,2.776642858950e-05,1.625119920543e+00,9.965243502998e-01,6.286124280211e-05
1.601730871475e-02,2.797348562404e-05,1.625119666293e+00,9.965070929053e-01,6.348702909149e-05
1.605702459351e-02,2.818208478430e-05,1.625119409516e+00,9.964897500629e-01,6.411903343837e-05
1.609683895017e-02,2.839224138735e-05,1.625119150179e+00,9.964723208730e-01,6.475734090114e-05
1.613675202893e-02,2.860396454688e-05,1.625118888261e+00,9.964548052179e-01,6.540199904249e-05
1.617676407456e-02,2.881726476639e-05,1.625118623741e+00,9.964372028134e-01,6.605306385822e-05
1.621687533246e-02,2.903215870135e-05,1.625118356579e+00,9.964195126242e-01,6.671062906834e-05
1.625708604863e-02,2.924865313467e-05,1.625118086763e+00,9.964017348438e-01,6.737472814253e-05
1.629739646969e-02,2.946676173988e-05,1.625117814261e+00,9.963838688229e-01,6.804543676599e-05
1.633780684286e-02,2.968649840457e-05,1.625117539043e+00,9.963659138965e-01,6.872283215568e-05
1.637831741597e-02,2.990787162976e-05,1.625117261089e+00,9.963478700687e-01,6.940695840223e-05
1.641892843749e-02,3.013089701071e-05,1.625116980366e+00,9.963297364837e-01,7.009790348449e-05
1.645964015647e-02,3.035558553340e-05,1.625116696848e+00,9.963115128587e-01,7.079572703067e-05
1.650045282260e-02,3.058194749120e-05,1.625116410512e+00,9.962931990025e-01,7.150048436500e-05
1.654136668619e-02,3.081000048103e-05,1.625116121319e+00,9.962747938468e-01,7.221227643528e-05
1.658238199816e-02,3.103975244891e-05,1.625115829250e+00,9.962562975027e-01,7.293114414461e-05
1.662349901005e-02,3.127121675046e-05,1.625115534277e+00,9.962377094339e-01,7.365716218534e-05
1.666471797405e-02,3.150440948732e-05,1.625115236361e+00,9.962190287845e-01,7.439042269574e-05
1.670603914295e-02,3.173933900191e-05,1.625114935485e+00,9.962002556405e-01,7.513096914813e-05
1.674746277016e-02,3.197602114434e-05,1.625114631611e+00,9.961813891951e-01,7.587889234546e-05
1.678898910975e-02,3.221446896789e-05,1.625114324711e+00,9.961624289876e-01,7.663426564694e-05
1.683061841639e-02,3.245469270170e-05,1.625114014761e+00,9.961433749018e-01,7.739714455544e-05
1.687235094539e-02,3.269671030419e-05,1.625113701719e+00,9.961242259114e-01,7.816763377750e-05
1.691418695270e-02,3.294053163419e-05,1.625113385564e+00,9.961049819626e-01,7.894578667114e-05
1.695612669491e-02,3.318616942839e-05,1.625113066266e+00,9.960856426676e-01,7.973167491691e-05
1.699817042923e-02,3.343364222143e-05,1.625112743780e+00,9.960662069650e-01,8.052540750915e-05
1.704031841351e-02,3.368295814589e-05,1.625112418090e+00,9.960466750294e-01,8.132702690045e-05
1.708257090625e-02,3.393413327947e-05,1.625112089158e+00,9.960270461085e-01,8.213662658573e-05
1.712492816658e-02,3.418718295468e-05,1.625111756948e+00,9.960073195494e-01,8.295429551326e-05
1.716739045428e-02,3.444211728995e-05,1.625111421436e+00,9.959874953177e-01,8.378008901817e-05
1.720995802977e-02,3.469895458356e-05,1.625111082580e+00,9.959675724341e-01,8.461411549957e-05
1.725263115413e-02,3.495770681152e-05,1.625110740351e+00,9.959475506664e-01,8.545644254529e-05
1.729541008905e-02,3.521838616380e-05,1.625110394721e+00,9.959274297652e-01,8.630713911445e-05
1.733829509692e-02,3.548101325145e-05,1.625110045641e+00,9.959072085170e-01,8.716632932740e-05
1.738128644074e-02,3.574559653435e-05,1.625109693091e+00,9.958868871235e-01,8.803405803600e-05
1.742438438417e-02,3.601215208826e-05,1.625109337034e+00,9.958664649156e-01,8.891041995989e-05
1.746758919155e-02,3.628069775498e-05,1.625108977426e+00,9.958459410332e-01,8.979552170738e-05
1.751090112784e-02,3.655124349038e-05,1.625108614245e+00,9.958253155308e-01,9.068941804123e-05
1.755432045867e-02,3.682380790688e-05,1.625108247445e+00,9.958045874811e-01,9.159222095047e-05
1.759784745035e-02,3.709840531992e-05,1.625107876992e+00,9.957837564595e-01,9.250401423558e-05
1.764148236981e-02,3.737504786599e-05,1.625107502859e+00,9.957628222978e-01,9.342486725048e-05
1.768522548468e-02,3.765375659360e-05,1.625107124992e+00,9.957417838267e-01,9.435490883910e-05
1.772907706322e-02,3.793454212318e-05,1.625106743367e+00,9.957206410703e-01,9.529419851466e-05
1.777303737439e-02,3.821741986023e-05,1.625106357948e+00,9.956993935189e-01,9.624282773664e-05
1.781710668779e-02,3.850241040549e-05,1.625105968684e+00,9.956780400903e-01,9.720092307982e-05
1.786128527370e-02,3.878952349447e-05,1.625105575551e+00,9.956565809347e-01,9.816853826431e-05
1.790557340307e-02,3.907877802369e-05,1.625105178503e+00,9.956350151828e-01,9.914578872448e-05
1.794997134751e-02,3.937019088942e-05,1.625104777499e+00,9.956133422024e-01,1.001327766863e-04
1.799447937932e-02,3.966377412248e-05,1.625104372511e+00,9.955915619134e-01,1.011295714953e-04
1.803909777147e-02,3.995954918522e-05,1.625103963484e+00,9.955696731964e-01,1.021363066543e-04
1.808382679760e-02,4.025752909134e-05,1.625103550387e+00,9.955476758828e-01,1.031530584495e-04
1.812866673204e-02,4.055772843379e-05,1.625103133185e+00,9.955255696369e-01,1.041799138996e-04
1.817361784978e-02,4.086017084313e-05,1.625102711818e+00,9.955033531374e-01,1.052170221124e-04
1.821868042653e-02,4.116486577025e-05,1.625102286264e+00,9.954810266379e-01,1.062644352215e-04
1.826385473863e-02,4.147183236079e-05,1.625101856474e+00,9.954585893335e-01,1.073222719138e-04
1.830914106316e-02,4.178109035414e-05,1.625101422400e+00,9.954360403680e-01,1.083906553082e-04
1.835453967785e-02,4.209265161703e-05,1.625100984012e+00,9.954133797572e-01,1.094696542692e-04
1.840005086113e-02,4.240653799744e-05,1.625100541256e+00,9.953906064372e-01,1.105594068513e-04
1.844567489212e-02,4.272276515548e-05,1.625100094091e+00,9.953677200314e-01,1.116600084740e-04
1.849141205063e-02,4.304134747818e-05,1.625099642484e+00,9.953447203101e-01,1.127715456977e-04
1.853726261718e-02,4.336230962828e-05,1.625099186368e+00,9.953216059433e-01,1.138941770093e-04
1.858322687296e-02,4.368566299201e-05,1.625098725719e+00,9.952983770482e-01,1.150279683374e-04
1.862930509987e-02,4.401142616010e-05,1.625098260488e+00,9.952750329737e-01,1.161730360374e-04
1.867549758051e-02,4.433962199971e-05,1.625097790616e+00,9.952515726225e-01,1.173295268702e-04
1.872180459819e-02,4.467026214837e-05,1.625097316075e+00,9.952279961139e-01,1.184975086688e-04
1.876822643689e-02,4.500336880647e-05,1.625096836808e+00,9.952043024462e-01,1.196771238829e-04
1.881476338133e-02,4.533896055568e-05,1.625096352766e+00,9.951804910180e-01,1.208684897000e-04
1.886141571691e-02,4.567705168644e-05,1.625095863915e+00,9.951565616948e-01,1.220716929042e-04
1.890818372977e-02,4.601766736388e-05,1.625095370188e+00,9.951325131994e-01,1.232868978497e-04
1.895506770672e-02,4.636082167864e-05,1.625094871549e+00,9.951083454413e-01,1.245141902240e-04
1.900206793531e-02,4.670653233770e-05,1.625094367954e+00,9.950840579566e-01,1.257536815124e-04
1.904918470378e-02,4.705482564488e-05,1.625093859332e+00,9.950596493890e-01,1.270055451778e-04
1.909641830112e-02,4.740571293595e-05,1.625093345657e+00,9.950351199698e-01,1.282698473840e-04
1.914376901699e-02,4.775921672505e-05,1.625092826868e+00,9.950104687658e-01,1.295467347624e-04
1.919123714181e-02,4.811535881431e-05,1.625092302908e+00,9.949856949337e-01,1.308363492079e-04
1.923882296669e-02,4.847415333184e-05,1.625091773742e+00,9.949607984422e-01,1.321387771773e-04
1.928652678348e-02,4.883562591428e-05,1.625091239301e+00,9.949357780732e-01,1.334541887822e-04
1.933434888476e-02,4.919979364504e-05,1.625090699541e+00,9.949106335116e-01,1.347826922778e-04
1.938228956380e-02,4.956667356501e-05,1.625090154418e+00,9.948853644558e-01,1.361243955826e-04
1.943034911463e-02,4.993629456310e-05,1.625089603852e+00,9.948599693944e-01,1.374794935761e-04
1.947852783201e-02,5.030866877937e-05,1.625089047815e+00,9.948344485566e-01,1.388480587061e-04
1.952682601141e-02,5.068381860138e-05,1.625088486246e+00,9.948088011260e-01,1.402302386110e-04
1.957524394905e-02,5.106176937630e-05,1.625087919077e+00,9.947830259986e-01,1.416262031689e-04
1.962378194187e-02,5.144253499649e-05,1.625087346272e+00,9.947571232549e-01,1.430360378655e-04
1.967244028756e-02,5.182614153356e-05,1.625086767760e+00,9.947310917430e-01,1.444599184028e-04
1.972121928453e-02,5.221260937714e-05,1.625086183487e+00,9.947049309047e-01,1.458979787407e-04
1.977011923196e-02,5.260195548578e-05,1.625085593408e+00,9.946786405415e-01,1.473503273494e-04
1.981914042975e-02,5.299420935668e-05,1.625084997443e+00,9.946522191974e-01,1.488171664847e-04
1.986828317854e-02,5.338938618477e-05,1.625084395550e+00,9.946256668777e-01,1.502985918563e-04
1.991754777973e-02,5.378750739968e-05,1.625083787674e+00,9.945989829677e-01,1.517947458156e-04
1.996693453545e-02,5.418860224580e-05,1.625083173732e+00,9.945721660829e-01,1.533058298718e-04
2.001644374860e-02,5.459268429798e-05,1.625082553689e+00,9.945452164247e-01,1.548319277921e-04
2.006607572281e-02,5.499978001997e-05,1.625081927473e+00,9.945181329145e-01,1.563732206348e-04
2.011583076249e-02,5.540991344831e-05,1.625081295017e+00,9.944909147325e-01,1.579298715648e-04
2.016570917278e-02,5.582310138525e-05,1.625080656276e+00,9.944635617913e-01,1.595019889627e-04
2.021571125957e-02,5.623937390254e-05,1.625080011167e+00,9.944360726981e-01,1.610897823515e-04
2.026583732955e-02,5.665874957837e-05,1.625079359639e+00,9.944084472152e-01,1.626933740450e-04
2.031608769013e-02,5.708124868332e-05,1.625078701637e+00,9.943806849474e-01,1.643128992330e-04
2.036646264949e-02,5.750690474104e-05,1.625078037064e+00,9.943527842089e-01,1.659485951147e-04
2.041696251659e-02,5.793573091795e-05,1.625077365889e+00,9.943247453316e-01,1.676005428750e-04
2.046758760114e-02,5.836775402029e-05,1.625076688035e+00,9.942965673183e-01,1.692689286175e-04
2.051833821363e-02,5.880300210143e-05,1.625076003423e+00,9.942682490668e-01,1.709539486154e-04
2.056921466531e-02,5.924149172468e-05,1.625075312008e+00,9.942397906105e-01,1.726557104076e-04
2.062021726820e-02,5.968325349615e-05,1.625074613703e+00,9.942111906272e-01,1.743744306089e-04
2.067134633512e-02,6.012830973444e-05,1.625073908445e+00,9.941824486166e-01,1.761102618703e-04
2.072260217962e-02,6.057668054656e-05,1.625073196181e+00,9.941535643042e-01,1.778633396063e-04
2.077398511607e-02,6.102840049673e-05,1.625072476808e+00,9.941245360333e-01,1.796339126201e-04
2.082549545960e-02,6.148348589498e-05,1.625071750284e+00,9.940953639241e-01,1.814220871184e-04
2.087713352611e-02,6.194196261515e-05,1.625071016534e+00,9.940660471863e-01,1.832280443187e-04
2.092889963231e-02,6.240386312905e-05,1.625070275465e+00,9.940365844143e-01,1.850520179503e-04
2.098079409568e-02,6.286920366883e-05,1.625069527032e+00,9.940069757720e-01,1.868941138354e-04
2.103281723449e-02,6.333801532772e-05,1.625068771145e+00,9.939772200156e-01,1.887545554259e-04
2.108496936780e-02,6.381032455289e-05,1.625068007729e+00,9.939473163617e-01,1.906335298790e-04
2.113725081545e-02,6.428615130663e-05,1.625067236727e+00,9.939172646559e-01,1.925311728687e-04
2.118966189809e-02,6.476553085111e-05,1.625066458036e+00,9.938870633083e-01,1.944477423538e-04
2.124220293716e-02,6.524848331973e-05,1.625065671599e+00,9.938567121769e-01,1.963833758841e-04
2.129487425489e-02,6.573503332465e-05,1.625064877345e+00,9.938262107080e-01,1.983382468054e-04
2.134767617431e-02,6.622521819175e-05,1.625064075163e+00,9.937955571697e-01,2.003126311421e-04
2.140060901926e-02,6.671905371942e-05,1.625063265011e+00,9.937647518667e-01,2.023066319864e-04
2.145367311438e-02,6.721657143300e-05,1.625062446796e+00,9.937337936423e-01,2.043204792826e-04
2.150686878511e-02,6.771780232986e-05,1.625061620424e+00,9.937026814078e-01,2.063543993431e-04
2.156019635771e-02,6.822276613455e-05,1.625060785842e+00,9.936714151390e-01,2.084085272247e-04
2.161365615921e-02,6.873149876314e-05,1.625059942942e+00,9.936399933212e-01,2.104831298605e-04
2.166724851751e-02,6.924402457918e-05,1.625059091651e+00,9.936084155288e-01,2.125783805867e-04
2.172097376128e-02,6.976036740285e-05,1.625058231903e+00,9.935766813984e-01,2.146944482661e-04
2.177483222002e-02,7.028056772342e-05,1.625057363572e+00,9.935447890470e-01,2.168316388499e-04
2.182882422403e-02,7.080464295472e-05,1.625056486612e+00,9.935127387322e-01,2.189900692820e-04
2.188295010447e-02,7.133262426956e-05,1.625055600928e+00,9.934805294598e-01,2.211699696343e-04
2.193721019327e-02,7.186454767331e-05,1.625054706411e+00,9.934481598125e-01,2.233716105553e-04
2.199160482323e-02,7.240043254886e-05,1.625053803007e+00,9.934156299069e-01,2.255951254610e-04
2.204613432793e-02,7.294031541415e-05,1.625052890603e+00,9.933829383121e-01,2.278407899858e-04
2.210079904182e-02,7.348422530511e-05,1.625051969112e+00,9.933500842964e-01,2.301088182148e-04
2.215559930014e-02,7.403218591588e-05,1.625051038466e+00,9.933170676258e-01,2.323993797683e-04
2.221053543900e-02,7.458423858128e-05,1.625050098536e+00,9.932838864884e-01,2.347127921106e-04
2.226560779531e-02,7.514040503422e-05,1.625049149259e+00,9.932505408588e-01,2.370492090894e-04
2.232081670684e-02,7.570071507871e-05,1.625048190544e+00,9.932170299973e-01,2.394088522070e-04
2.237616251218e-02,7.626521022484e-05,1.625047222263e+00,9.931833521335e-01,2.417920422164e-04
2.243164555077e-02,7.683390939816e-05,1.625046244361e+00,9.931495075362e-01,2.441989097050e-04
2.248726616288e-02,7.740684965757e-05,1.625045256724e+00,9.931154948675e-01,2.466297386288e-04
2.254302468964e-02,7.798406519193e-05,1.625044259245e+00,9.930813130655e-01,2.490847893591e-04
2.259892147301e-02,7.856557946462e-05,1.625043251856e+00,9.930469620368e-01,2.515642312515e-04
2.265495685582e-02,7.915143460785e-05,1.625042234423e+00,9.930124400491e-01,2.540683931025e-04
2.271113118172e-02,7.974165713694e-05,1.625041206866e+00,9.929777467711e-01,2.565974709499e-04
2.276744479524e-02,8.033627524862e-05,1.625040169100e+00,9.929428817356e-01,2.591516751460e-04
2.282389804174e-02,8.093533635892e-05,1.625039120973e+00,9.929078428049e-01,2.617313817823e-04
2.288049126746e-02,8.153885894503e-05,1.625038062431e+00,9.928726304001e-01,2.643367184286e-04
2.293722481948e-02,8.214688049034e-05,1.625036993358e+00,9.928372432902e-01,2.669679764676e-04
2.299409904574e-02,8.275944085847e-05,1.625035913626e+00,9.928016800577e-01,2.696254687289e-04
2.305111429507e-02,8.337656316504e-05,1.625034823166e+00,9.927659407612e-01,2.723093631074e-04
2.310827091713e-02,8.399829028238e-05,1.625033721840e+00,9.927300237578e-01,2.750199994428e-04
2.316556926247e-02,8.462465401200e-05,1.625032609550e+00,9.926939283854e-01,2.777576218697e-04
2.322300968249e-02,8.525568245217e-05,1.625031486209e+00,9.926576543163e-01,2.805224421902e-04
2.328059252949e-02,8.589142404072e-05,1.625030351659e+00,9.926211994878e-01,2.833148509490e-04
2.333831815661e-02,8.653190213206e-05,1.625029205830e+00,9.925845640160e-01,2.861350191388e-04
2.339618691790e-02,8.717715273007e-05,1.625028048607e+00,9.925477469439e-01,2.889832289220e-04
2.345419916825e-02,8.782722193946e-05,1.625026879840e+00,9.925107464715e-01,2.918598524616e-04
2.351235526346e-02,8.848213239765e-05,1.625025699460e+00,9.924735628221e-01,2.947650548008e-04
2.357065556019e-02,8.914192764982e-05,1.625024507326e+00,9.924361944519e-01,2.976991864086e-04
2.362910041602e-02,8.980664533122e-05,1.625023303317e+00,9.923986403418e-01,3.006625461096e-04
2.368769018937e-02,9.047631332394e-05,1.625022087346e+00,9.923609003157e-01,3.036553459653e-04
2.374642523959e-02,9.115098103507e-05,1.625020859248e+00,9.923229723956e-01,3.066779908009e-04
2.380530592689e-02,9.183067722381e-05,1.625019618934e+00,9.922848563672e-01,3.097307013196e-04
2.386433261239e-02,9.251543609304e-05,1.625018366295e+00,9.922465515717e-01,3.128137469652e-04
2.392350565810e-02,9.320531060300e-05,1.625017101152e+00,9.922080557979e-01,3.159275668853e-04
2.398282542693e-02,9.390032276772e-05,1.625015823439e+00,9.921693694470e-01,3.190723216605e-04
2.404229228269e-02,9.460051672698e-05,1.625014533011e+00,9.921304910851e-01,3.222483718327e-04
2.410190659009e-02,9.530593654451e-05,1.625013229721e+00,9.920914193084e-01,3.254560782684e-04
2.416166871475e-02,9.601660975450e-05,1.625011913482e+00,9.920521541051e-01,3.286956518928e-04
2.422157902318e-02,9.673258667043e-05,1.625010584125e+00,9.920126935921e-01,3.319675115117e-04
2.428163788281e-02,9.745390203013e-05,1.625009241537e+00,9.919730371979e-01,3.352719345673e-04
2.434184566200e-02,9.818058912631e-05,1.625007885611e+00,9.919331844849e-01,3.386091852305e-04
2.440220272999e-02,9.891270470276e-05,1.625006516152e+00,9.918931331079e-01,3.419797437684e-04
2.446270945696e-02,9.965027372715e-05,1.625005133082e+00,9.918528833527e-01,3.453837988161e-04
2.452336621399e-02,1.003933395974e-04,1.625003736257e+00,9.918124340091e-01,3.488217088093e-04
2.458417337309e-02,1.011419534515e-04,1.625002325500e+00,9.917717832594e-01,3.522939048487e-04
2.464513130719e-02,1.018961423285e-04,1.625000900728e+00,9.917309312693e-01,3.558005950950e-04
2.470624039015e-02,1.026559573741e-04,1.624999461765e+00,9.916898762618e-01,3.593422118885e-04
2.476750099675e-02,1.034214399288e-04,1.624998008472e+00,9.916486172794e-01,3.629190972590e-04
2.482891350270e-02,1.041926230932e-04,1.624996540740e+00,9.916071540479e-01,3.665315163887e-04
2.489047828465e-02,1.049695647859e-04,1.624995058369e+00,9.915654843121e-01,3.701799675062e-04
2.495219572017e-02,1.057522960806e-04,1.624993561256e+00,9.915236080009e-01,3.738646977816e-04
2.501406618778e-02,1.065408584194e-04,1.624992049263e+00,9.914815242256e-01,3.775860517655e-04
2.507609006693e-02,1.073353107148e-04,1.624990522181e+00,9.914392307231e-01,3.813445399124e-04
2.513826773802e-02,1.081356793473e-04,1.624988979928e+00,9.913967278514e-01,3.851403657302e-04
2.520059958237e-02,1.089420162083e-04,1.624987422324e+00,9.913540139510e-01,3.889739744788e-04
2.526308598227e-02,1.097543699183e-04,1.624985849199e+00,9.913110876482e-01,3.928457815314e-04
2.532572732095e-02,1.105727732378e-04,1.624984260445e+00,9.912679488461e-01,3.967560514534e-04
2.538852398260e-02,1.113972851914e-04,1.624982655854e+00,9.912245953906e-01,4.007053001327e-04
2.545147635234e-02,1.122279436121e-04,1.624981035298e+00,9.911810268247e-01,4.046938416350e-04
2.551458481625e-02,1.130647879156e-04,1.624979398642e+00,9.911372425826e-01,4.087220050942e-04
2.557784976140e-02,1.139078845556e-04,1.624977745647e+00,9.910932400012e-01,4.127903808934e-04
2.564127157577e-02,1.147572600652e-04,1.624976076229e+00,9.910490195678e-01,4.168991752763e-04
2.570485064834e-02,1.156129666497e-04,1.624974390204e+00,9.910045797790e-01,4.210488424250e-04
2.576858736904e-02,1.164750609459e-04,1.624972687368e+00,9.909599188130e-01,4.252398808148e-04
2.583248212877e-02,1.173435752084e-04,1.624970967616e+00,9.909150367647e-01,4.294725524912e-04
2.589653531939e-02,1.182185694862e-04,1.624969230732e+00,9.908699315929e-01,4.337473905265e-04
2.596074733374e-02,1.191000890823e-04,1.624967476555e+00,9.908246024237e-01,4.380647852233e-04
2.602511856564e-02,1.199881732570e-04,1.624965704952e+00,9.907790488674e-01,4.424250677766e-04
2.608964940987e-02,1.208828898842e-04,1.624963915674e+00,9.907332683560e-01,4.468288511227e-04
2.615434026221e-02,1.217842723923e-04,1.624962108608e+00,9.906872609921e-01,4.512764103847e-04
2.621919151940e-02,1.226923708705e-04,1.624960283577e+00,9.906410256182e-01,4.557681847536e-04
2.628420357917e-02,1.236072507703e-04,1.624958440339e+00,9.905945599304e-01,4.603047666748e-04
2.634937684025e-02,1.245289436558e-04,1.624956578791e+00,9.905478642314e-01,4.648864134615e-04
2.641471170235e-02,1.254575105046e-04,1.624954698708e+00,9.905009366055e-01,4.695136746974e-04
2.648020856616e-02,1.263930048620e-04,1.624952799897e+00,9.904537757287e-01,4.741870273463e-04
2.654586783337e-02,1.273354656660e-04,1.624950882224e+00,9.904063814025e-01,4.789068027683e-04
2.661168990668e-02,1.282849621358e-04,1.624948945429e+00,9.903587511664e-01,4.836736361582e-04
2.667767518978e-02,1.292415353390e-04,1.624946989370e+00,9.903108847064e-01,4.884878814627e-04
2.674382408734e-02,1.302052327945e-04,1.624945013876e+00,9.902627812411e-01,4.933499573277e-04
2.681013700507e-02,1.311761296344e-04,1.624943018663e+00,9.902144379486e-01,4.982605622622e-04
2.687661434966e-02,1.321542565274e-04,1.624941003630e+00,9.901658553560e-01,5.032199462862e-04
2.694325652882e-02,1.331396752681e-04,1.624938968547e+00,9.901170316865e-01,5.082286745946e-04
2.701006395127e-02,1.341324484828e-04,1.624936913180e+00,9.900679651315e-01,5.132873224359e-04
2.707703702673e-02,1.351326146006e-04,1.624934837396e+00,9.900186556995e-01,5.183962191119e-04
2.714417616595e-02,1.361402440964e-04,1.624932740927e+00,9.899691010503e-01,5.235560215797e-04
2.721148178070e-02,1.371553864864e-04,1.624930623593e+00,9.899193004195e-01,5.287671737239e-04
2.727895428376e-02,1.381780882957e-04,1.624928485227e+00,9.898692532816e-01,5.340300886985e-04
2.734659408895e-02,1.392084290400e-04,1.624926325521e+00,9.898189567164e-01,5.393455202592e-04
2.741440161109e-02,1.402464445008e-04,1.624924144353e+00,9.897684110352e-01,5.447137724464e-04
2.748237726606e-02,1.412921950827e-04,1.624921941495e+00,9.897176147671e-01,5.501354034838e-04
2.755052147074e-02,1.423457534032e-04,1.624919716669e+00,9.896665655818e-01,5.556110998527e-04
2.761883464307e-02,1.434071571746e-04,1.624917469742e+00,9.896152637120e-01,5.611411862064e-04
2.768731720202e-02,1.444764780215e-04,1.624915200439e+00,9.895637069516e-01,5.667263405351e-04
2.775596956758e-02,1.455537747885e-04,1.624912908539e+00,9.895118940497e-01,5.723671090690e-04
2.782479216081e-02,1.466390937098e-04,1.624910593872e+00,9.894598246871e-01,5.780639062560e-04
2.789378540378e-02,1.477325159321e-04,1.624908256121e+00,9.894074960574e-01,5.838175138528e-04
2.796294971965e-02,1.488340858676e-04,1.624905895125e+00,9.893549080222e-01,5.896283287190e-04
2.803228553259e-02,1.499438611269e-04,1.624903510666e+00,9.893020595162e-01,5.954968865862e-04
2.810179326784e-02,1.510619253064e-04,1.624901102414e+00,9.892489476478e-01,6.014239995816e-04
2.817147335170e-02,1.521883151698e-04,1.624898670240e+00,9.891955728925e-01,6.074099847065e-04
2.824132621151e-02,1.533231033679e-04,1.624896213860e+00,9.891419331925e-01,6.134555399866e-04
2.831135227568e-02,1.544663590297e-04,1.624893733006e+00,9.890880267728e-01,6.195613278381e-04
2.838155197368e-02,1.556181278881e-04,1.624891227509e+00,9.890338535375e-01,6.257277614084e-04
2.845192573604e-02,1.567784926229e-04,1.624888697040e+00,9.889794108084e-01,6.319556499486e-04
2.852247399438e-02,1.579475071985e-04,1.624886141396e+00,9.889246979607e-01,6.382454963569e-04
2.859319718136e-02,1.591252267039e-04,1.624883560366e+00,9.888697143104e-01,6.445978154554e-04
2.866409573072e-02,1.603117442637e-04,1.624880953575e+00,9.888144565404e-01,6.510135338127e-04
2.873517007730e-02,1.615070979572e-04,1.624878320887e+00,9.887589252110e-01,6.574929845456e-04
2.880642065699e-02,1.627113604784e-04,1.624875662014e+00,9.887031184877e-01,6.640368753325e-04
2.887784790677e-02,1.639246122780e-04,1.624872976634e+00,9.886470340306e-01,6.706460001987e-04
2.894945226470e-02,1.651468983532e-04,1.624870264581e+00,9.885906719862e-01,6.773207679609e-04
2.902123416994e-02,1.663783028001e-04,1.624867525514e+00,9.885340298193e-01,6.840620145835e-04
2.909319406272e-02,1.676188901377e-04,1.624864759180e+00,9.884771063792e-01,6.908703637688e-04
2.916533238438e-02,1.688687152114e-04,1.624861965370e+00,9.884199012042e-01,6.977463332170e-04
2.923764957734e-02,1.701278731186e-04,1.624859143692e+00,9.883624110982e-01,7.046908846578e-04
2.931014608512e-02,1.713964116854e-04,1.624856293966e+00,9.883046361361e-01,7.117044604332e-04
2.938282235234e-02,1.726744005792e-04,1.624853415914e+00,9.882465749200e-01,7.187877438526e-04
2.945567882474e-02,1.739619326982e-04,1.624850509154e+00,9.881882245028e-01,7.259416777233e-04
2.952871594913e-02,1.752590520427e-04,1.624847573523e+00,9.881295852929e-01,7.331666630106e-04
2.960193417346e-02,1.765658439885e-04,1.624844608670e+00,9.880706549137e-01,7.404635612955e-04
2.967533394677e-02,1.778823846980e-04,1.624841614286e+00,9.880114316478e-01,7.478331335594e-04
2.974891571923e-02,1.792087285368e-04,1.624838590161e+00,9.879519152746e-01,7.552758973570e-04
2.982267994211e-02,1.805449724677e-04,1.624835535889e+00,9.878921027340e-01,7.627928490773e-04
2.989662706781e-02,1.818911751128e-04,1.624832451241e+00,9.878319935757e-01,7.703845560069e-04
2.997075754984e-02,1.832474024702e-04,1.624829335952e+00,9.877715868766e-01,7.780516682676e-04
3.004507184286e-02,1.846137611071e-04,1.624826189571e+00,9.877108790372e-01,7.857952965541e-04
3.011957040264e-02,1.859902937359e-04,1.624823011939e+00,9.876498707485e-01,7.936158299084e-04
3.019425368606e-02,1.873770868539e-04,1.624819802696e+00,9.875885598099e-01,8.015141540692e-04
3.026912215117e-02,1.887742294488e-04,1.624816561471e+00,9.875269438931e-01,8.094911856630e-04
3.034417625714e-02,1.901817751428e-04,1.624813288054e+00,9.874650230389e-01,8.175474385570e-04
3.041941646426e-02,1.915998226353e-04,1.624809982026e+00,9.874027943396e-01,8.256839429759e-04
3.049484323400e-02,1.930284424859e-04,1.624806643099e+00,9.873402567769e-01,8.339014087159e-04
3.057045702895e-02,1.944676996971e-04,1.624803271011e+00,9.872774097219e-01,8.422004816652e-04
3.064625831284e-02,1.959177056784e-04,1.624799865281e+00,9.872142495388e-01,8.505823444652e-04
3.072224755056e-02,1.973785116822e-04,1.624796425709e+00,9.871507765597e-01,8.590474867251e-04
3.079842520816e-02,1.988502017612e-04,1.624792951943e+00,9.870869889991e-01,8.675967774073e-04
3.087479175284e-02,2.003328790117e-04,1.624789443539e+00,9.870228838714e-01,8.762313092398e-04
3.095134765295e-02,2.018265960171e-04,1.624785900290e+00,9.869584615003e-01,8.849515882774e-04
3.102809337802e-02,2.033314530635e-04,1.624782321765e+00,9.868937191476e-01,8.937586773851e-04
3.110502939871e-02,2.048475338876e-04,1.624778707610e+00,9.868286551823e-01,9.026534484751e-04
3.118215618689e-02,2.063749030517e-04,1.624775057561e+00,9.867632692355e-01,9.116365489706e-04
3.125947421558e-02,2.079136742278e-04,1.624771371121e+00,9.866975578160e-01,9.207092051151e-04
3.133698395895e-02,2.094639108653e-04,1.624767648029e+00,9.866315206888e-01,9.298720536421e-04
3.141468589239e-02,2.110256930247e-04,1.624763887948e+00,9.865651565801e-01,9.391259270780e-04
3.149258049244e-02,2.125991393032e-04,1.624760090353e+00,9.864984617977e-01,9.484721170165e-04
3.157066823683e-02,2.141843009176e-04,1.624756255044e+00,9.864314369711e-01,9.579111169213e-04
3.164894960447e-02,2.157812795643e-04,1.624752381575e+00,9.863640795501e-01,9.674440206750e-04
3.172742507546e-02,2.173901735046e-04,1.624748469517e+00,9.862963872431e-01,9.770718841695e-04
3.180609513110e-02,2.190110465629e-04,1.624744518609e+00,9.862283599631e-01,9.867953522270e-04
3.188496025386e-02,2.206440145331e-04,1.624740528335e+00,9.861599943813e-01,9.966156938404e-04
3.196402092742e-02,2.222891543609e-04,1.624736498367e+00,9.860912896493e-01,1.006533713756e-03
3.204327763668e-02,2.239465430218e-04,1.624732428379e+00,9.860222449425e-01,1.016550216857e-03
3.212273086771e-02,2.256163109924e-04,1.624728317779e+00,9.859528561303e-01,1.026666656839e-03
3.220238110779e-02,2.272985128891e-04,1.624724166350e+00,9.858831238517e-01,1.036883571138e-03
3.228222884542e-02,2.289932499055e-04,1.624719973642e+00,9.858130458710e-01,1.047202061850e-03
3.236227457032e-02,2.307006362894e-04,1.624715739143e+00,9.857426191853e-01,1.057623393206e-03
3.244251877340e-02,2.324207347953e-04,1.624711462593e+00,9.856718440132e-01,1.068148202598e-03
3.252296194680e-02,2.341536631725e-04,1.624707143460e+00,9.856007172068e-01,1.078777800479e-03
3.260360458387e-02,2.358995132754e-04,1.624702781339e+00,9.855292372554e-01,1.089513182934e-03
3.268444717921e-02,2.376583617010e-04,1.624698375900e+00,9.854574036148e-01,1.100355158752e-03
3.276549022862e-02,2.394303416626e-04,1.624693926531e+00,9.853852123077e-01,1.111305236374e-03
3.284673422913e-02,2.412155215507e-04,1.624689432943e+00,9.853126633614e-01,1.122364126354e-03
3.292817967902e-02,2.430139982297e-04,1.624684894705e+00,9.852397550913e-01,1.133532891171e-03
3.300982707780e-02,2.448259035208e-04,1.624680311206e+00,9.851664837296e-01,1.144813030509e-03
3.309167692620e-02,2.466512987380e-04,1.624675682193e+00,9.850928498252e-01,1.156205168726e-03
3.317372972622e-02,2.484903033917e-04,1.624671007116e+00,9.850188504312e-01,1.167710655941e-03
3.325598598108e-02,2.503430257792e-04,1.624666285484e+00,9.849444833227e-01,1.179330705595e-03
3.333844619527e-02,2.522095417839e-04,1.624661516967e+00,9.848697482596e-01,1.191066125559e-03
3.342111087451e-02,2.540899872022e-04,1.624656700930e+00,9.847946414375e-01,1.202918478157e-03
3.350398052578e-02,2.559844456776e-04,1.624651837004e+00,9.847191622213e-01,1.214888671897e-03
3.358705565733e-02,2.578930088367e-04,1.624646924779e+00,9.846433095257e-01,1.226977715632e-03
3.367033677866e-02,2.598158277947e-04,1.624641963538e+00,9.845670787612e-01,1.239187374662e-03
3.375382440053e-02,2.617529620136e-04,1.624636953034e+00,9.844904708333e-01,1.251518253829e-03
3.383751903497e-02,2.637045325389e-04,1.624631892703e+00,9.844134830177e-01,1.263971740550e-03
3.392142119528e-02,2.656706657770e-04,1.624626781953e+00,9.843361123198e-01,1.276549294617e-03
3.400553139604e-02,2.676514365233e-04,1.624621620457e+00,9.842583588296e-01,1.289251717336e-03
3.408985015309e-02,2.696469829738e-04,1.624616407559e+00,9.841802189354e-01,1.302080623542e-03
3.417437798356e-02,2.716574056330e-04,1.624611142798e+00,9.841016912867e-01,1.315037147431e-03
3.425911540587e-02,2.736827952916e-04,1.624605825763e+00,9.840227751330e-01,1.328122298091e-03
3.434406293970e-02,2.757233080093e-04,1.624600455702e+00,9.839434659497e-01,1.341337930261e-03
3.442922110604e-02,2.777790171537e-04,1.624595032293e+00,9.838637640800e-01,1.354684831506e-03
3.451459042717e-02,2.798500396405e-04,1.624589554987e+00,9.837836673606e-01,1.368164353608e-03
3.460017142665e-02,2.819365217932e-04,1.624584023077e+00,9.837031719689e-01,1.381778235003e-03
3.468596462937e-02,2.840385369013e-04,1.624578436244e+00,9.836222783517e-01,1.395527263854e-03
3.477197056148e-02,2.861562253454e-04,1.624572793809e+00,9.835409831123e-01,1.409413105542e-03
3.485818975046e-02,2.882897062384e-04,1.624567095208e+00,9.834592841279e-01,1.423437150903e-03
3.494462272510e-02,2.904390697054e-04,1.624561340030e+00,9.833771809763e-01,1.437600410577e-03
3.503127001549e-02,2.926044749401e-04,1.624555527493e+00,9.832946693163e-01,1.451904807076e-03
3.511813215304e-02,2.947860125414e-04,1.624549657182e+00,9.832117487766e-01,1.466351361023e-03
3.520520967048e-02,2.969837937203e-04,1.624543728572e+00,9.831284178393e-01,1.480941365151e-03
3.529250310185e-02,2.991979866780e-04,1.624537740828e+00,9.830446717925e-01,1.495676872462e-03
3.538001298253e-02,3.014286627341e-04,1.624531693638e+00,9.829605114683e-01,1.510558650366e-03
3.546773984921e-02,3.036759642023e-04,1.624525586306e+00,9.828759337080e-01,1.525588412138e-03
3.555568423992e-02,3.059400307019e-04,1.624519418148e+00,9.827909355569e-01,1.540767839763e-03
3.564384669403e-02,3.082209512707e-04,1.624513188755e+00,9.827055169485e-01,1.556097938829e-03
3.573222775224e-02,3.105188880346e-04,1.624506897318e+00,9.826196737473e-01,1.571580698178e-03
3.582082795659e-02,3.128339506543e-04,1.624500543315e+00,9.825334048094e-01,1.587217404466e-03
3.590964785046e-02,3.151662466492e-04,1.624494126234e+00,9.824467091428e-01,1.603009315150e-03
3.599868797860e-02,3.175159587796e-04,1.624487645149e+00,9.823595816065e-01,1.618958709727e-03
3.608794888708e-02,3.198831653230e-04,1.624481099706e+00,9.822720229224e-01,1.635066454083e-03
3.617743112335e-02,3.222680070890e-04,1.624474489211e+00,9.821840303702e-01,1.651334263290e-03
3.626713523619e-02,3.246706462627e-04,1.624467812843e+00,9.820956000992e-01,1.667764148914e-03
3.635706177577e-02,3.270911703234e-04,1.624461070200e+00,9.820067324284e-01,1.684357103787e-03
3.644721129360e-02,3.295297440915e-04,1.624454260447e+00,9.819174234519e-01,1.701115180941e-03
3.653758434257e-02,3.319864982791e-04,1.624447382938e+00,9.818276711910e-01,1.718039969873e-03
3.662818147695e-02,3.344615398179e-04,1.624440437160e+00,9.817374750080e-01,1.735132733094e-03
3.671900325236e-02,3.369550552596e-04,1.624433422150e+00,9.816468299565e-01,1.752395835162e-03
3.681005022581e-02,3.394671423390e-04,1.624426337446e+00,9.815557359875e-01,1.769830416150e-03
3.690132295571e-02,3.419979356721e-04,1.624419182377e+00,9.814641910762e-01,1.787438126673e-03
3.699282200182e-02,3.445476222439e-04,1.624411955972e+00,9.813721904089e-01,1.805221350648e-03
3.708454792530e-02,3.471162874510e-04,1.624404657839e+00,9.812797347213e-01,1.823181059216e-03
3.717650128873e-02,3.497040985296e-04,1.624397287116e+00,9.811868203619e-01,1.841319366651e-03
3.726868265604e-02,3.523112094046e-04,1.624389843017e+00,9.810934444527e-01,1.859638206334e-03
3.736109259258e-02,3.549377259448e-04,1.624382325031e+00,9.809996067398e-01,1.878138838116e-03
3.745373166511e-02,3.575838382717e-04,1.624374732162e+00,9.809053024959e-01,1.896823710133e-03
3.754660044179e-02,3.602496656612e-04,1.624367063819e+00,9.808105308378e-01,1.915694275822e-03
3.763969949217e-02,3.629353353351e-04,1.624359319366e+00,9.807152904921e-01,1.934752100296e-03
3.773302938724e-02,3.656410612479e-04,1.624351497663e+00,9.806195756246e-01,1.953999983785e-03
3.782659069938e-02,3.683669263834e-04,1.624343598329e+00,9.805233874070e-01,1.973438869008e-03
3.792038400242e-02,3.711130999871e-04,1.624335620479e+00,9.804267224739e-01,1.993070926414e-03
3.801440987159e-02,3.738797615422e-04,1.624327563171e+00,9.803295769786e-01,2.012898478998e-03
3.810866888355e-02,3.766670153236e-04,1.624319425895e+00,9.802319510831e-01,2.032922774929e-03
3.820316161638e-02,3.794750547602e-04,1.624311207624e+00,9.801338403051e-01,2.053146343609e-03
3.829788864962e-02,3.823040229332e-04,1.624302907621e+00,9.800352428599e-01,2.073570995587e-03
3.839285056423e-02,3.851540465924e-04,1.624294525247e+00,9.799361578558e-01,2.094198305881e-03
3.848804794260e-02,3.880253442662e-04,1.624286059318e+00,9.798365796652e-01,2.115031181267e-03
3.858348136860e-02,3.909180208994e-04,1.624277509321e+00,9.797365086284e-01,2.136070886764e-03
3.867915142750e-02,3.938322390360e-04,1.624268874401e+00,9.796359421290e-01,2.157319523207e-03
3.877505870606e-02,3.967682062620e-04,1.624260153434e+00,9.795348752780e-01,2.178779854102e-03
3.887120379247e-02,3.997260246670e-04,1.624251345923e+00,9.794333086878e-01,2.200453105444e-03
3.896758727640e-02,4.027058906784e-04,1.624242450806e+00,9.793312381482e-01,2.222341884643e-03
3.906420974897e-02,4.057079736432e-04,1.624233467183e+00,9.792286609021e-01,2.244448408161e-03
3.916107180276e-02,4.087323993040e-04,1.624224394412e+00,9.791255764723e-01,2.266774251909e-03
3.925817403183e-02,4.117793905206e-04,1.624215231268e+00,9.790219794641e-01,2.289322427714e-03
3.935551703170e-02,4.148490765689e-04,1.624205977088e+00,9.789178693175e-01,2.312094569429e-03
3.945310139939e-02,4.179416118385e-04,1.624196631056e+00,9.788132442310e-01,2.335092682098e-03
3.955092773338e-02,4.210572347781e-04,1.624187191846e+00,9.787080981960e-01,2.358320026342e-03
3.964899663364e-02,4.241960446332e-04,1.624177658973e+00,9.786024323111e-01,2.381777793847e-03
3.974730870162e-02,4.273582404711e-04,1.624168031347e+00,9.784962426674e-01,2.405468665674e-03
3.984586454028e-02,4.305440205756e-04,1.624158307879e+00,9.783895254605e-01,2.429395318583e-03
3.994466475406e-02,4.337535090838e-04,1.624148487932e+00,9.782822806623e-01,2.453559318810e-03
4.004370994890e-02,4.369869328965e-04,1.624138570240e+00,9.781745031390e-01,2.477963780772e-03
4.014300073226e-02,4.402444481983e-04,1.624128553968e+00,9.780661913575e-01,2.502610759128e-03
4.024253771307e-02,4.435262050901e-04,1.624118438316e+00,9.779573441291e-01,2.527502216179e-03
4.034232150180e-02,4.468324594603e-04,1.624108221833e+00,9.778479550593e-01,2.552641723399e-03
4.044235271043e-02,4.501633233932e-04,1.624097903952e+00,9.777380249554e-01,2.578030673338e-03
4.054263195244e-02,4.535189927110e-04,1.624087483588e+00,9.776275505131e-01,2.603671732056e-03
4.064315984286e-02,4.568996975323e-04,1.624076959443e+00,9.775165268006e-01,2.629568097149e-03
4.074393699822e-02,4.603055597205e-04,1.624066330886e+00,9.774049542762e-01,2.655721312872e-03
4.084496403659e-02,4.637368098763e-04,1.624055596612e+00,9.772928280970e-01,2.682134592640e-03
4.094624157756e-02,4.671936338924e-04,1.624044755589e+00,9.771801456792e-01,2.708810469907e-03
4.104777024228e-02,4.706761809574e-04,1.624033807018e+00,9.770669062812e-01,2.735750912936e-03
4.114955065342e-02,4.741847121982e-04,1.624022749391e+00,9.769531037560e-01,2.762959624938e-03
4.125158343520e-02,4.777193671690e-04,1.624011581967e+00,9.768387379399e-01,2.790438432217e-03
4.135386921339e-02,4.812803328257e-04,1.624000303704e+00,9.767238064065e-01,2.818189895825e-03
4.145640861531e-02,4.848678742643e-04,1.623988913060e+00,9.766083030123e-01,2.846217801533e-03
4.155920226984e-02,4.884821103310e-04,1.623977409425e+00,9.764922287411e-01,2.874523657347e-03
4.166225080740e-02,4.921232749273e-04,1.623965791451e+00,9.763755790727e-01,2.903110770796e-03
4.176555486000e-02,4.957915866944e-04,1.623954057887e+00,9.762583502910e-01,2.931982218767e-03
4.186911506120e-02,4.994871932343e-04,1.623942207936e+00,9.761405421393e-01,2.961139963115e-03
4.197293204614e-02,5.032103605923e-04,1.623930240038e+00,9.760221487487e-01,2.990587836192e-03
4.207700645153e-02,5.069612587244e-04,1.623918153248e+00,9.759031689049e-01,3.020328159762e-03
4.218133891565e-02,5.107400652239e-04,1.623905946575e+00,9.757836010732e-01,3.050363375522e-03
4.228593007838e-02,5.145470796102e-04,1.623893618233e+00,9.756634379967e-01,3.080697869273e-03
4.239078058119e-02,5.183824208461e-04,1.623881167605e+00,9.755426810387e-01,3.111333159282e-03
4.249589106711e-02,5.222463243527e-04,1.623868593318e+00,9.754213260982e-01,3.142272619840e-03
4.260126218079e-02,5.261390448187e-04,1.623855893870e+00,9.752993682400e-01,3.173519943239e-03
4.270689456847e-02,5.300607275052e-04,1.623843068472e+00,9.751768077327e-01,3.205077070481e-03
4.281278887801e-02,5.340116429985e-04,1.623830115514e+00,9.750536390180e-01,3.236947959128e-03
4.291894575884e-02,5.379919948412e-04,1.623817033821e+00,9.749298597471e-01,3.269135495275e-03
4.302536586203e-02,5.420019598582e-04,1.623803822395e+00,9.748054688671e-01,3.301642133599e-03
4.313204984026e-02,5.460418438855e-04,1.623790479384e+00,9.746804593843e-01,3.334472424730e-03
4.323899834782e-02,5.501117968834e-04,1.623777003964e+00,9.745548316148e-01,3.367628396565e-03
4.334621204063e-02,5.542120446633e-04,1.623763394808e+00,9.744285824033e-01,3.401113309338e-03
4.345369157623e-02,5.583428815391e-04,1.623749650130e+00,9.743017055037e-01,3.434931550807e-03
4.356143761378e-02,5.625044495913e-04,1.623735769158e+00,9.741742017525e-01,3.469085024348e-03
4.366945081411e-02,5.666970235037e-04,1.623721750230e+00,9.740460659368e-01,3.503577807273e-03
4.377773183966e-02,5.709208438649e-04,1.623707591914e+00,9.739172944841e-01,3.538413426779e-03
4.388628135450e-02,5.751760859710e-04,1.623693293210e+00,9.737878868649e-01,3.573594336053e-03
4.399510002439e-02,5.794630616227e-04,1.623678852200e+00,9.736578363817e-01,3.609125247846e-03
4.410418851671e-02,5.837819551113e-04,1.623664267823e+00,9.735271422173e-01,3.645008772898e-03
4.421354750049e-02,5.881329805833e-04,1.623649538816e+00,9.733958022447e-01,3.681248015776e-03
4.432317764644e-02,5.925164758562e-04,1.623634663073e+00,9.732638088098e-01,3.717848148692e-03
4.443307962692e-02,5.969325788959e-04,1.623619639844e+00,9.731311633626e-01,3.754811017999e-03
4.454325411596e-02,6.013815679689e-04,1.623604467424e+00,9.729978610721e-01,3.792140813546e-03
4.465370178926e-02,6.058637244641e-04,1.623589144081e+00,9.728638970483e-01,3.829841789133e-03
4.476442332420e-02,6.103792212982e-04,1.623573668826e+00,9.727292713288e-01,3.867916379507e-03
4.487541939983e-02,6.149283758178e-04,1.623558039675e+00,9.725939775475e-01,3.906369455263e-03
4.498669069690e-02,6.195114102679e-04,1.623542255297e+00,9.724580136627e-01,3.945204291712e-03
4.509823789783e-02,6.241285340194e-04,1.623526314447e+00,9.723213782572e-01,3.984423945750e-03
4.521006168675e-02,6.287801051178e-04,1.623510214851e+00,9.721840633851e-01,4.024034005882e-03
4.532216274946e-02,6.334662838550e-04,1.623493955599e+00,9.720460699390e-01,4.064036706088e-03
4.543454177349e-02,6.381873423285e-04,1.623477535009e+00,9.719073939158e-01,4.104436183870e-03
4.554719944805e-02,6.429436067988e-04,1.623460951014e+00,9.717680290077e-01,4.145237514759e-03
4.566013646409e-02,6.477352468543e-04,1.623444202640e+00,9.716279758663e-01,4.186443095339e-03
4.577335351424e-02,6.525625848954e-04,1.623427287841e+00,9.714872284945e-01,4.228057947950e-03
4.588685129286e-02,6.574258850543e-04,1.623410204979e+00,9.713457835292e-01,4.270086103602e-03
4.600063049604e-02,6.623253552809e-04,1.623392952805e+00,9.712036401180e-01,4.312530624753e-03
4.611469182159e-02,6.672613608283e-04,1.623375528964e+00,9.710607906300e-01,4.355397302889e-03
4.622903596905e-02,6.722341007356e-04,1.623357932266e+00,9.709172347359e-01,4.398689056956e-03
4.634366363968e-02,6.772438343961e-04,1.623340161099e+00,9.707729695407e-01,4.442409852949e-03
4.645857553650e-02,6.822909373553e-04,1.623322213018e+00,9.706279872133e-01,4.486565693867e-03
4.657377236428e-02,6.873755748175e-04,1.623304087072e+00,9.704822890686e-01,4.531158915280e-03
4.668925482950e-02,6.924980736630e-04,1.623285781160e+00,9.703358695189e-01,4.576194683099e-03
4.680502364044e-02,6.976587441814e-04,1.623267293291e+00,9.701887237771e-01,4.621677885530e-03
4.692107950709e-02,7.028577919409e-04,1.623248622225e+00,9.700408516034e-01,4.667611570697e-03
4.703742314123e-02,7.080955889396e-04,1.623229765523e+00,9.698922457205e-01,4.714001728432e-03
4.715405525640e-02,7.133723770809e-04,1.623210721680e+00,9.697429044776e-01,4.760852059555e-03
4.727097656790e-02,7.186884040296e-04,1.623191489146e+00,9.695928260337e-01,4.808166365479e-03
4.738818779281e-02,7.240440887651e-04,1.623172065132e+00,9.694420013725e-01,4.855951504792e-03
4.750568964999e-02,7.294396015670e-04,1.623152448643e+00,9.692904320749e-01,4.904209915005e-03
4.762348286009e-02,7.348752695887e-04,1.623132637549e+00,9.691381131553e-01,4.952946831937e-03
4.774156814552e-02,7.403514539079e-04,1.623112629465e+00,9.689850382940e-01,5.002168113917e-03
4.785994623051e-02,7.458683566398e-04,1.623092423165e+00,9.688312079146e-01,5.051876771539e-03
4.797861784107e-02,7.514263559797e-04,1.623072016132e+00,9.686766151343e-01,5.102078986178e-03
4.809758370501e-02,7.570257411675e-04,1.623051406497e+00,9.685212568760e-01,5.152779348602e-03
4.821684455196e-02,7.626667586148e-04,1.623030592708e+00,9.683651319077e-01,5.203981675567e-03
4.833640111334e-02,7.683498359833e-04,1.623009571867e+00,9.682082315487e-01,5.255693079116e-03
4.845625412239e-02,7.740751872570e-04,1.622988342655e+00,9.680505560623e-01,5.307916800856e-03
4.857640431417e-02,7.798431257918e-04,1.622966903016e+00,9.678921016571e-01,5.360657889091e-03
4.869685242557e-02,7.856540684735e-04,1.622945250119e+00,9.677328603661e-01,5.413923297803e-03
4.881759919529e-02,7.915082127700e-04,1.622923382765e+00,9.675728333299e-01,5.467715973129e-03
4.893864536388e-02,7.974059424342e-04,1.622901298362e+00,9.674120141044e-01,5.522042278717e-03
4.905999167372e-02,8.033475988960e-04,1.622878994629e+00,9.672503980743e-01,5.576907815654e-03
4.918163886901e-02,8.093334262307e-04,1.622856470016e+00,9.670879846690e-01,5.632316392684e-03
4.930358769583e-02,8.153638602686e-04,1.622833721524e+00,9.669247655851e-01,5.688275370283e-03
4.942583890209e-02,8.214391633764e-04,1.622810747461e+00,9.667607396607e-01,5.744788908967e-03
4.954839323756e-02,8.275596322053e-04,1.622787545872e+00,9.665959044025e-01,5.801861803323e-03
4.967125145386e-02,8.337257448871e-04,1.622764113424e+00,9.664302500749e-01,5.859502242383e-03
4.979441430448e-02,8.399376929159e-04,1.622740448955e+00,9.662637785925e-01,5.917713076734e-03
4.991788254479e-02,8.461958648600e-04,1.622716549804e+00,9.660964839965e-01,5.976500840184e-03
5.004165693201e-02,8.525006596042e-04,1.622692413225e+00,9.659283600156e-01,6.035872278076e-03
5.016573822526e-02,8.588523176760e-04,1.622668037680e+00,9.657594067960e-01,6.095831163830e-03
5.029012718553e-02,8.652512824656e-04,1.622643420072e+00,9.655896164560e-01,6.156385098778e-03
5.041482457569e-02,8.716978698027e-04,1.622618558282e+00,9.654189862946e-01,6.217539290374e-03
5.053983116052e-02,8.781923713544e-04,1.622593450375e+00,9.652475146359e-01,6.279298487661e-03
5.066514770669e-02,8.847352875981e-04,1.622568092796e+00,9.650751916201e-01,6.341671417609e-03
5.079077498275e-02,8.913268473705e-04,1.622542484090e+00,9.649020182239e-01,6.404661651254e-03
5.091671375919e-02,8.979674282726e-04,1.622516621649e+00,9.647279896138e-01,6.468275593285e-03
5.104296480839e-02,9.046574923499e-04,1.622490502197e+00,9.645530977385e-01,6.532521282175e-03
5.116952890465e-02,9.113972752320e-04,1.622464124226e+00,9.643773435190e-01,6.597402424273e-03
5.129640682418e-02,9.181872271546e-04,1.622437484544e+00,9.642007195435e-01,6.662926851232e-03
5.142359934513e-02,9.250277229244e-04,1.622410580546e+00,9.640232214507e-01,6.729100960055e-03
5.155110724757e-02,9.319190519749e-04,1.622383410296e+00,9.638448482785e-01,6.795929500898e-03
5.167893131352e-02,9.388617246386e-04,1.622355970112e+00,9.636655905695e-01,6.863421510902e-03
5.180707232691e-02,9.458560243271e-04,1.622328258100e+00,9.634854477644e-01,6.931581639756e-03
5.193553107364e-02,9.529023104108e-04,1.622300271766e+00,9.633044164289e-01,7.000416010914e-03
5.206430834155e-02,9.600011142774e-04,1.622272007238e+00,9.631224865995e-01,7.069934121282e-03
5.219340492043e-02,9.671526651561e-04,1.622243463051e+00,9.629396600344e-01,7.140139573418e-03
5.232282160202e-02,9.743574192978e-04,1.622214635924e+00,9.627559298423e-01,7.211040415366e-03
5.245255918005e-02,9.816158164664e-04,1.622185522700e+00,9.625712898737e-01,7.282644392359e-03
5.258261845019e-02,9.889281424929e-04,1.622156121458e+00,9.623857399407e-01,7.354956223487e-03
5.271300021010e-02,9.962949168867e-04,1.622126428392e+00,9.621992710369e-01,7.427985247579e-03
5.284370525942e-02,1.003716483402e-03,1.622096441105e+00,9.620118809431e-01,7.501737344486e-03
5.297473439975e-02,1.011193186895e-03,1.622066157193e+00,9.618235674665e-01,7.576218413440e-03
5.310608843471e-02,1.018725612739e-03,1.622035572296e+00,9.616343194249e-01,7.651439154041e-03
5.323776816988e-02,1.026314004144e-03,1.622004684826e+00,9.614441386472e-01,7.727403461865e-03
5.336977441287e-02,1.033958815068e-03,1.621973491481e+00,9.612530190939e-01,7.804119437182e-03
5.350210797326e-02,1.041660556715e-03,1.621941988483e+00,9.610609526923e-01,7.881596349797e-03
5.363476966265e-02,1.049419509784e-03,1.621910173938e+00,9.608679400924e-01,7.959838850265e-03
5.376776029468e-02,1.057236202163e-03,1.621878043919e+00,9.606739727908e-01,8.038856567087e-03
5.390108068496e-02,1.065111044210e-03,1.621845595461e+00,9.604790467770e-01,8.118656779030e-03
5.403473165115e-02,1.073044378719e-03,1.621812826152e+00,9.602831606291e-01,8.199245399062e-03
5.416871401294e-02,1.081036802909e-03,1.621779731474e+00,9.600863035940e-01,8.280633512730e-03
5.430302859205e-02,1.089088621505e-03,1.621746309323e+00,9.598884758459e-01,8.362826280052e-03
5.443767621221e-02,1.097200268613e-03,1.621712556523e+00,9.596896728532e-01,8.445831491327e-03
5.457265769924e-02,1.105372333897e-03,1.621678468593e+00,9.594898844770e-01,8.529660136708e-03
5.470797388097e-02,1.113605091225e-03,1.621644043684e+00,9.592891122728e-01,8.614316754798e-03
5.484362558729e-02,1.121899075931e-03,1.621609277758e+00,9.590873482956e-01,8.699811247701e-03
5.497961365017e-02,1.130254771764e-03,1.621574167200e+00,9.588845866049e-01,8.786152480827e-03
5.511593890362e-02,1.138672517910e-03,1.621538709609e+00,9.586808266153e-01,8.873346342924e-03
5.525260218371e-02,1.147152922675e-03,1.621502900311e+00,9.584760580557e-01,8.961404295928e-03
5.538960432862e-02,1.155696358841e-03,1.621466736613e+00,9.582702793115e-01,9.050332943347e-03
5.552694617857e-02,1.164303236552e-03,1.621430215509e+00,9.580634874892e-01,9.140139660092e-03
5.566462857589e-02,1.172974231528e-03,1.621393331726e+00,9.578556702331e-01,9.230837373789e-03
5.580265236498e-02,1.181709608917e-03,1.621356083478e+00,9.576468300758e-01,9.322430461009e-03
5.594101839234e-02,1.190509910424e-03,1.621318466626e+00,9.574369596894e-01,9.414929076753e-03
5.607972750657e-02,1.199375700543e-03,1.621280476819e+00,9.572260510573e-01,9.508343881669e-03
5.621878055838e-02,1.208307313121e-03,1.621242111686e+00,9.570141044996e-01,9.602680695990e-03
5.635817840058e-02,1.217305366659e-03,1.621203366401e+00,9.568011102840e-01,9.697951344251e-03
5.649792188811e-02,1.226370309097e-03,1.621164237603e+00,9.565870648649e-01,9.794164072839e-03
5.663801187800e-02,1.235502545923e-03,1.621124722294e+00,9.563719662836e-01,9.891326227859e-03
5.677844922943e-02,1.244702775593e-03,1.621084814932e+00,9.561558023340e-01,9.989451393804e-03
5.691923480372e-02,1.253971323983e-03,1.621044513201e+00,9.559385740758e-01,1.008854524883e-02
5.706036946428e-02,1.263308714080e-03,1.621003813073e+00,9.557202757031e-01,1.018861766778e-02
5.720185407671e-02,1.272715599096e-03,1.620962709371e+00,9.555008969678e-01,1.028968133807e-02
5.734368950873e-02,1.282192305609e-03,1.620921199770e+00,9.552804391697e-01,1.039174196001e-02
5.748587663023e-02,1.291739461266e-03,1.620879279304e+00,9.550588931756e-01,1.049481170207e-02
5.762841631323e-02,1.301357596864e-03,1.620836943848e+00,9.548362533584e-01,1.059890067529e-02
5.777130943193e-02,1.311047114335e-03,1.620794190410e+00,9.546125186628e-01,1.070401621153e-02
5.791455686270e-02,1.320808725470e-03,1.620751013255e+00,9.543876773986e-01,1.081017236291e-02
5.805815948408e-02,1.330642832840e-03,1.620707409376e+00,9.541617286988e-01,1.091737649879e-02
5.820211817678e-02,1.340549933210e-03,1.620663374934e+00,9.539346685240e-01,1.102563803002e-02
5.834643382370e-02,1.350530777126e-03,1.620618903817e+00,9.537064842315e-01,1.113497192744e-02
5.849110730994e-02,1.360585681756e-03,1.620573993772e+00,9.534771781787e-01,1.124538371206e-02
5.863613952277e-02,1.370715282681e-03,1.620528639702e+00,9.532467418955e-01,1.135688587209e-02
5.878153135168e-02,1.380920201895e-03,1.620482836618e+00,9.530151675147e-01,1.146949062951e-02
5.892728368837e-02,1.391200835812e-03,1.620436581555e+00,9.527824549603e-01,1.158320524949e-02
5.907339742672e-02,1.401557908555e-03,1.620389868592e+00,9.525485931195e-01,1.169804423583e-02
5.921987346286e-02,1.411991907434e-03,1.620342693933e+00,9.523135790447e-01,1.181401688422e-02
5.936671269513e-02,1.422503311489e-03,1.620295053861e+00,9.520774101543e-01,1.193113230278e-02
5.951391602409e-02,1.433092937012e-03,1.620246941586e+00,9.518400726166e-01,1.204940711950e-02
5.966148435255e-02,1.443761130297e-03,1.620198354583e+00,9.516015685508e-01,1.216884751831e-02
5.980941858554e-02,1.454508519821e-03,1.620149287760e+00,9.513618906781e-01,1.228946597305e-02
5.995771963034e-02,1.465335827808e-03,1.620099735151e+00,9.511210287235e-01,1.241127708994e-02
6.010638839649e-02,1.476243442968e-03,1.620049693843e+00,9.508789836704e-01,1.253428800651e-02
6.025542579577e-02,1.487232100573e-03,1.619999157736e+00,9.506357450493e-01,1.265851365634e-02
6.040483274223e-02,1.498302381399e-03,1.619948122140e+00,9.503913076693e-01,1.278396552297e-02
6.055461015218e-02,1.509454761046e-03,1.619896583337e+00,9.501456699250e-01,1.291065271395e-02
6.070475894422e-02,1.520690071772e-03,1.619844534296e+00,9.498988185368e-01,1.303859243568e-02
6.085528003920e-02,1.532008746219e-03,1.619791971686e+00,9.496507535507e-01,1.316779284993e-02
6.100617436028e-02,1.543411384214e-03,1.619738890622e+00,9.494014695923e-01,1.329826591396e-02
6.115744283289e-02,1.554898817979e-03,1.619685284038e+00,9.491509538020e-01,1.343002892106e-02
6.130908638476e-02,1.566471426086e-03,1.619631149101e+00,9.488992083080e-01,1.356308881059e-02
6.146110594592e-02,1.578129953588e-03,1.619576479544e+00,9.486462233538e-01,1.369746091736e-02
6.161350244871e-02,1.589875084169e-03,1.619521269664e+00,9.483919913336e-01,1.383315920305e-02
6.176627682778e-02,1.601707287767e-03,1.619465515764e+00,9.481365117010e-01,1.397019271238e-02
6.191943002010e-02,1.613627411472e-03,1.619409210585e+00,9.478797717954e-01,1.410857921136e-02
6.207296296495e-02,1.625635983380e-03,1.619352349870e+00,9.476217694232e-01,1.424832911643e-02
6.222687660396e-02,1.637733568847e-03,1.619294929013e+00,9.473625012784e-01,1.438945370022e-02
6.238117188108e-02,1.649921120649e-03,1.619236939709e+00,9.471019517301e-01,1.453197327822e-02
6.253584974261e-02,1.662199004523e-03,1.619178379238e+00,9.468401241411e-01,1.467589451041e-02
6.269091113718e-02,1.674567973721e-03,1.619119241183e+00,9.465770095427e-01,1.482123309664e-02
6.284635701579e-02,1.687028825058e-03,1.619059518689e+00,9.463125977331e-01,1.496800579859e-02
6.300218833179e-02,1.699582020328e-03,1.618999208118e+00,9.460468893119e-01,1.511622152564e-02
6.315840604090e-02,1.712228420119e-03,1.618938301985e+00,9.457798723099e-01,1.526589857756e-02
6.331501110119e-02,1.724968657849e-03,1.618876794986e+00,9.455115421178e-01,1.541704993306e-02
6.347200447314e-02,1.737803295456e-03,1.618814682506e+00,9.452418964902e-01,1.556968687801e-02
6.362938711958e-02,1.750733305258e-03,1.618751955941e+00,9.449709203715e-01,1.572383045178e-02
6.378716000574e-02,1.763759149588e-03,1.618688611629e+00,9.446986149116e-01,1.587948961064e-02
6.394532409925e-02,1.776881550610e-03,1.618624643384e+00,9.444249731895e-01,1.603667948493e-02
6.410388037012e-02,1.790101429329e-03,1.618560043057e+00,9.441499822166e-01,1.619541999278e-02
6.426282979079e-02,1.803419236625e-03,1.618494807095e+00,9.438736438312e-01,1.635571982426e-02
6.442217333609e-02,1.816835845032e-03,1.618428927809e+00,9.435959468317e-01,1.651759777893e-02
6.458191198328e-02,1.830352003973e-03,1.618362398701e+00,9.433168840078e-01,1.668106973906e-02
6.474204671204e-02,1.843968269614e-03,1.618295215178e+00,9.430364542593e-01,1.684614693352e-02
6.490257850448e-02,1.857685632010e-03,1.618227368349e+00,9.427546431955e-01,1.701285109119e-02
6.506350834513e-02,1.871504660902e-03,1.618158853474e+00,9.424714495574e-01,1.718119380167e-02
6.522483722099e-02,1.885426040595e-03,1.618089664677e+00,9.421868686554e-01,1.735118942311e-02
6.538656612148e-02,1.899450828224e-03,1.618019792354e+00,9.419008845121e-01,1.752286142425e-02
6.554869603849e-02,1.913579460691e-03,1.617949233078e+00,9.416135003031e-01,1.769621817914e-02
6.571122796637e-02,1.927812820676e-03,1.617877978969e+00,9.413247056755e-01,1.787127894380e-02
6.587416290192e-02,1.942151785164e-03,1.617806022182e+00,9.410344906225e-01,1.804806288224e-02
6.603750184442e-02,1.956596901725e-03,1.617733358182e+00,9.407428552844e-01,1.822658107988e-02
6.620124579565e-02,1.971149176637e-03,1.617659977801e+00,9.404497860139e-01,1.840685592397e-02
6.636539575983e-02,1.985809298193e-03,1.617585875070e+00,9.401552789535e-01,1.858890199839e-02
6.652995274371e-02,2.000577929317e-03,1.617511044279e+00,9.398593311189e-01,1.877273325209e-02
6.669491775651e-02,2.015456204919e-03,1.617435474909e+00,9.395619254745e-01,1.895837537061e-02
6.686029180996e-02,2.030444615770e-03,1.617359162983e+00,9.392630644945e-01,1.914583807007e-02
6.702607591831e-02,2.045544028886e-03,1.617282100691e+00,9.389627394753e-01,1.933514041938e-02
6.719227109831e-02,2.060755461301e-03,1.617204278669e+00,9.386609374079e-01,1.952630528264e-02
6.735887836924e-02,2.076079448844e-03,1.617125692477e+00,9.383576597738e-01,1.971934350161e-02
6.752589875291e-02,2.091517012247e-03,1.617046332692e+00,9.380528937526e-01,1.991427808094e-02
6.769333327364e-02,2.107068970413e-03,1.616966191948e+00,9.377466326885e-01,2.011112699894e-02
6.786118295832e-02,2.122735980418e-03,1.616885264552e+00,9.374388748359e-01,2.030990415502e-02
6.802944883637e-02,2.138519198259e-03,1.616803539632e+00,9.371296038749e-01,2.051063607876e-02
6.819813193978e-02,2.154419235407e-03,1.616721011952e+00,9.368188196912e-01,2.071333555432e-02
6.836723330306e-02,2.170436917330e-03,1.616637674054e+00,9.365065159882e-01,2.091802078001e-02
6.853675396333e-02,2.186573414599e-03,1.616553514860e+00,9.361926765376e-01,2.112471878223e-02
6.870669496026e-02,2.202829247803e-03,1.616468530076e+00,9.358773042692e-01,2.133344004347e-02
6.887705733609e-02,2.219205450078e-03,1.616382710040e+00,9.355603872782e-01,2.154420813348e-02
6.904784213567e-02,2.235702983981e-03,1.616296045808e+00,9.352419158997e-01,2.175704486789e-02
6.921905040641e-02,2.252322497516e-03,1.616208531746e+00,9.349218897314e-01,2.197196399304e-02
6.939068319834e-02,2.269065166039e-03,1.616120156645e+00,9.346002932540e-01,2.218899284455e-02
6.956274156408e-02,2.285931734288e-03,1.616030913831e+00,9.342771235610e-01,2.240814769682e-02
6.973522655887e-02,2.302922983048e-03,1.615940796257e+00,9.339523768205e-01,2.262944574179e-02
6.990813924056e-02,2.320040235648e-03,1.615849791081e+00,9.336260337966e-01,2.285291828022e-02
7.008148066963e-02,2.337284008886e-03,1.615757894046e+00,9.332980985404e-01,2.307857570040e-02
7.025525190919e-02,2.354655340840e-03,1.615665095332e+00,9.329685603040e-01,2.330644193939e-02
7.042945402496e-02,2.372155351801e-03,1.615571384212e+00,9.326374061920e-01,2.353654313960e-02
7.060408808534e-02,2.389784677115e-03,1.615476755161e+00,9.323046372548e-01,2.376889277420e-02
7.077915516137e-02,2.407544509469e-03,1.615381196651e+00,9.319702388654e-01,2.400351893472e-02
7.095465632671e-02,2.425435740461e-03,1.615284700380e+00,9.316342051100e-01,2.424044185332e-02
7.113059265774e-02,2.443459144957e-03,1.615187259310e+00,9.312965334982e-01,2.447967868031e-02
7.130696523346e-02,2.461616071204e-03,1.615088860169e+00,9.309572055648e-01,2.472126174220e-02
7.148377513558e-02,2.479907171442e-03,1.614989497233e+00,9.306162225837e-01,2.496520499147e-02
7.166102344847e-02,2.498333438159e-03,1.614889161080e+00,9.302735764036e-01,2.521153138268e-02
7.183871125919e-02,2.516896164573e-03,1.614787838972e+00,9.299292506656e-01,2.546027192498e-02
7.201683965750e-02,2.535595969383e-03,1.614685525552e+00,9.295832479892e-01,2.571143967981e-02
7.219540973588e-02,2.554434060257e-03,1.614582208997e+00,9.292355547367e-01,2.596506343063e-02
7.237442258949e-02,2.573411490336e-03,1.614477879159e+00,9.288861617610e-01,2.622116788414e-02
7.255387931622e-02,2.592529024890e-03,1.614372529063e+00,9.285350680261e-01,2.647977002450e-02
7.273378101668e-02,2.611788035088e-03,1.614266145026e+00,9.281822559317e-01,2.674090315662e-02
7.291412879421e-02,2.631189322755e-03,1.614158719650e+00,9.278277237549e-01,2.700458528910e-02
7.309492375488e-02,2.650733825438e-03,1.614050244039e+00,9.274714661629e-01,2.727083807611e-02
7.327616700751e-02,2.670423025660e-03,1.613940703201e+00,9.271134630886e-01,2.753969798836e-02
7.345785966367e-02,2.690257521047e-03,1.613830092007e+00,9.267537188433e-01,2.781117751633e-02
7.364000283768e-02,2.710238531544e-03,1.613718398373e+00,9.263922208825e-01,2.808530605570e-02
7.382259764663e-02,2.730367287673e-03,1.613605610067e+00,9.260289565874e-01,2.836211335798e-02
7.400564521037e-02,2.750644541012e-03,1.613491720237e+00,9.256639264966e-01,2.864161609664e-02
7.418914665154e-02,2.771071683315e-03,1.613376714808e+00,9.252971139746e-01,2.892384849269e-02
7.437310309555e-02,2.791649681268e-03,1.613260584485e+00,9.249285140710e-01,2.920883315487e-02
7.455751567061e-02,2.812379446851e-03,1.613143320597e+00,9.245581234419e-01,2.949659117083e-02
7.474238550773e-02,2.833262550538e-03,1.613024906972e+00,9.241859212469e-01,2.978716184013e-02
7.492771374070e-02,2.854299682967e-03,1.612905337434e+00,9.238119104276e-01,3.008056018697e-02
7.511350150616e-02,2.875492033610e-03,1.612784600129e+00,9.234360807058e-01,3.037681502606e-02
7.529974994354e-02,2.896841027443e-03,1.612662680475e+00,9.230584157420e-01,3.067596178192e-02
7.548646019510e-02,2.918347397787e-03,1.612539571811e+00,9.226789177756e-01,3.097801665046e-02
7.567363340594e-02,2.940012554273e-03,1.612415259704e+00,9.222975712425e-01,3.128301468941e-02
7.586127072400e-02,2.961837644938e-03,1.612289732707e+00,9.219143677223e-01,3.159098370804e-02
7.604937330006e-02,2.983823571549e-03,1.612162982218e+00,9.215293054480e-01,3.190194460776e-02
7.623794228774e-02,3.005971931502e-03,1.612034991564e+00,9.211423645157e-01,3.221593786396e-02
7.642697884356e-02,3.028283583035e-03,1.611905752628e+00,9.207535446551e-01,3.253298319804e-02
7.661648412687e-02,3.050759654966e-03,1.611775254157e+00,9.203628386311e-01,3.285310793567e-02
7.680645929991e-02,3.073401785103e-03,1.611643478929e+00,9.199702261212e-01,3.317635386500e-02
7.699690552779e-02,3.096210683454e-03,1.611510420555e+00,9.195757111996e-01,3.350273651272e-02
7.718782397854e-02,3.119187774400e-03,1.611376064281e+00,9.191792794867e-01,3.383229167452e-02
7.737921582304e-02,3.142334405097e-03,1.611240396230e+00,9.187809188379e-01,3.416505302147e-02
7.757108223512e-02,3.165651462405e-03,1.611103407941e+00,9.183806291935e-01,3.450104109392e-02
7.776342439149e-02,3.189140567924e-03,1.610965082270e+00,9.179783916956e-01,3.484029746428e-02
7.795624347178e-02,3.212802764622e-03,1.610825408893e+00,9.175742026157e-01,3.518284718103e-02
7.814954065856e-02,3.236639123557e-03,1.610684377162e+00,9.171680576423e-01,3.552871607217e-02
7.834331713733e-02,3.260651471417e-03,1.610541967417e+00,9.167599333150e-01,3.587795178646e-02
7.853757409651e-02,3.284840533014e-03,1.610398173108e+00,9.163498345651e-01,3.623057022296e-02
7.873231272748e-02,3.309207729335e-03,1.610252979386e+00,9.159377486906e-01,3.658660737442e-02
7.892753422458e-02,3.333754625780e-03,1.610106369632e+00,9.155236595560e-01,3.694610350051e-02
7.912323978511e-02,3.358482089073e-03,1.609958335611e+00,9.151075689470e-01,3.730907857875e-02
7.931943060933e-02,3.383391761867e-03,1.609808859747e+00,9.146894591684e-01,3.767557517864e-02
7.951610790047e-02,3.408484890316e-03,1.609657929214e+00,9.142693227747e-01,3.804562436944e-02
7.971327286477e-02,3.433762534494e-03,1.609505533444e+00,9.138471571649e-01,3.841925176014e-02
7.991092671144e-02,3.459226552410e-03,1.609351652175e+00,9.134229398965e-01,3.879650639593e-02
8.010907065269e-02,3.484877856280e-03,1.609196276610e+00,9.129966724645e-01,3.917740959267e-02
8.030770590374e-02,3.510717800034e-03,1.609039392590e+00,9.125683454526e-01,3.956199562998e-02
8.050683368282e-02,3.536748187882e-03,1.608880980422e+00,9.121379384559e-01,3.995031215347e-02
8.070645521119e-02,3.562969860607e-03,1.608721032186e+00,9.117054552505e-01,4.034237834602e-02
8.090657171312e-02,3.589384478284e-03,1.608559529925e+00,9.112708794284e-01,4.073823765033e-02
8.110718441594e-02,3.615993510119e-03,1.608396457990e+00,9.108341995556e-01,4.113792791872e-02
8.130829455000e-02,3.642797999798e-03,1.608231805977e+00,9.103954148846e-01,4.154147432850e-02
8.150990334871e-02,3.669799833470e-03,1.608065553062e+00,9.099545041105e-01,4.194892721990e-02
8.171201204855e-02,3.697000129887e-03,1.607897687892e+00,9.095114650294e-01,4.236031405058e-02
8.191462188904e-02,3.724400162671e-03,1.607728197212e+00,9.090662917857e-01,4.277566687763e-02
8.211773411280e-02,3.752001996915e-03,1.607557057877e+00,9.086189594135e-01,4.319504160530e-02
8.232134996551e-02,3.779806441044e-03,1.607384262401e+00,9.081694738333e-01,4.361845635677e-02
8.252547069596e-02,3.807815168394e-03,1.607209792500e+00,9.077178200553e-01,4.404595529695e-02
8.273009755602e-02,3.836029892575e-03,1.607033629343e+00,9.072639823741e-01,4.447758389693e-02
8.293523180066e-02,3.864451634870e-03,1.606855762797e+00,9.068079620454e-01,4.491336665707e-02
8.314087468798e-02,3.893082305873e-03,1.606676171521e+00,9.063497390307e-01,4.535335508480e-02
8.334702747919e-02,3.921923251466e-03,1.606494841270e+00,9.058893071515e-01,4.579758357601e-02
8.355369143862e-02,3.950975714551e-03,1.606311759114e+00,9.054266628673e-01,4.624608335210e-02
8.376086783375e-02,3.980241852345e-03,1.606126900499e+00,9.049617809537e-01,4.669891363817e-02
8.396855793519e-02,4.009722626252e-03,1.605940256046e+00,9.044946650305e-01,4.715609708668e-02
8.417676301671e-02,4.039419653996e-03,1.605751808036e+00,9.040253032017e-01,4.761767643974e-02
8.438548435523e-02,4.069334916502e-03,1.605561534065e+00,9.035536751944e-01,4.808370570119e-02
8.459472323085e-02,4.099469405982e-03,1.605369424383e+00,9.030797844259e-01,4.855420841287e-02
8.480448092682e-02,4.129825053212e-03,1.605175457197e+00,9.026036122602e-01,4.902923709186e-02
8.501475872959e-02,4.160403453325e-03,1.604979614994e+00,9.021251482567e-01,4.950883394481e-02
8.522555792880e-02,4.191205830959e-03,1.604781885047e+00,9.016443908889e-01,4.999302965930e-02
8.543687981729e-02,4.222234375620e-03,1.604582242136e+00,9.011613161752e-01,5.048188496223e-02
8.564872569108e-02,4.253490279048e-03,1.604380673939e+00,9.006759237869e-01,5.097542955030e-02
8.586109684944e-02,4.284975069609e-03,1.604177163786e+00,9.001882056754e-01,5.147370357481e-02
8.607399459484e-02,4.316691020095e-03,1.603971685272e+00,8.996981366924e-01,5.197677056946e-02
8.628742023299e-02,4.348639086260e-03,1.603764229162e+00,8.992057225835e-01,5.248465279590e-02
8.650137507282e-02,4.380821214196e-03,1.603554773286e+00,8.987109462593e-01,5.299740358979e-02
8.671586042652e-02,4.413239272010e-03,1.603343296453e+00,8.982137927179e-01,5.351507392185e-02
8.693087760953e-02,4.445894459137e-03,1.603129786262e+00,8.977142626097e-01,5.403769364603e-02
8.714642794057e-02,4.478788993000e-03,1.602914216891e+00,8.972123333373e-01,5.456532482534e-02
8.736251274159e-02,4.511924318542e-03,1.602696572684e+00,8.967080003322e-01,5.509800510786e-02
8.757913333785e-02,4.545301888783e-03,1.602476837902e+00,8.962012590088e-01,5.563577234230e-02
8.779629105789e-02,4.578924203054e-03,1.602254982883e+00,8.956920811146e-01,5.617869775706e-02
8.801398723353e-02,4.612792264091e-03,1.602030997846e+00,8.951804728071e-01,5.672680488788e-02
8.823222319992e-02,4.646907997230e-03,1.601804860740e+00,8.946664193942e-01,5.728014668678e-02
8.845100029548e-02,4.681273568959e-03,1.601576546243e+00,8.941499010001e-01,5.783878392747e-02
8.867031986200e-02,4.715890145813e-03,1.601346042423e+00,8.936309206248e-01,5.840274528655e-02
8.889018324454e-02,4.750759968099e-03,1.601113322937e+00,8.931094572045e-01,5.897209396024e-02
8.911059179155e-02,4.785884758476e-03,1.600878368364e+00,8.925855016277e-01,5.954687653814e-02
8.933154685478e-02,4.821265949237e-03,1.600641163222e+00,8.920590515000e-01,6.012713018461e-02
8.955304978936e-02,4.856906076198e-03,1.600401677077e+00,8.915300799331e-01,6.071292783058e-02
8.977510195377e-02,4.892806398205e-03,1.600159896774e+00,8.909985888799e-01,6.130430104080e-02
8.999770470986e-02,4.928968740865e-03,1.599915801493e+00,8.904645678075e-01,6.190129972295e-02
9.022085942284e-02,4.965395596208e-03,1.599669361286e+00,8.899279916425e-01,6.250399558243e-02
9.044456746133e-02,5.002088089352e-03,1.599420564854e+00,8.893888659152e-01,6.311241572644e-02
9.066883019734e-02,5.039048477734e-03,1.599169385428e+00,8.888471712546e-01,6.372662423977e-02
9.089364900627e-02,5.076278787958e-03,1.598915799353e+00,8.883028936905e-01,6.434667773092e-02
9.111902526694e-02,5.113780423552e-03,1.598659791554e+00,8.877560331979e-01,6.497261231136e-02
9.134496036158e-02,5.151555951595e-03,1.598401330911e+00,8.872065644081e-01,6.560450239699e-02
9.157145567585e-02,5.189606912301e-03,1.598140400448e+00,8.866544847628e-01,6.624238860504e-02
9.179851259885e-02,5.227935012785e-03,1.597876980915e+00,8.860997882258e-01,6.688631698397e-02
9.202613252313e-02,5.266543099592e-03,1.597611037204e+00,8.855424441907e-01,6.753637139345e-02
9.225431684468e-02,5.305432247031e-03,1.597342558835e+00,8.849824609083e-01,6.819257692602e-02
9.248306696296e-02,5.344604723129e-03,1.597071518727e+00,8.844198208680e-01,6.885499826373e-02
9.271238428089e-02,5.384062886446e-03,1.596797888477e+00,8.838545049142e-01,6.952370320251e-02
9.294227020488e-02,5.423808102835e-03,1.596521653594e+00,8.832865155784e-01,7.019872637940e-02
9.317272614482e-02,5.463842964628e-03,1.596242782370e+00,8.827158291765e-01,7.088014343111e-02
9.340375351411e-02,5.504169320424e-03,1.595961253522e+00,8.821424383209e-01,7.156800513922e-02
9.363535372963e-02,5.544788839275e-03,1.595677048331e+00,8.815663396694e-01,7.226235617952e-02
9.386752821179e-02,5.585704450235e-03,1.595390130226e+00,8.809875032049e-01,7.296328367899e-02
9.410027838452e-02,5.626917469323e-03,1.595100485473e+00,8.804059336290e-01,7.367082041886e-02
9.433360567528e-02,5.668430066819e-03,1.594808088244e+00,8.798216176252e-01,7.438502793291e-02
9.456751151507e-02,5.710244963088e-03,1.594512904829e+00,8.792345305147e-01,7.510598646751e-02
9.480199733843e-02,5.752363476453e-03,1.594214921520e+00,8.786446775817e-01,7.583372870546e-02
9.503706458348e-02,5.794788217656e-03,1.593914106147e+00,8.780520370015e-01,7.656833118810e-02
9.527271469187e-02,5.837521372484e-03,1.593610432584e+00,8.774565962277e-01,7.730985606487e-02
9.550894910886e-02,5.880564576599e-03,1.593303882634e+00,8.768583545004e-01,7.805834664852e-02
9.574576928327e-02,5.923920793202e-03,1.592994418963e+00,8.762572834800e-01,7.881389164996e-02
9.598317666752e-02,5.967591649816e-03,1.592682023488e+00,8.756533830822e-01,7.957653407543e-02
9.622117271763e-02,6.011579183620e-03,1.592366672244e+00,8.750466448531e-01,8.034633087512e-02
9.645975889325e-02,6.055886508525e-03,1.592048325598e+00,8.744370382425e-01,8.112337610600e-02
9.669893665761e-02,6.100514884466e-03,1.591726970858e+00,8.738245714931e-01,8.190769995310e-02
9.693870747760e-02,6.145466932822e-03,1.591402575539e+00,8.732092248240e-01,8.269937948833e-02
9.717907282374e-02,6.190745207237e-03,1.591075108089e+00,8.725909801905e-01,8.349848952664e-02
9.742003417019e-02,6.236351299623e-03,1.590744551054e+00,8.719698396178e-01,8.430507149838e-02
9.766159299476e-02,6.282288200104e-03,1.590410866465e+00,8.713457766260e-01,8.511921535163e-02
9.790375077895e-02,6.328557877263e-03,1.590074031340e+00,8.707187860136e-01,8.594097555021e-02
9.814650900790e-02,6.375162268020e-03,1.589734023211e+00,8.700888634255e-01,8.677040533687e-02
9.838986917046e-02,6.422104745089e-03,1.589390798352e+00,8.694559755139e-01,8.760760814801e-02
9.863383275915e-02,6.469386666502e-03,1.589044342856e+00,8.688201302630e-01,8.845261694806e-02
9.887840127022e-02,6.517010599369e-03,1.588694624927e+00,8.681813112742e-01,8.930550693796e-02
9.912357620359e-02,6.564979497748e-03,1.588341606956e+00,8.675394946554e-01,9.016636699153e-02
9.936935906293e-02,6.613294898367e-03,1.587985272478e+00,8.668946854296e-01,9.103523606758e-02
9.961575135563e-02,6.661959810052e-03,1.587625583054e+00,8.662468591685e-01,9.191220493965e-02
9.986275459281e-02,6.710976573848e-03,1.587262510199e+00,8.655960052131e-01,9.279734085450e-02
1.001103702894e-01,6.760347087176e-03,1.586896032135e+00,8.649421220272e-01,9.369069525112e-02
1.003585999639e-01,6.810074758841e-03,1.586526104316e+00,8.642851781254e-01,9.459237315423e-02
1.006074451388e-01,6.860161290231e-03,1.586152707924e+00,8.636251764317e-01,9.550241896878e-02
1.008569073403e-01,6.910609098238e-03,1.585775813391e+00,8.629621058095e-01,9.642090239963e-02
1.011069880982e-01,6.961421571808e-03,1.585395376364e+00,8.622959361613e-01,9.734792786891e-02
1.013576889465e-01,7.012600179901e-03,1.585011381651e+00,8.616266757305e-01,9.828353119868e-02
1.016090114225e-01,7.064147940743e-03,1.584623790529e+00,8.609543023430e-01,9.922780350471e-02
1.018609570677e-01,7.116067601131e-03,1.584232568365e+00,8.602787995326e-01,1.001808262350e-01
1.021135274273e-01,7.168361006900e-03,1.583837694338e+00,8.596001688022e-01,1.011426483829e-01
1.023667240502e-01,7.221031594188e-03,1.583439123257e+00,8.589183807300e-01,1.021133761037e-01
1.026205484894e-01,7.274081439807e-03,1.583036830778e+00,8.582334328381e-01,1.030930665877e-01
1.028750023015e-01,7.327512783979e-03,1.582630790117e+00,8.575453196588e-01,1.040817827530e-01
1.031300870471e-01,7.381329486953e-03,1.582220949434e+00,8.568540045238e-01,1.050796461545e-01
1.033858042907e-01,7.435532936107e-03,1.581807295134e+00,8.561594991281e-01,1.060866887301e-01
1.036421556005e-01,7.490126148600e-03,1.581389788437e+00,8.554617837655e-01,1.071030013759e-01
1.038991425488e-01,7.545112312162e-03,1.580968387852e+00,8.547608358054e-01,1.081286812512e-01
1.041567667116e-01,7.600493207730e-03,1.580543073827e+00,8.540566600196e-01,1.091637741786e-01
1.044150296691e-01,7.656272288833e-03,1.580113800732e+00,8.533492292614e-01,1.102083869056e-01
1.046739330050e-01,7.712452041626e-03,1.579680538035e+00,8.526385353027e-01,1.112625908419e-01
1.049334783073e-01,7.769034655634e-03,1.579243259919e+00,8.519245758178e-01,1.123264463670e-01
1.051936671678e-01,7.826024036646e-03,1.578801913572e+00,8.512073160419e-01,1.134000767994e-01
1.054545011822e-01,7.883421939441e-03,1.578356480051e+00,8.504867625172e-01,1.144835264030e-01
1.057159819502e-01,7.941231213698e-03,1.577906923213e+00,8.497629011772e-01,1.155768795242e-01
1.059781110754e-01,7.999455525146e-03,1.577453193954e+00,8.490357028641e-01,1.166802506327e-01
1.062408901656e-01,8.058096575196e-03,1.576995274340e+00,8.483051758577e-01,1.177936815655e-01
1.065043208323e-01,8.117157823561e-03,1.576533118550e+00,8.475712955093e-01,1.189172790356e-01
1.067684046911e-01,8.176642201511e-03,1.576066689140e+00,8.468340474850e-01,1.200511301923e-01
1.070331433617e-01,8.236551836772e-03,1.575595961555e+00,8.460934327803e-01,1.211952921916e-01
1.072985384678e-01,8.296890660847e-03,1.575120882383e+00,8.453494189329e-01,1.223498891800e-01
1.075645916370e-01,8.357660839489e-03,1.574641426508e+00,8.446020068073e-01,1.235149795167e-01
1.078313045009e-01,8.418865021829e-03,1.574157561146e+00,8.438511884690e-01,1.246906393573e-01
1.080986786955e-01,8.480507390512e-03,1.573669228759e+00,8.430969278653e-01,1.258770021647e-01
1.083667158604e-01,8.542589551410e-03,1.573176413426e+00,8.423392370326e-01,1.270741048792e-01
1.086354176395e-01,8.605114957855e-03,1.572679069429e+00,8.415780940539e-01,1.282820534571e-01
1.089047856809e-01,8.668087023816e-03,1.572177151635e+00,8.408134781291e-01,1.295009523875e-01
1.091748216364e-01,8.731507799675e-03,1.571670637136e+00,8.400453938226e-01,1.307308547107e-01
1.094455271624e-01,8.795381230563e-03,1.571159472190e+00,8.392738112081e-01,1.319718846962e-01
1.097169039189e-01,8.859709929440e-03,1.570643624784e+00,8.384987251192e-01,1.332241163162e-01
1.099889535705e-01,8.924496407685e-03,1.570123064666e+00,8.377201324682e-01,1.344876194570e-01
1.102616777854e-01,8.989745119596e-03,1.569597729695e+00,8.369379951375e-01,1.357625374957e-01
1.105350782365e-01,9.055457844016e-03,1.569067601712e+00,8.361523239773e-01,1.370489123003e-01
1.108091566003e-01,9.121637918548e-03,1.568532636998e+00,8.353631017796e-01,1.383468446322e-01
1.110839145579e-01,9.188289279212e-03,1.567992781909e+00,8.345703009157e-01,1.396564579938e-01
1.113593537944e-01,9.255413882014e-03,1.567448015610e+00,8.337739297751e-01,1.409778003121e-01
1.116354759990e-01,9.323015672142e-03,1.566898284358e+00,8.329739612124e-01,1.423109951684e-01
1.119122828652e-01,9.391097747724e-03,1.566343548454e+00,8.321703836739e-01,1.436561337357e-01
1.121897760907e-01,9.459662544952e-03,1.565783779325e+00,8.313631977069e-01,1.450132816099e-01
1.124679573772e-01,9.528714539173e-03,1.565218914366e+00,8.305523677786e-01,1.463825823985e-01
1.127468284310e-01,9.598255956228e-03,1.564648928606e+00,8.297378987986e-01,1.477640932844e-01
1.130263909623e-01,9.668289904759e-03,1.564073782407e+00,8.289197801956e-01,1.491579050606e-01
1.133066466856e-01,9.738820883853e-03,1.563493412729e+00,8.280979771492e-01,1.505641619795e-01
1.135875973199e-01,9.809850736559e-03,1.562907801300e+00,8.272725021389e-01,1.519829057471e-01
1.138692445881e-01,9.881383392970e-03,1.562316894744e+00,8.264433310555e-01,1.534142583291e-01
1.141515902177e-01,9.953422475988e-03,1.561720644847e+00,8.256104456012e-01,1.548583297484e-01
1.144346359402e-01,1.002597032844e-02,1.561119025184e+00,8.247738502235e-01,1.563151802134e-01
1.147183834915e-01,1.009903143195e-02,1.560511973048e+00,8.239335122309e-01,1.577849526435e-01
1.150028346119e-01,1.017260849755e-02,1.559899455873e+00,8.230894302410e-01,1.592677210976e-01
1.152879910460e-01,1.024670438574e-02,1.559281438687e+00,8.222416004864e-01,1.607635650998e-01
1.155738545426e-01,1.032132414845e-02,1.558657849023e+00,8.213899815093e-01,1.622726493790e-01
1.158604268549e-01,1.039646954836e-02,1.558028670813e+00,8.205345892368e-01,1.637950102549e-01
1.161477097404e-01,1.047214446604e-02,1.557393851782e+00,8.196754031665e-01,1.653307663423e-01
1.164357049611e-01,1.054835309030e-02,1.556753334309e+00,8.188123979012e-01,1.668800482088e-01
1.167244142833e-01,1.062509765075e-02,1.556107094658e+00,8.179455820619e-01,1.684429094599e-01
1.170138394775e-01,1.070238261884e-02,1.555455070434e+00,8.170749260664e-01,1.700194912797e-01
1.173039823189e-01,1.078021123045e-02,1.554797220639e+00,8.162004218896e-01,1.716098862101e-01
1.175948445869e-01,1.085858625333e-02,1.554133512548e+00,8.153220697476e-01,1.732141680346e-01
1.178864280654e-01,1.093751275142e-02,1.553463873504e+00,8.144398310999e-01,1.748325006942e-01
1.181787345426e-01,1.101699296995e-02,1.552788280028e+00,8.135537156902e-01,1.764649368599e-01
1.184717658112e-01,1.109703052644e-02,1.552106684841e+00,8.126637102020e-01,1.781115829226e-01
1.187655236685e-01,1.117763021812e-02,1.551419019985e+00,8.117697817876e-01,1.797725917194e-01
1.190600099161e-01,1.125879413981e-02,1.550725265007e+00,8.108719435225e-01,1.814480089135e-01
1.193552263599e-01,1.134052673445e-02,1.550025358304e+00,8.099701692115e-01,1.831379727711e-01
1.196511748107e-01,1.142283180383e-02,1.549319249566e+00,8.090644438401e-01,1.848425959530e-01
1.199478570834e-01,1.150571200170e-02,1.548606908899e+00,8.081547718905e-01,1.865619451629e-01
1.202452749976e-01,1.158917238593e-02,1.547888263928e+00,8.072411180205e-01,1.882961823648e-01
1.205434303775e-01,1.167321572388e-02,1.547163282932e+00,8.063234854471e-01,1.900453781304e-01
1.208423250514e-01,1.175784532856e-02,1.546431924687e+00,8.054018685332e-01,1.918096243075e-01
1.211419608527e-01,1.184306664922e-02,1.545694109916e+00,8.044762266376e-01,1.935890977346e-01
1.214423396189e-01,1.192888162258e-02,1.544949822114e+00,8.035465775772e-01,1.953838346673e-01
1.217434631924e-01,1.201529464288e-02,1.544199001018e+00,8.026128988314e-01,1.971939691297e-01
1.220453334198e-01,1.210231011997e-02,1.543441586078e+00,8.016751680566e-01,1.990196355447e-01
1.223479521525e-01,1.218993057051e-02,1.542677550889e+00,8.007333942898e-01,2.008608920658e-01
1.226513212466e-01,1.227816102626e-02,1.541906823894e+00,7.997875456788e-01,2.027178973421e-01
1.229554425625e-01,1.236700481746e-02,1.541129364259e+00,7.988376185761e-01,2.045907414042e-01
1.232603179656e-01,1.245646506028e-02,1.540345135224e+00,7.978836130578e-01,2.064795051793e-01
1.235659493255e-01,1.254654744436e-02,1.539554053444e+00,7.969254877602e-01,2.083843728458e-01
1.238723385167e-01,1.263725417938e-02,1.538756098823e+00,7.959632581300e-01,2.103053880342e-01
1.241794874183e-01,1.272858943658e-02,1.537951215817e+00,7.949969080850e-01,2.122426729315e-01
1.244873979140e-01,1.282055827700e-02,1.537139332667e+00,7.940264076231e-01,2.141963853474e-01
1.247960718923e-01,1.291316305520e-02,1.536320427187e+00,7.930517706304e-01,2.161665732829e-01
1.251055112463e-01,1.300640875476e-02,1.535494429252e+00,7.920729690453e-01,2.181533905800e-01
1.254157178737e-01,1.310029931041e-02,1.534661288002e+00,7.910899920280e-01,2.201569482703e-01
1.257266936771e-01,1.319483769784e-02,1.533820970414e+00,7.901028443216e-01,2.221773179839e-01
1.260384405637e-01,1.329002958152e-02,1.532973394031e+00,7.891114881765e-01,2.242146799979e-01
1.263509604454e-01,1.338587772781e-02,1.532118529963e+00,7.881159323108e-01,2.262690965050e-01
1.266642552389e-01,1.348238595716e-02,1.531256330085e+00,7.871161689345e-01,2.283406719341e-01
1.269783268657e-01,1.357956002543e-02,1.530386710426e+00,7.861121600728e-01,2.304295890590e-01
1.272931772519e-01,1.367740209827e-02,1.529509653829e+00,7.851039247578e-01,2.325358839941e-01
1.276088083286e-01,1.377591708681e-02,1.528625092286e+00,7.840914390276e-01,2.346597041259e-01
1.279252220314e-01,1.387510957254e-02,1.527732963971e+00,7.830746845352e-01,2.368011829838e-01
1.282424203011e-01,1.397498236385e-02,1.526833240399e+00,7.820536709921e-01,2.389603811458e-01
1.285604050829e-01,1.407554107575e-02,1.525925840683e+00,7.810283645781e-01,2.411374733032e-01
1.288791783270e-01,1.417678907216e-02,1.525010726258e+00,7.799987669663e-01,2.433325416355e-01
1.291987419886e-01,1.427872982475e-02,1.524087856809e+00,7.789648783730e-01,2.455456720708e-01
1.295190980274e-01,1.438136967345e-02,1.523157138046e+00,7.779266549493e-01,2.477770675028e-01
1.298402484083e-01,1.448471072087e-02,1.522218555802e+00,7.768841187778e-01,2.500267566372e-01
1.301621951009e-01,1.458875772775e-02,1.521272045937e+00,7.758372511090e-01,2.522948764866e-01
1.304849400796e-01,1.469351596480e-02,1.520317534684e+00,7.747860257920e-01,2.545815844957e-01
1.308084853238e-01,1.479898804439e-02,1.519354998978e+00,7.737304578100e-01,2.568869283031e-01
1.311328328179e-01,1.490517950548e-02,1.518384360278e+00,7.726705175938e-01,2.592110751634e-01
1.314579845511e-01,1.501209435068e-02,1.517405569425e+00,7.716061994722e-01,2.615541285936e-01
1.317839425176e-01,1.511973587752e-02,1.516418591022e+00,7.705375087636e-01,2.639161623820e-01
1.321107087164e-01,1.522811037280e-02,1.515423332559e+00,7.694644057130e-01,2.662973727923e-01
1.324382851516e-01,1.533722052638e-02,1.514419770674e+00,7.683869055111e-01,2.686978072630e-01
1.327666738322e-01,1.544707069302e-02,1.513407850337e+00,7.673049983530e-01,2.711175811008e-01
1.330958767723e-01,1.555766687501e-02,1.512387484852e+00,7.662186500094e-01,2.735568769650e-01
1.334258959909e-01,1.566901145792e-02,1.511358657538e+00,7.651278810376e-01,2.760157275426e-01
1.337567335119e-01,1.578110987579e-02,1.510321293058e+00,7.640326664469e-01,2.784942906378e-01
1.340883913644e-01,1.589396681099e-02,1.509275330731e+00,7.629329929421e-01,2.809926923457e-01
1.344208715825e-01,1.600758535600e-02,1.508220741038e+00,7.618288712528e-01,2.835109922616e-01
1.347541762053e-01,1.612197171526e-02,1.507157434115e+00,7.607202660539e-01,2.860493779425e-01
1.350883072769e-01,1.623712920571e-02,1.506085376530e+00,7.596071853586e-01,2.886079167537e-01
1.354232668465e-01,1.635306172123e-02,1.505004523950e+00,7.584896288203e-01,2.911866990999e-01
1.357590569685e-01,1.646977603736e-02,1.503914775751e+00,7.573675538836e-01,2.937859339913e-01
1.360956797023e-01,1.658727428029e-02,1.502816122683e+00,7.562409869795e-01,2.964056370403e-01
1.364331371123e-01,1.670556174792e-02,1.501708493565e+00,7.551099080252e-01,2.990459544325e-01
1.367714312683e-01,1.682464384283e-02,1.500591815251e+00,7.539742958481e-01,3.017070359276e-01
1.371105642449e-01,1.694452341958e-02,1.499466065151e+00,7.528341668946e-01,3.043889247575e-01
1.374505381221e-01,1.706520656856e-02,1.498331157004e+00,7.516894906095e-01,3.070917975302e-01
1.377913549850e-01,1.718669727314e-02,1.497187046421e+00,7.505402675660e-01,3.098157425909e-01
1.381330169238e-01,1.730899913727e-02,1.496033696927e+00,7.493865040706e-01,3.125608316173e-01
1.384755260338e-01,1.743211906497e-02,1.494871006614e+00,7.482281589497e-01,3.153272724381e-01
1.388188844157e-01,1.755605957391e-02,1.493698961152e+00,7.470652548780e-01,3.181150898338e-01
1.391630941754e-01,1.768082556395e-02,1.492517499104e+00,7.458977803172e-01,3.209244065754e-01
1.395081574238e-01,1.780642319720e-02,1.491326533921e+00,7.447257059943e-01,3.237553969742e-01
1.398540762773e-01,1.793285505558e-02,1.490126051074e+00,7.435490543726e-01,3.266080856288e-01
1.402008528573e-01,1.806012708128e-02,1.488915968955e+00,7.423678000067e-01,3.294826358048e-01
1.405484892907e-01,1.818824396247e-02,1.487696231337e+00,7.411819357967e-01,3.323791576937e-01
1.408969877096e-01,1.831720905146e-02,1.486466809295e+00,7.399914739240e-01,3.352977049598e-01
1.412463502511e-01,1.844702912532e-02,1.485227605027e+00,7.387963782070e-01,3.382384726244e-01
1.415965790581e-01,1.857770735129e-02,1.483978593963e+00,7.375966640596e-01,3.412015046399e-01
1.419476762784e-01,1.870924809745e-02,1.482719727664e+00,7.363923300759e-01,3.441868938348e-01
1.422996440654e-01,1.884165832309e-02,1.481450905254e+00,7.351833386957e-01,3.471948397089e-01
1.426524845776e-01,1.897494030093e-02,1.480172121479e+00,7.339697186892e-01,3.502253458839e-01
1.430061999791e-01,1.910909978857e-02,1.478883300528e+00,7.327514500578e-01,3.532785597586e-01
1.433607924391e-01,1.924414221567e-02,1.477584373458e+00,7.315285178290e-01,3.563546140028e-01
1.437162641325e-01,1.938007064588e-02,1.476275320122e+00,7.303009403582e-01,3.594535418543e-01
1.440726172392e-01,1.951689169195e-02,1.474956047980e+00,7.290686868060e-01,3.625755228990e-01
1.444298539449e-01,1.965460920676e-02,1.473626521394e+00,7.278317651106e-01,3.657206209111e-01
1.447879764404e-01,1.979322706544e-02,1.472286704759e+00,7.265901830793e-01,3.688888994598e-01
1.451469869222e-01,1.993275275632e-02,1.470936488236e+00,7.253438989125e-01,3.720805709638e-01
1.455068875920e-01,2.007318850830e-02,1.469575870874e+00,7.240929437707e-01,3.752956282857e-01
1.458676806571e-01,2.021453975454e-02,1.468204785979e+00,7.228373048304e-01,3.785341961279e-01
1.462293683304e-01,2.035681270074e-02,1.466823151046e+00,7.215769590859e-01,3.817964299851e-01
1.465919528299e-01,2.050001008313e-02,1.465430955999e+00,7.203119313524e-01,3.850823402101e-01
1.469554363794e-01,2.064413831049e-02,1.464028114813e+00,7.190421964766e-01,3.883920882117e-01
1.473198212083e-01,2.078920195525e-02,1.462614579978e+00,7.177677547428e-01,3.917257579727e-01
1.476851095512e-01,2.093520458461e-02,1.461190325468e+00,7.164886203053e-01,3.950833905891e-01
1.480513036484e-01,2.108215350160e-02,1.459755247443e+00,7.152047569718e-01,3.984651805414e-01
1.484184057460e-01,2.123005159840e-02,1.458309334794e+00,7.139161886062e-01,4.018711383775e-01
1.487864180952e-01,2.137890369427e-02,1.456852536536e+00,7.126229131937e-01,4.053013531296e-01
1.491553429532e-01,2.152871680250e-02,1.455384755786e+00,7.113248995812e-01,4.087560031251e-01
1.495251825825e-01,2.167949329176e-02,1.453905993913e+00,7.100221793101e-01,4.122350733690e-01
1.498959392513e-01,2.183123932500e-02,1.452416172741e+00,7.087147332471e-01,4.157387042758e-01
1.502676152336e-01,2.198396022543e-02,1.450915232112e+00,7.074025538869e-01,4.192670001087e-01
1.506402128088e-01,2.213765921127e-02,1.449403156962e+00,7.060856620089e-01,4.228199769382e-01
1.510137342621e-01,2.229234335708e-02,1.447879850810e+00,7.047640273778e-01,4.263978083576e-01
1.513881818842e-01,2.244801624945e-02,1.446345291646e+00,7.034376664009e-01,4.300005227661e-01
1.517635579717e-01,2.260468202749e-02,1.444799446304e+00,7.021065883061e-01,4.336281699706e-01
1.521398648267e-01,2.276234853992e-02,1.443242202767e+00,7.007707537293e-01,4.372809507447e-01
1.525171047572e-01,2.292101774665e-02,1.441673575271e+00,6.994302011812e-01,4.409588223298e-01
1.528952800768e-01,2.308069552107e-02,1.440093494905e+00,6.980849178669e-01,4.446619012982e-01
1.532743931047e-01,2.324138796488e-02,1.438501888134e+00,6.967348884036e-01,4.483903119012e-01
1.536544461662e-01,2.340309790511e-02,1.436898752298e+00,6.953801404511e-01,4.521440426742e-01
1.540354415921e-01,2.356583214262e-02,1.435283999711e+00,6.940206500654e-01,4.559232433390e-01
1.544173817190e-01,2.372959498625e-02,1.433657596759e+00,6.926564260824e-01,4.597279599782e-01
1.548002688894e-01,2.389439014873e-02,1.432019523325e+00,6.912874852199e-01,4.635582128639e-01
1.551841054515e-01,2.406022537602e-02,1.430369672400e+00,6.899137923175e-01,4.674141851716e-01
1.555688937594e-01,2.422710313894e-02,1.428708051724e+00,6.885353806473e-01,4.712958432803e-01
1.559546361730e-01,2.439502865548e-02,1.427034610071e+00,6.871522481907e-01,4.752032640266e-01
1.563413350581e-01,2.456400882926e-02,1.425349259866e+00,6.857643716535e-01,4.791365909426e-01
1.567289927863e-01,2.473404605315e-02,1.423652012330e+00,6.843717858014e-01,4.830957826235e-01
1.571176117352e-01,2.490514680738e-02,1.421942790079e+00,6.829744732963e-01,4.870809619571e-01
1.575071942880e-01,2.507731614693e-02,1.420221547243e+00,6.815724353381e-01,4.910921921608e-01
1.578977428342e-01,2.525055736589e-02,1.418488277142e+00,6.801656956882e-01,4.951294636001e-01
1.582892597690e-01,2.542487790269e-02,1.416742882642e+00,6.787542257788e-01,4.991929323247e-01
1.586817474935e-01,2.560028091974e-02,1.414985361006e+00,6.773380514883e-01,5.032825799106e-01
1.590752084148e-01,2.577677085899e-02,1.413215682040e+00,6.759171826226e-01,5.073984379934e-01
1.594696449462e-01,2.595435544424e-02,1.411433743542e+00,6.744915880010e-01,5.115406682168e-01
1.598650595066e-01,2.613303659101e-02,1.409639572117e+00,6.730613096864e-01,5.157091970043e-01
1.602614545212e-01,2.631282041069e-02,1.407833102237e+00,6.716263372338e-01,5.199041175357e-01
1.606588324210e-01,2.649371272342e-02,1.406014275187e+00,6.701866641980e-01,5.241255091915e-01
1.610571956432e-01,2.667571636008e-02,1.404183099246e+00,6.687423215890e-01,5.283733300946e-01
1.614565466309e-01,2.685883840145e-02,1.402339488740e+00,6.672932877371e-01,5.326477061448e-01
1.618568878334e-01,2.704308272167e-02,1.400483429858e+00,6.658395810809e-01,5.369486333757e-01
1.622582217059e-01,2.722845308298e-02,1.398614912020e+00,6.643812215282e-01,5.412761017687e-01
1.626605507099e-01,2.741495754976e-02,1.396733828902e+00,6.629181761636e-01,5.456302699068e-01
1.630638773128e-01,2.760259800920e-02,1.394840212992e+00,6.614504884333e-01,5.500110495601e-01
1.634682039882e-01,2.779137999096e-02,1.392934015863e+00,6.599781570613e-01,5.544184949925e-01
1.638735332158e-01,2.798131009372e-02,1.391015165450e+00,6.585011680090e-01,5.588527003117e-01
1.642798674817e-01,2.817239064083e-02,1.389083686511e+00,6.570195596978e-01,5.633135893173e-01
1.646872092777e-01,2.836462830436e-02,1.387139506440e+00,6.555333176297e-01,5.678012549027e-01
1.650955611022e-01,2.855802768513e-02,1.385182599827e+00,6.540424528138e-01,5.723157063998e-01
1.655049254596e-01,2.875259204918e-02,1.383212972174e+00,6.525469925522e-01,5.768568991683e-01
1.659153048605e-01,2.894832905970e-02,1.381230529885e+00,6.510469111449e-01,5.814249580464e-01
1.663267018217e-01,2.914524128090e-02,1.379235295563e+00,6.495422447305e-01,5.860198069761e-01
1.667391188664e-01,2.934333336257e-02,1.377227245214e+00,6.480330043476e-01,5.906414493572e-01
1.671525585239e-01,2.954261268882e-02,1.375206293003e+00,6.465191684805e-01,5.952899920931e-01
1.675670233299e-01,2.974308103207e-02,1.373172481659e+00,6.450007830776e-01,5.999653229194e-01
1.679825158263e-01,2.994474460448e-02,1.371125753256e+00,6.434778410456e-01,6.046674991232e-01
1.683990385612e-01,3.014760874232e-02,1.369066070331e+00,6.419503460365e-01,6.093965417239e-01
1.688165940893e-01,3.035167617034e-02,1.366993455978e+00,6.404183328769e-01,6.141523696151e-01
1.692351849714e-01,3.055695409694e-02,1.364907830970e+00,6.388817833348e-01,6.189350711418e-01
1.696548137747e-01,3.076344577454e-02,1.362809207528e+00,6.373407262657e-01,6.237445811655e-01
1.700754830729e-01,3.097115490747e-02,1.360697588282e+00,6.357951851978e-01,6.285808501148e-01
1.704971954458e-01,3.118008966490e-02,1.358572873310e+00,6.342451313246e-01,6.334439952388e-01
1.709199534799e-01,3.139025122657e-02,1.356435124748e+00,6.326906181815e-01,6.383338668994e-01
1.713437597679e-01,3.160164529402e-02,1.354284300929e+00,6.311316462667e-01,6.432504845275e-01
1.717686169090e-01,3.181427794089e-02,1.352120351969e+00,6.295682120123e-01,6.481938787472e-01
1.721945275090e-01,3.202815130718e-02,1.349943320001e+00,6.280003578452e-01,6.531639305807e-01
1.726214941798e-01,3.224327209334e-02,1.347753141781e+00,6.264280732068e-01,6.581606894917e-01
1.730495195401e-01,3.245964424473e-02,1.345549818713e+00,6.248513797555e-01,6.631840995834e-01
1.734786062151e-01,3.267727087199e-02,1.343333372470e+00,6.232703088302e-01,6.682340721983e-01
1.739087568362e-01,3.289615968208e-02,1.341103717826e+00,6.216848388713e-01,6.733106862234e-01
1.743399740416e-01,3.311631246161e-02,1.338860908675e+00,6.200950167204e-01,6.784137995872e-01
1.747722604759e-01,3.333773393923e-02,1.336604930787e+00,6.185008553595e-01,6.835433768201e-01
1.752056187904e-01,3.356043092016e-02,1.334335721588e+00,6.169023442074e-01,6.886994555854e-01
1.756400516429e-01,3.378440491871e-02,1.332053343599e+00,6.152995333047e-01,6.938818781616e-01
1.760755616978e-01,3.400966207552e-02,1.329757751100e+00,6.136924199180e-01,6.990906532045e-01
1.765121516259e-01,3.423620702642e-02,1.327448934328e+00,6.120810186601e-01,7.043257319448e-01
1.769498241050e-01,3.446404226049e-02,1.325126935013e+00,6.104653685325e-01,7.095869862456e-01
1.773885818193e-01,3.469317492281e-02,1.322791685239e+00,6.088454559252e-01,7.148744528683e-01
1.778284274597e-01,3.492360745334e-02,1.320443229167e+00,6.072213205479e-01,7.201879973883e-01
1.782693637238e-01,3.515534353331e-02,1.318081582320e+00,6.055929880607e-01,7.255275280965e-01
1.787113933158e-01,3.538839068538e-02,1.315706669266e+00,6.039604411473e-01,7.308930866478e-01
1.791545189468e-01,3.562274976064e-02,1.313318574125e+00,6.023237374076e-01,7.362844763296e-01
1.795987433343e-01,3.585842629027e-02,1.310917270145e+00,6.006828820231e-01,7.417016636267e-01
1.800440692029e-01,3.609542559021e-02,1.308502736122e+00,5.990378827804e-01,7.471446043457e-01
1.804904992837e-01,3.633374948848e-02,1.306075035066e+00,5.973887863054e-01,7.526131305445e-01
1.809380363147e-01,3.657340451592e-02,1.303634117839e+00,5.957355870459e-01,7.581072353868e-01
1.813866830407e-01,3.681439375984e-02,1.301180018483e+00,5.940783177387e-01,7.636267900704e-01
1.818364422132e-01,3.705672003006e-02,1.298712778519e+00,5.924170141140e-01,7.691716546683e-01
1.822873165905e-01,3.730039085850e-02,1.296232326115e+00,5.907516600039e-01,7.747418479612e-01
1.827393089379e-01,3.754540708486e-02,1.293738751509e+00,5.890823129071e-01,7.803371580613e-01
1.831924220275e-01,3.779177335611e-02,1.291232053720e+00,5.874089884522e-01,7.859575007941e-01
1.836466586382e-01,3.803949564938e-02,1.288712199923e+00,5.857316878896e-01,7.916028335680e-01
1.841020215558e-01,3.828857509658e-02,1.286179275451e+00,5.840504653561e-01,7.972729490336e-01
1.845585135732e-01,3.853901756521e-02,1.283633251262e+00,5.823653233973e-01,8.029677959631e-01
1.850161374899e-01,3.879082677587e-02,1.281074150960e+00,5.806762880024e-01,8.086872487684e-01
1.854748961126e-01,3.904400484001e-02,1.278502038109e+00,5.789834025161e-01,8.144311270757e-01
1.859347922549e-01,3.929855861610e-02,1.275916860844e+00,5.772866590538e-01,8.201994035909e-01
1.863958287372e-01,3.955448955456e-02,1.273318700025e+00,5.755861080956e-01,8.259918717514e-01
1.868580083872e-01,3.981180115948e-02,1.270707587002e+00,5.738817779008e-01,8.318083903510e-01
1.873213340394e-01,4.007050004105e-02,1.268083477229e+00,5.721736635442e-01,8.376489150285e-01
1.877858085354e-01,4.033058660553e-02,1.265446479194e+00,5.704618264811e-01,8.435132002238e-01
1.882514347238e-01,4.059206601227e-02,1.262796585082e+00,5.687462773196e-01,8.494011502926e-01
1.887182154602e-01,4.085494259250e-02,1.260133807811e+00,5.670270355951e-01,8.553126400893e-01
1.891861536075e-01,4.111921772764e-02,1.257458233815e+00,5.653041520900e-01,8.612474499360e-01
1.896552520356e-01,4.138489755509e-02,1.254769832347e+00,5.635776271852e-01,8.672055063754e-01
1.901255136214e-01,4.165198411929e-02,1.252068674476e+00,5.618475045676e-01,8.731866060138e-01
1.905969412490e-01,4.192047977522e-02,1.249354824304e+00,5.601138244873e-01,8.791905538711e-01
1.910695378098e-01,4.219039163246e-02,1.246628227957e+00,5.583765772808e-01,8.852172971729e-01
1.915433062020e-01,4.246171944453e-02,1.243889015261e+00,5.566358304399e-01,8.912665571170e-01
1.920182493315e-01,4.273446759129e-02,1.241137201323e+00,5.548916028548e-01,8.973381934901e-01
1.924943701110e-01,4.300864098284e-02,1.238372788206e+00,5.531439079695e-01,9.034320784878e-01
1.929716714605e-01,4.328424024545e-02,1.235595885785e+00,5.513928037432e-01,9.095479551402e-01
1.934501563074e-01,4.356127075340e-02,1.232806485342e+00,5.496382987235e-01,9.156857046037e-01
1.939298275862e-01,4.383973511990e-02,1.230004647801e+00,5.478804300962e-01,9.218451241879e-01
1.944106882388e-01,4.411963493551e-02,1.227190460458e+00,5.461192454467e-01,9.280259803317e-01
1.948927412142e-01,4.440097652810e-02,1.224363891418e+00,5.443547435221e-01,9.342281729347e-01
1.953759894689e-01,4.468376021640e-02,1.221525060910e+00,5.425869848402e-01,9.404514277828e-01
1.958604359666e-01,4.496798915680e-02,1.218674018012e+00,5.408160005887e-01,9.466955501842e-01
1.963460836786e-01,4.525366879705e-02,1.215810753827e+00,5.390417985507e-01,9.529604062924e-01
1.968329355832e-01,4.554079899084e-02,1.212935401954e+00,5.372644435150e-01,9.592457047603e-01
1.973209946663e-01,4.582938431383e-02,1.210047976349e+00,5.354839520110e-01,9.655512830547e-01
1.978102639213e-01,4.611942791378e-02,1.207148527487e+00,5.337003550823e-01,9.718769364512e-01
1.983007463487e-01,4.641093059727e-02,1.204237166140e+00,5.319137073175e-01,9.782223956958e-01
1.987924449568e-01,4.670389787223e-02,1.201313883037e+00,5.301240157051e-01,9.845875150473e-01
1.992853627611e-01,4.699833059587e-02,1.198378788307e+00,5.283313340759e-01,9.909720227830e-01
1.997795027847e-01,4.729423068258e-02,1.195431965497e+00,5.265357053817e-01,9.973756743650e-01
2.002748680582e-01,4.759160406672e-02,1.192473394724e+00,5.247371322407e-01,1.003798326296e+00
2.007714616196e-01,4.789044982062e-02,1.189503233268e+00,5.229356858360e-01,1.010239656680e+00
2.012692865145e-01,4.819077169359e-02,1.186521518105e+00,5.211313904060e-01,1.016699461937e+00
2.017683457962e-01,4.849257332449e-02,1.183528289023e+00,5.193242712762e-01,1.023177532348e+00
2.022686425253e-01,4.879585472496e-02,1.180523680218e+00,5.175143896182e-01,1.029673566773e+00
2.027701797702e-01,4.910062055271e-02,1.177507705396e+00,5.157017604033e-01,1.036187376482e+00
2.032729606069e-01,4.940687216790e-02,1.174480464120e+00,5.138864311279e-01,1.042718689913e+00
2.037769881188e-01,4.971461050947e-02,1.171442067378e+00,5.120684531808e-01,1.049267224951e+00
2.042822653971e-01,5.002384112644e-02,1.168392505583e+00,5.102478325351e-01,1.055832805700e+00
2.047887955409e-01,5.033456312158e-02,1.165331938078e+00,5.084246382851e-01,1.062415103413e+00
2.052965816565e-01,5.064677912851e-02,1.162260431955e+00,5.065989046691e-01,1.069013870732e+00
2.058056268583e-01,5.096049322434e-02,1.159178016132e+00,5.047706517818e-01,1.075628889811e+00
2.063159342683e-01,5.127570462446e-02,1.156084847846e+00,5.029399468701e-01,1.082259832325e+00
2.068275070161e-01,5.159241711493e-02,1.152980963794e+00,5.011068125391e-01,1.088906470169e+00
2.073403482392e-01,5.191063251438e-02,1.149866452565e+00,4.992712903667e-01,1.095568529423e+00
2.078544610830e-01,5.223035094682e-02,1.146741447967e+00,4.974334380444e-01,1.102245699303e+00
2.083698487005e-01,5.255157706010e-02,1.143605963410e+00,4.955932694884e-01,1.108937762513e+00
2.088865142524e-01,5.287431044356e-02,1.140460146968e+00,4.937508471259e-01,1.115644394168e+00
2.094044609077e-01,5.319855245748e-02,1.137304099732e+00,4.919062160674e-01,1.122365305917e+00
2.099236918428e-01,5.352430755496e-02,1.134137839625e+00,4.900593917236e-01,1.129100268556e+00
2.104442102421e-01,5.385157416416e-02,1.130961546184e+00,4.882104468239e-01,1.135848932110e+00
2.109660192981e-01,5.418035518788e-02,1.127775278775e+00,4.863594111684e-01,1.142611033637e+00
2.114891222110e-01,5.451065284973e-02,1.124579114652e+00,4.845063208940e-01,1.149386294203e+00
2.120135221890e-01,5.484246646572e-02,1.121373209704e+00,4.826512394163e-01,1.156174379882e+00
2.125392224481e-01,5.517579976866e-02,1.118157600004e+00,4.807941881680e-01,1.162975036560e+00
2.130662262127e-01,5.551065278991e-02,1.114932421774e+00,4.789352233189e-01,1.169787941094e+00
2.135945367147e-01,5.584702571317e-02,1.111697807253e+00,4.770743992600e-01,1.176612773550e+00
2.141241571944e-01,5.618492307564e-02,1.108453769332e+00,4.752117293833e-01,1.183449286364e+00
2.146550908998e-01,5.652434275858e-02,1.105200502731e+00,4.733472891638e-01,1.190297117926e+00
2.151873410872e-01,5.686528670710e-02,1.101938090817e+00,4.714811157591e-01,1.197155974607e+00
2.157209110210e-01,5.720775748724e-02,1.098666599217e+00,4.696132403995e-01,1.204025569714e+00
2.162558039734e-01,5.755175362506e-02,1.095386204800e+00,4.677437315658e-01,1.210905552450e+00
2.167920232250e-01,5.789727793511e-02,1.092096965630e+00,4.658726176929e-01,1.217795637324e+00
2.173295720645e-01,5.824433083752e-02,1.088799005546e+00,4.639999491625e-01,1.224695500675e+00
2.178684537885e-01,5.859291170012e-02,1.085492477589e+00,4.621257857093e-01,1.231604804087e+00
2.184086717022e-01,5.894302410475e-02,1.082177416687e+00,4.602501480792e-01,1.238523266632e+00
2.189502291186e-01,5.929466637599e-02,1.078854004235e+00,4.583731050232e-01,1.245450533740e+00
2.194931293592e-01,5.964783919181e-02,1.075522355610e+00,4.564947033563e-01,1.252386283311e+00
2.200373757535e-01,6.000254538940e-02,1.072182524571e+00,4.546149699893e-01,1.259330218140e+00
2.205829716394e-01,6.035878273426e-02,1.068834707541e+00,4.527339777349e-01,1.266281977430e+00
2.211299203631e-01,6.071655313090e-02,1.065478983554e+00,4.508517614333e-01,1.273241250509e+00
2.216782252790e-01,6.107585732624e-02,1.062115463600e+00,4.489683662040e-01,1.280207710847e+00
2.222278897498e-01,6.143669389973e-02,1.058744320101e+00,4.470838564063e-01,1.287181008413e+00
2.227789171467e-01,6.179906548406e-02,1.055365608997e+00,4.451982595521e-01,1.294160835167e+00
2.233313108492e-01,6.216297079465e-02,1.051979497680e+00,4.433116381372e-01,1.301146841584e+00
2.238850742450e-01,6.252840929588e-02,1.048586131829e+00,4.414240475230e-01,1.308138686975e+00
2.244402107303e-01,6.289538401626e-02,1.045185553165e+00,4.395355109354e-01,1.315136060900e+00
2.249967237100e-01,6.326389200185e-02,1.041777975917e+00,4.376461047193e-01,1.322138599903e+00
2.255546165969e-01,6.363393426688e-02,1.038363498750e+00,4.357558694478e-01,1.329145974930e+00
2.261138928128e-01,6.400551181481e-02,1.034942219415e+00,4.338648455556e-01,1.336157854196e+00
2.266745557877e-01,6.437862247579e-02,1.031514327982e+00,4.319731012413e-01,1.343173883364e+00
2.272366089600e-01,6.475326795142e-02,1.028079900062e+00,4.300806701194e-01,1.350193734146e+00
2.278000557770e-01,6.512944728705e-02,1.024639088449e+00,4.281876089546e-01,1.357217059933e+00
2.283648996942e-01,6.550715906541e-02,1.021192059238e+00,4.262939781626e-01,1.364243513149e+00
2.289311441757e-01,6.588640563856e-02,1.017738865271e+00,4.243998047904e-01,1.371272763848e+00
2.294987926945e-01,6.626718416559e-02,1.014279713298e+00,4.225051610289e-01,1.378304457187e+00
2.300678487319e-01,6.664949454224e-02,1.010814727722e+00,4.206100947211e-01,1.385338251756e+00
2.306383157779e-01,6.703333795009e-02,1.007343992756e+00,4.187146422396e-01,1.392373808148e+00
2.312101973311e-01,6.741871152069e-02,1.003867714109e+00,4.168188747823e-01,1.399410775293e+00
2.317834968991e-01,6.780561605454e-02,1.000385985433e+00,4.149228313345e-01,1.406448811950e+00
2.323582179977e-01,6.819405085790e-02,9.968989444291e-01,4.130265635057e-01,1.413487572228e+00
2.329343641518e-01,6.858401378013e-02,9.934067727415e-01,4.111301350501e-01,1.420526710085e+00
2.335119388949e-01,6.897550622679e-02,9.899095413534e-01,4.092335787778e-01,1.427565880803e+00
2.340909457692e-01,6.936852570863e-02,9.864074402205e-01,4.073369605929e-01,1.434604738669e+00
2.346713883259e-01,6.976307098802e-02,9.829006199343e-01,4.054403352219e-01,1.441642939827e+00
2.352532701247e-01,7.015914333875e-02,9.793891509570e-01,4.035437356382e-01,1.448680134940e+00
2.358365947344e-01,7.055673925566e-02,9.758732524005e-01,4.016472351535e-01,1.455715983859e+00
2.364213657325e-01,7.095585867999e-02,9.723530340733e-01,3.997508773359e-01,1.462750139928e+00
2.370075867054e-01,7.135650110213e-02,9.688286182001e-01,3.978547092602e-01,1.469782255749e+00
2.375952612484e-01,7.175866369813e-02,9.653001997695e-01,3.959587971486e-01,1.476811994417e+00
2.381843929657e-01,7.216234696743e-02,9.617678660367e-01,3.940631787926e-01,1.483839004035e+00
2.387749854705e-01,7.256754870449e-02,9.582317896264e-01,3.921679143944e-01,1.490862945788e+00
2.393670423849e-01,7.297426672716e-02,9.546921417277e-01,3.902730634919e-01,1.497883483586e+00
2.399605673399e-01,7.338250204884e-02,9.511489874448e-01,3.883786585244e-01,1.504900257900e+00
2.405555639757e-01,7.379225085995e-02,9.476025483697e-01,3.864847718309e-01,1.511912945105e+00
2.411520359414e-01,7.420351220917e-02,9.440529512129e-01,3.845914514510e-01,1.518921201368e+00
2.417499868951e-01,7.461628568698e-02,9.405003024617e-01,3.826987405849e-01,1.525924675572e+00
2.423494205042e-01,7.503056786683e-02,9.369448080732e-01,3.808067070205e-01,1.532923047415e+00
2.429503404448e-01,7.544635839394e-02,9.333865695090e-01,3.789153927029e-01,1.539915965447e+00
2.435527504026e-01,7.586365527097e-02,9.298257416697e-01,3.770248527634e-01,1.546903095440e+00
2.441566540720e-01,7.628245567193e-02,9.262625067451e-01,3.751351486866e-01,1.553884116066e+00
2.447620551568e-01,7.670275970528e-02,9.226969442280e-01,3.732463174805e-01,1.560858666555e+00
2.453689573700e-01,7.712456388485e-02,9.191292558950e-01,3.713584251935e-01,1.567826436036e+00
2.459773644336e-01,7.754786624904e-02,9.155595896992e-01,3.694715249299e-01,1.574787094607e+00
2.465872800791e-01,7.797266639781e-02,9.119880362572e-01,3.675856567070e-01,1.581740285290e+00
2.471987080471e-01,7.839896038250e-02,9.084148100066e-01,3.657008889579e-01,1.588685711518e+00
2.478116520874e-01,7.882674705691e-02,9.048400244043e-01,3.638172669208e-01,1.595623029753e+00
2.484261159592e-01,7.925602454934e-02,9.012638163871e-01,3.619348413245e-01,1.602551908015e+00
2.490421034312e-01,7.968678946868e-02,8.976863767091e-01,3.600536746936e-01,1.609472046809e+00
2.496596182811e-01,8.011904108012e-02,8.941077970723e-01,3.581738077487e-01,1.616383091617e+00
2.502786642961e-01,8.055277614586e-02,8.905282591115e-01,3.562953009005e-01,1.623284741716e+00
2.508992452729e-01,8.098799182361e-02,8.869479289201e-01,3.544182108995e-01,1.630176691353e+00
2.515213650174e-01,8.142468762617e-02,8.833668812436e-01,3.525425752955e-01,1.637058575653e+00
2.521450273453e-01,8.186285917214e-02,8.797853364577e-01,3.506684622414e-01,1.643930128405e+00
2.527702360813e-01,8.230250459675e-02,8.762034177132e-01,3.487959193877e-01,1.650791021095e+00
2.533969950599e-01,8.274362206485e-02,8.726212439037e-01,3.469249937611e-01,1.657640921675e+00
2.540253081251e-01,8.318620770777e-02,8.690390118654e-01,3.450557480139e-01,1.664479559027e+00
2.546551791302e-01,8.363026001918e-02,8.654568232491e-01,3.431882257034e-01,1.671306592018e+00
2.552866119384e-01,8.407577592762e-02,8.618748394075e-01,3.413224822935e-01,1.678121727397e+00
2.559196104220e-01,8.452275202828e-02,8.582932341373e-01,3.394585753792e-01,1.684924686812e+00
2.565541784635e-01,8.497118712071e-02,8.547120881338e-01,3.375965448731e-01,1.691715114370e+00
2.571903199544e-01,8.542107701209e-02,8.511316034871e-01,3.357364536331e-01,1.698492761399e+00
2.578280387965e-01,8.587241902613e-02,8.475519179350e-01,3.338783521995e-01,1.705257327254e+00
2.584673389006e-01,8.632521126946e-02,8.439731324105e-01,3.320222846211e-01,1.712008477564e+00
2.591082241878e-01,8.677944949096e-02,8.403954473618e-01,3.301683127738e-01,1.718745975461e+00
2.597506985885e-01,8.723513149356e-02,8.368189721015e-01,3.283164821686e-01,1.725469499788e+00
2.603947660431e-01,8.769225428372e-02,8.332438477486e-01,3.264668440441e-01,1.732178762080e+00
2.610404305016e-01,8.815081402529e-02,8.296702519701e-01,3.246194556461e-01,1.738873516251e+00
2.616876959240e-01,8.861080877127e-02,8.260982734602e-01,3.227743592728e-01,1.745553424838e+00
2.623365662797e-01,8.907223454796e-02,8.225280917665e-01,3.209316123092e-01,1.752218250690e+00
2.629870455485e-01,8.953508798142e-02,8.189598574917e-01,3.190912670648e-01,1.758867730671e+00
2.636391377197e-01,8.999936702032e-02,8.153936538520e-01,3.172533653483e-01,1.765501525946e+00
2.642928467926e-01,9.046506713250e-02,8.118296825038e-01,3.154179673771e-01,1.772119438953e+00
2.649481767765e-01,9.093218551875e-02,8.082680581614e-01,3.135851197385e-01,1.778721174421e+00
2.656051316903e-01,9.140071916936e-02,8.047089019450e-01,3.117548701888e-01,1.785306446037e+00
2.662637155633e-01,9.187066391658e-02,8.011523930608e-01,3.099272747530e-01,1.791875044976e+00
2.669239324346e-01,9.234201715458e-02,7.975986259939e-01,3.081023772403e-01,1.798426658121e+00
2.675857863532e-01,9.281477503978e-02,7.940477579932e-01,3.062802303164e-01,1.804961056661e+00
2.682492813784e-01,9.328893371449e-02,7.904999464192e-01,3.044608862687e-01,1.811478018398e+00
2.689144215793e-01,9.376449070933e-02,7.869552661512e-01,3.026443865773e-01,1.817977210527e+00
2.695812110353e-01,9.424144147365e-02,7.834139087858e-01,3.008307877858e-01,1.824458466453e+00
2.702496538358e-01,9.471978264907e-02,7.798759952491e-01,2.990201370869e-01,1.830921526070e+00
2.709197540804e-01,9.519951111085e-02,7.763416270763e-01,2.972124795108e-01,1.837366102671e+00
2.715915158787e-01,9.568062246420e-02,7.728109828016e-01,2.954078690225e-01,1.843792028788e+00
2.722649433508e-01,9.616311353872e-02,7.692841605740e-01,2.936063500851e-01,1.850199020758e+00
2.729400406267e-01,9.664698052634e-02,7.657612957890e-01,2.918079714181e-01,1.856586854979e+00
2.736168118469e-01,9.713221928832e-02,7.622425455786e-01,2.900127836978e-01,1.862955348613e+00
2.742952611619e-01,9.761882673197e-02,7.587279889565e-01,2.882208294926e-01,1.869304196892e+00
2.749753927328e-01,9.810679849605e-02,7.552177934069e-01,2.864321601941e-01,1.875633243547e+00
2.756572107307e-01,9.859613073048e-02,7.517120879790e-01,2.846468229935e-01,1.881942275794e+00
2.763407193373e-01,9.908682009262e-02,7.482109552061e-01,2.828648609568e-01,1.888231004139e+00
2.770259227445e-01,9.957886206866e-02,7.447145708992e-01,2.810863251921e-01,1.894499305591e+00
2.777128251547e-01,1.000722530230e-01,7.412230348675e-01,2.793112599876e-01,1.900746930168e+00
2.784014307807e-01,1.005669890838e-01,7.377364612863e-01,2.775397109003e-01,1.906973656451e+00
2.790917438457e-01,1.010630659377e-01,7.342550050827e-01,2.757717262062e-01,1.913179344059e+00
2.797837685834e-01,1.015604799676e-01,7.307787474561e-01,2.740073487335e-01,1.919363720485e+00
2.804775092380e-01,1.020592269051e-01,7.273078324770e-01,2.722466255325e-01,1.925526636115e+00
2.811729700641e-01,1.025593025817e-01,7.238423945330e-01,2.704896024798e-01,1.931667930725e+00
2.818701553272e-01,1.030607033310e-01,7.203824978939e-01,2.687363214357e-01,1.937787309797e+00
2.825690693030e-01,1.035634246302e-01,7.169283137900e-01,2.669868299055e-01,1.943884696955e+00
2.832697162780e-01,1.040674624816e-01,7.134799418441e-01,2.652411712128e-01,1.949959879179e+00
2.839721005492e-01,1.045728128464e-01,7.100374758159e-01,2.634993885372e-01,1.956012634364e+00
2.846762264244e-01,1.050794713453e-01,7.066010666439e-01,2.617615270152e-01,1.962042866703e+00
2.853820982219e-01,1.055874339390e-01,7.031707959224e-01,2.600276289445e-01,1.968050339231e+00
2.860897202710e-01,1.060966963512e-01,6.997467851925e-01,2.582977378513e-01,1.974034905473e+00
2.867990969115e-01,1.066072542867e-01,6.963291658027e-01,2.565718969496e-01,1.979996448531e+00
2.875102324939e-01,1.071191036041e-01,6.929180020076e-01,2.548501479409e-01,1.985934706161e+00
2.882231313797e-01,1.076322399253e-01,6.895134414452e-01,2.531325337416e-01,1.991849610419e+00
2.889377979411e-01,1.081466589816e-01,6.861155876810e-01,2.514190960668e-01,1.997741000675e+00
2.896542365611e-01,1.086623564612e-01,6.827245150149e-01,2.497098764975e-01,2.003608651465e+00
2.903724516337e-01,1.091793280281e-01,6.793403688283e-01,2.480049163490e-01,2.009452512687e+00
2.910924475638e-01,1.096975693259e-01,6.759632295022e-01,2.463042566441e-01,2.015272385256e+00
2.918142287669e-01,1.102170759656e-01,6.725931970956e-01,2.446079381989e-01,2.021068122498e+00
2.925377996699e-01,1.107378436357e-01,6.692303980797e-01,2.429160008682e-01,2.026839651324e+00
2.932631647105e-01,1.112598678168e-01,6.658748961398e-01,2.412284855025e-01,2.032586746098e+00
2.939903283371e-01,1.117831441794e-01,6.625268154657e-01,2.395454312280e-01,2.038309341328e+00
2.947192950097e-01,1.123076683589e-01,6.591862615914e-01,2.378668769872e-01,2.044007332205e+00
2.954500691989e-01,1.128334356628e-01,6.558532904413e-01,2.361928635271e-01,2.049680487432e+00
2.961826553866e-01,1.133604419066e-01,6.525280405012e-01,2.345234277229e-01,2.055328802811e+00
2.969170580657e-01,1.138886825230e-01,6.492105895306e-01,2.328586086298e-01,2.060952118519e+00
2.976532817403e-01,1.144181529030e-01,6.459010172909e-01,2.311984451576e-01,2.066550284576e+00
2.983913309258e-01,1.149488488263e-01,6.425994440972e-01,2.295429731844e-01,2.072123271914e+00
2.991312101486e-01,1.154807655014e-01,6.393059317032e-01,2.278922320140e-01,2.077670892905e+00
2.998729239463e-01,1.160138985397e-01,6.360205821432e-01,2.262462578281e-01,2.083193080769e+00
3.006164768679e-01,1.165482436242e-01,6.327434982888e-01,2.246050859321e-01,2.088689780310e+00
3.013618734736e-01,1.170837956775e-01,6.294747265863e-01,2.229687562799e-01,2.094160775139e+00
3.021091183350e-01,1.176205506687e-01,6.262143898155e-01,2.213373014559e-01,2.099606083276e+00
3.028582160348e-01,1.181585039602e-01,6.229625644857e-01,2.197107576792e-01,2.105025592300e+00
3.036091711674e-01,1.186976506141e-01,6.197193113557e-01,2.180891627369e-01,2.110419146046e+00
3.043619883384e-01,1.192379866074e-01,6.164847435345e-01,2.164725479790e-01,2.115786758810e+00
3.051166721647e-01,1.197795069816e-01,6.132589196869e-01,2.148609505225e-01,2.121128281462e+00
3.058732272749e-01,1.203222071801e-01,6.100419210983e-01,2.132544044335e-01,2.126443642455e+00
3.066316583089e-01,1.208660830210e-01,6.068338442301e-01,2.116529409416e-01,2.131732828258e+00
3.073919699182e-01,1.214111291989e-01,6.036347331670e-01,2.100565982174e-01,2.136995659873e+00
3.081541667658e-01,1.219573416749e-01,6.004446882687e-01,2.084654057749e-01,2.142232151495e+00
3.089182535263e-01,1.225047159340e-01,5.972637857576e-01,2.068793958553e-01,2.147442245896e+00
3.096842348857e-01,1.230532466002e-01,5.940920687684e-01,2.052986058808e-01,2.152625778083e+00
3.104521155419e-01,1.236029299505e-01,5.909296423816e-01,2.037230621878e-01,2.157782804256e+00
3.112219002044e-01,1.241537609642e-01,5.877765612218e-01,2.021527991274e-01,2.162913213415e+00
3.119935935941e-01,1.247057348059e-01,5.846328873174e-01,2.005878494537e-01,2.168016926027e+00
3.127672004439e-01,1.252588475312e-01,5.814987099359e-01,1.990282398318e-01,2.173093968819e+00
3.135427254984e-01,1.258130937112e-01,5.783740698792e-01,1.974740060627e-01,2.178144199824e+00
3.143201735138e-01,1.263684691865e-01,5.752590466959e-01,1.959251754421e-01,2.183167625658e+00
3.150995492582e-01,1.269249697298e-01,5.721537145579e-01,1.943817753555e-01,2.188164242706e+00
3.158808575116e-01,1.274825894433e-01,5.690581011229e-01,1.928438434189e-01,2.193133877420e+00
3.166641030657e-01,1.280413249778e-01,5.659723021285e-01,1.913114007039e-01,2.198076623012e+00
3.174492907242e-01,1.286011713611e-01,5.628963676459e-01,1.897844782220e-01,2.202992406360e+00
3.182364253027e-01,1.291621233684e-01,5.598303419953e-01,1.882631081874e-01,2.207881136971e+00
3.190255116286e-01,1.297241773919e-01,5.567743066772e-01,1.867473122783e-01,2.212742879704e+00
3.198165545414e-01,1.302873279812e-01,5.537282984840e-01,1.852371233999e-01,2.217577528480e+00
3.206095588926e-01,1.308515707441e-01,5.506923778157e-01,1.837325674505e-01,2.222385078857e+00
3.214045295458e-01,1.314169017266e-01,5.476666119324e-01,1.822336672581e-01,2.227165563891e+00
3.222014713764e-01,1.319833149494e-01,5.446510252498e-01,1.807404579154e-01,2.231918844940e+00
3.230003892721e-01,1.325508069844e-01,5.416456929982e-01,1.792529582820e-01,2.236645003682e+00
3.238012881328e-01,1.331193731902e-01,5.386506637266e-01,1.777711944395e-01,2.241344018243e+00
3.246041728702e-01,1.336890078420e-01,5.356659656252e-01,1.762951987959e-01,2.246015784396e+00
3.254090484086e-01,1.342597077638e-01,5.326916720513e-01,1.748249876858e-01,2.250660402384e+00
3.262159196842e-01,1.348314675837e-01,5.297278152458e-01,1.733605906528e-01,2.255277800150e+00
3.270247916456e-01,1.354042825633e-01,5.267744381486e-01,1.719020329807e-01,2.259867958963e+00
3.278356692535e-01,1.359781491175e-01,5.238316007487e-01,1.704493325748e-01,2.264430945853e+00
3.286485574812e-01,1.365530612850e-01,5.208993236900e-01,1.690025215290e-01,2.268966655208e+00
3.294634613141e-01,1.371290154437e-01,5.179776634941e-01,1.675616173234e-01,2.273475153525e+00
3.302803857499e-01,1.377060074470e-01,5.150666661397e-01,1.661266403432e-01,2.277956467766e+00
3.310993357990e-01,1.382840309623e-01,5.121663452707e-01,1.646976238799e-01,2.282410477330e+00
3.319203164839e-01,1.388630833354e-01,5.092767659045e-01,1.632745786311e-01,2.286837314571e+00
3.327433328396e-01,1.394431593690e-01,5.063979553594e-01,1.618575303737e-01,2.291236938934e+00
3.335683899139e-01,1.400242538676e-01,5.035299408047e-01,1.604465045159e-01,2.295609314348e+00
3.343954927667e-01,1.406063637051e-01,5.006727747693e-01,1.590415137370e-01,2.299954538592e+00
3.352246464707e-01,1.411894830352e-01,4.978264737595e-01,1.576425867153e-01,2.304272536545e+00
3.360558561111e-01,1.417736079270e-01,4.949910773814e-01,1.562497403400e-01,2.308563356111e+00
3.368891267857e-01,1.423587347230e-01,4.921666263347e-01,1.548629896060e-01,2.312827060039e+00
3.377244636050e-01,1.429448568703e-01,4.893531269267e-01,1.534823663973e-01,2.317063538330e+00
3.385618716921e-01,1.435319718283e-01,4.865506301565e-01,1.521078784746e-01,2.321272922166e+00
3.394013561828e-01,1.441200748311e-01,4.837591600839e-01,1.507395465239e-01,2.325455209267e+00
3.402429222257e-01,1.447091601174e-01,4.809787297752e-01,1.493773967685e-01,2.329610343265e+00
3.410865749822e-01,1.452992251054e-01,4.782093842620e-01,1.480214364166e-01,2.333738449012e+00
3.419323196263e-01,1.458902641570e-01,4.754511356947e-01,1.466716903720e-01,2.337839478767e+00
3.427801613451e-01,1.464822729202e-01,4.727040085287e-01,1.453281756717e-01,2.341913458560e+00
3.436301053383e-01,1.470752482202e-01,4.699680368225e-01,1.439909022211e-01,2.345960476964e+00
3.444821568187e-01,1.476691836545e-01,4.672432232880e-01,1.426598984503e-01,2.349980450349e+00
3.453363210119e-01,1.482640764033e-01,4.645296028013e-01,1.413351716445e-01,2.353973486246e+00
3.461926031565e-01,1.488599223780e-01,4.618271968195e-01,1.400167362287e-01,2.357939623219e+00
3.470510085041e-01,1.494567151454e-01,4.591360059324e-01,1.387046198791e-01,2.361878781630e+00
3.479115423193e-01,1.500544527492e-01,4.564560677682e-01,1.373988241443e-01,2.365791109373e+00
3.487742098798e-01,1.506531298479e-01,4.537873900338e-01,1.360993698484e-01,2.369676582462e+00
3.496390164763e-01,1.512527415594e-01,4.511299837495e-01,1.348062748616e-01,2.373535201818e+00
3.505059674126e-01,1.518532852728e-01,4.484838764160e-01,1.335195437968e-01,2.377367077813e+00
3.513750680059e-01,1.524547548261e-01,4.458490670520e-01,1.322392013110e-01,2.381172149486e+00
3.522463235863e-01,1.530571470071e-01,4.432255762122e-01,1.309652549457e-01,2.384950497265e+00
3.531197394972e-01,1.536604584939e-01,4.406134218632e-01,1.296977126641e-01,2.388702193684e+00
3.539953210953e-01,1.542646822504e-01,4.380125948832e-01,1.284366032123e-01,2.392427140536e+00
3.548730737506e-01,1.548698168507e-01,4.354231245065e-01,1.271819233062e-01,2.396125496645e+00
3.557530028463e-01,1.554758573919e-01,4.328450144180e-01,1.259336891158e-01,2.399797260331e+00
3.566351137790e-01,1.560827983562e-01,4.302782638556e-01,1.246919199722e-01,2.403442404076e+00
3.575194119587e-01,1.566906377731e-01,4.277228939488e-01,1.234566150429e-01,2.407061055742e+00
3.584059028089e-01,1.572993698069e-01,4.251789000307e-01,1.222277949433e-01,2.410653172885e+00
3.592945917664e-01,1.579089907440e-01,4.226462900656e-01,1.210054681444e-01,2.414218805341e+00
3.601854842815e-01,1.585194978439e-01,4.201250764490e-01,1.197896374965e-01,2.417758041886e+00
3.610785858181e-01,1.591308843432e-01,4.176152470823e-01,1.185803279766e-01,2.421270801603e+00
3.619739018535e-01,1.597431484448e-01,4.151168178667e-01,1.173775367404e-01,2.424757210518e+00
3.628714378789e-01,1.603562860889e-01,4.126297903253e-01,1.161812733111e-01,2.428217297935e+00
3.637711993987e-01,1.609702910216e-01,4.101541534910e-01,1.149915590479e-01,2.431651004336e+00
3.646731919312e-01,1.615851619845e-01,4.076899223915e-01,1.138083875662e-01,2.435058470564e+00
3.655774210084e-01,1.622008935503e-01,4.052370887707e-01,1.126317752179e-01,2.438439668165e+00
3.664838921759e-01,1.628174813993e-01,4.027956496496e-01,1.114617320144e-01,2.441794612711e+00
3.673926109931e-01,1.634349234457e-01,4.003656120977e-01,1.102982555695e-01,2.445123404661e+00
3.683035830331e-01,1.640532132822e-01,3.979469611156e-01,1.091413668521e-01,2.448425975704e+00
3.692168138830e-01,1.646723486320e-01,3.955397009833e-01,1.079910641115e-01,2.451702415353e+00
3.701323091437e-01,1.652923264128e-01,3.931438308029e-01,1.068473498290e-01,2.454952778943e+00
3.710500744298e-01,1.659131395399e-01,3.907593308956e-01,1.057102478967e-01,2.458176971002e+00
3.719701153700e-01,1.665347875343e-01,3.883862105208e-01,1.045797463130e-01,2.461375140750e+00
3.728924376071e-01,1.671572654552e-01,3.860244579999e-01,1.034558569870e-01,2.464547268897e+00
3.738170467974e-01,1.677805682780e-01,3.836740609666e-01,1.023385920175e-01,2.467693332755e+00
3.747439486118e-01,1.684046946404e-01,3.813350214691e-01,1.012279436977e-01,2.470813439777e+00
3.756731487349e-01,1.690296385709e-01,3.790073217492e-01,1.001239287921e-01,2.473907529254e+00
3.766046528655e-01,1.696553972105e-01,3.766909560795e-01,9.902654723115e-02,2.476975650205e+00
3.775384667166e-01,1.702819682631e-01,3.743859197879e-01,9.793579581935e-02,2.480017867887e+00
3.784745960151e-01,1.709093446801e-01,3.720921894878e-01,9.685169636442e-02,2.483034079605e+00
3.794130465024e-01,1.715375258700e-01,3.698097654503e-01,9.577423627762e-02,2.486024405111e+00
3.803538239341e-01,1.721665077707e-01,3.675386339938e-01,9.470342119902e-02,2.488988840344e+00
3.812969340800e-01,1.727962845613e-01,3.652787748249e-01,9.363926579544e-02,2.491927319861e+00
3.822423827240e-01,1.734268556673e-01,3.630301853171e-01,9.258175699209e-02,2.494839953404e+00
3.831901756648e-01,1.740582156300e-01,3.607928451464e-01,9.153090718987e-02,2.497726682644e+00
3.841403187150e-01,1.746903609116e-01,3.585667400880e-01,9.048671852005e-02,2.500587511700e+00
3.850928177020e-01,1.753232899519e-01,3.563518614812e-01,8.944918267683e-02,2.503422506538e+00
3.860476784674e-01,1.759569961690e-01,3.541481839845e-01,8.841831730476e-02,2.506231564914e+00
3.870049068675e-01,1.765914784067e-01,3.519556988487e-01,8.739411168659e-02,2.509014759733e+00
3.879645087728e-01,1.772267337233e-01,3.497743907939e-01,8.637656426920e-02,2.511772101349e+00
3.889264900687e-01,1.778627554171e-01,3.476042329615e-01,8.536569270107e-02,2.514503476428e+00
3.898908566550e-01,1.784995437624e-01,3.454452184222e-01,8.436147852335e-02,2.517208992400e+00
3.908576144461e-01,1.791370938865e-01,3.432973245153e-01,8.336392964797e-02,2.519888587981e+00
3.918267693712e-01,1.797754014852e-01,3.411605299235e-01,8.237305085761e-02,2.522542217412e+00
3.927983273742e-01,1.804144657970e-01,3.390348223354e-01,8.138882869973e-02,2.525169942624e+00
3.937722944135e-01,1.810542807826e-01,3.369201746549e-01,8.041127651077e-02,2.527771656231e+00
3.947486764627e-01,1.816948446293e-01,3.348165705553e-01,7.944038593143e-02,2.530347379554e+00
3.957274795097e-01,1.823361554954e-01,3.327239927601e-01,7.847614868059e-02,2.532897128252e+00
3.967087095577e-01,1.829782061341e-01,3.306424101248e-01,7.751858365745e-02,2.535420747801e+00
3.976923726245e-01,1.836209973155e-01,3.285718107862e-01,7.656766910680e-02,2.537918326322e+00
3.986784747429e-01,1.842645249603e-01,3.265121703351e-01,7.562340766380e-02,2.540389798488e+00
3.996670219608e-01,1.849087839187e-01,3.244634616634e-01,7.468580714268e-02,2.542835062962e+00
4.006580203408e-01,1.855537742880e-01,3.224256691556e-01,7.375484893483e-02,2.545254173135e+00
4.016514759608e-01,1.861994906453e-01,3.203987641816e-01,7.283054195244e-02,2.547647010909e+00
4.026473949137e-01,1.868459304380e-01,3.183827241701e-01,7.191288060852e-02,2.550013540650e+00
4.036457833075e-01,1.874930926385e-01,3.163775291306e-01,7.100185166236e-02,2.552353767422e+00
4.046466472652e-01,1.881409705785e-01,3.143831469132e-01,7.009746973030e-02,2.554667523294e+00
4.056499929252e-01,1.887895643897e-01,3.123995589911e-01,6.919971560542e-02,2.556954838477e+00
4.066558264410e-01,1.894388712506e-01,3.104267401688e-01,6.830858463993e-02,2.559215650046e+00
4.076641539814e-01,1.900888850968e-01,3.084646587481e-01,6.742408798835e-02,2.561449794547e+00
4.086749817305e-01,1.907396069424e-01,3.065132961534e-01,6.654620190015e-02,2.563657312737e+00
4.096883158877e-01,1.913910320518e-01,3.045726224491e-01,6.567493077223e-02,2.565838070434e+00
4.107041626678e-01,1.920431570599e-01,3.026426100451e-01,6.481027213138e-02,2.567991968933e+00
4.117225283010e-01,1.926959818138e-01,3.007232365451e-01,6.395220776954e-02,2.570118998441e+00
4.127434190329e-01,1.933495002989e-01,2.988144689936e-01,6.310074790805e-02,2.572218971954e+00
4.137668411247e-01,1.940037119312e-01,2.969162834460e-01,6.225587626154e-02,2.574291856182e+00
4.147928008530e-01,1.946586152568e-01,2.950286538840e-01,6.141758074644e-02,2.576337586642e+00
4.158213045101e-01,1.953142032389e-01,2.931515451237e-01,6.058587609370e-02,2.578355930285e+00
4.168523584037e-01,1.959704778635e-01,2.912849359582e-01,5.976073344563e-02,2.580346911764e+00
4.178859688574e-01,1.966274351527e-01,2.894287953722e-01,5.894215261464e-02,2.582310375843e+00
4.189221422103e-01,1.972850708674e-01,2.875830918815e-01,5.813013450885e-02,2.584246153816e+00
4.199608848172e-01,1.979433857881e-01,2.857478009771e-01,5.732465596517e-02,2.586154217400e+00
4.210022030488e-01,1.986023746276e-01,2.839228890941e-01,5.652572271890e-02,2.588034355281e+00
4.220461032915e-01,1.992620360213e-01,2.821083280101e-01,5.573332170446e-02,2.589886464373e+00
4.230925919475e-01,1.999223695103e-01,2.803040902442e-01,5.494743554808e-02,2.591710461912e+00
4.241416754350e-01,2.005833684675e-01,2.785101399921e-01,5.416807597700e-02,2.593506078493e+00
4.251933601879e-01,2.012450344774e-01,2.767264518689e-01,5.339521582179e-02,2.595273278348e+00
4.262476526564e-01,2.019073648645e-01,2.749529946097e-01,5.262884801277e-02,2.597011894777e+00
4.273045593064e-01,2.025703544670e-01,2.731897338650e-01,5.186897703207e-02,2.598721681273e+00
4.283640866198e-01,2.032340050561e-01,2.714366432826e-01,5.111557479162e-02,2.600402588328e+00
4.294262410949e-01,2.038983121454e-01,2.696936888723e-01,5.036864246813e-02,2.602054375771e+00
4.304910292457e-01,2.045632735371e-01,2.679608391730e-01,4.962817043824e-02,2.603676863695e+00
4.315584576027e-01,2.052288897317e-01,2.662380653229e-01,4.889413651292e-02,2.605269945349e+00
4.326285327125e-01,2.058951548806e-01,2.645253315156e-01,4.816654791724e-02,2.606833318678e+00
4.337012611377e-01,2.065620698193e-01,2.628226087720e-01,4.744538082515e-02,2.608366872846e+00
4.347766494574e-01,2.072296333762e-01,2.611298656653e-01,4.673062072309e-02,2.609870430714e+00
4.358547042671e-01,2.078978394328e-01,2.594470659207e-01,4.602227578393e-02,2.611343659321e+00
4.369354321784e-01,2.085666908067e-01,2.577741815805e-01,4.532031304083e-02,2.612786486377e+00
4.380188398195e-01,2.092361838856e-01,2.561111783923e-01,4.462472905573e-02,2.614198639307e+00
4.391049338348e-01,2.099063156006e-01,2.544580226024e-01,4.393551779331e-02,2.615579853648e+00
4.401937208855e-01,2.105770874718e-01,2.528146841736e-01,4.325265227236e-02,2.616929997021e+00
4.412852076491e-01,2.112484945073e-01,2.511811274329e-01,4.257613513639e-02,2.618248731000e+00
4.423794008196e-01,2.119205367515e-01,2.495573207560e-01,4.190594607746e-02,2.619535862968e+00
4.434763071078e-01,2.125932144019e-01,2.479432323065e-01,4.124206414387e-02,2.620791198213e+00
4.445759332410e-01,2.132665210663e-01,2.463388252583e-01,4.058449807882e-02,2.622014329651e+00
4.456782859633e-01,2.139404599627e-01,2.447440697322e-01,3.993321325803e-02,2.623205140397e+00
4.467833720353e-01,2.146150286597e-01,2.431589315206e-01,3.928820053439e-02,2.624363330512e+00
4.478911982345e-01,2.152902231955e-01,2.415833754386e-01,3.864945752868e-02,2.625488542634e+00
4.490017713554e-01,2.159660461694e-01,2.400173704406e-01,3.801695250582e-02,2.626580618674e+00
4.501150982090e-01,2.166424935250e-01,2.384608810969e-01,3.739068346303e-02,2.627639181542e+00
4.512311856234e-01,2.173195644897e-01,2.369138739971e-01,3.677063370747e-02,2.628663949663e+00
4.523500404435e-01,2.179972603221e-01,2.353763166786e-01,3.615677757700e-02,2.629654699505e+00
4.534716695314e-01,2.186755755583e-01,2.338481729136e-01,3.554911915788e-02,2.630610980996e+00
4.545960797660e-01,2.193545126689e-01,2.323294106914e-01,3.494762743313e-02,2.631532593250e+00
4.557232780432e-01,2.200340708771e-01,2.308199960733e-01,3.435228579102e-02,2.632419222186e+00
4.568532712762e-01,2.207142453249e-01,2.293198932256e-01,3.376309549747e-02,2.633270408765e+00
4.579860663954e-01,2.213950397494e-01,2.278290702212e-01,3.318002011734e-02,2.634085971004e+00
4.591216703480e-01,2.220764511093e-01,2.263474919499e-01,3.260305295109e-02,2.634865492678e+00
4.602600900988e-01,2.227584778068e-01,2.248751239947e-01,3.203218093922e-02,2.635608595799e+00
4.614013326298e-01,2.234411222260e-01,2.234119333639e-01,3.146737373948e-02,2.636315029930e+00
4.625454049401e-01,2.241243799170e-01,2.219578844814e-01,3.090863070636e-02,2.636984301594e+00
4.636923140465e-01,2.248082525901e-01,2.205129439768e-01,3.035592447817e-02,2.637616119856e+00
4.648420669828e-01,2.254927412189e-01,2.190770780243e-01,2.980923098254e-02,2.638210161412e+00
4.659946708006e-01,2.261778400652e-01,2.176502508532e-01,2.926855503899e-02,2.638765856584e+00
4.671501325688e-01,2.268635540620e-01,2.162324297362e-01,2.873385558288e-02,2.639283003572e+00
4.683084593738e-01,2.275498812632e-01,2.148235799232e-01,2.820512118234e-02,2.639761148761e+00
4.694696583196e-01,2.282368192577e-01,2.134236666957e-01,2.768234234947e-02,2.640199810284e+00
4.706337365280e-01,2.289243716186e-01,2.120326565883e-01,2.716548410906e-02,2.640598715063e+00
4.718007011382e-01,2.296125349974e-01,2.106505146939e-01,2.665454102359e-02,2.640957328172e+00
4.729705593072e-01,2.303013103505e-01,2.092772069793e-01,2.614948935571e-02,2.641275262702e+00
4.741433182098e-01,2.309906998820e-01,2.079126994714e-01,2.565030019151e-02,2.641552171235e+00
4.753189850385e-01,2.316806988375e-01,2.065569573287e-01,2.515697403206e-02,2.641787433872e+00
4.764975670038e-01,2.323713115769e-01,2.052099468397e-01,2.466947297086e-02,2.641980766460e+00
4.776790713337e-01,2.330625379388e-01,2.038716336892e-01,2.418777825851e-02,2.642131705421e+00
4.788635052746e-01,2.337543747322e-01,2.025419834963e-01,2.371188383572e-02,2.642239657880e+00
4.800508760906e-01,2.344468267821e-01,2.012209623328e-01,2.324175016054e-02,2.642304335085e+00
4.812411910639e-01,2.351398919295e-01,1.999085359397e-01,2.277736695959e-02,2.642325165381e+00
4.824344574945e-01,2.358335704048e-01,1.986046702516e-01,2.231871400889e-02,2.642301660439e+00
4.836306827010e-01,2.365278656689e-01,1.973093311220e-01,2.186575778055e-02,2.642233454539e+00
4.848298740196e-01,2.372227741762e-01,1.960224846356e-01,2.141849383391e-02,2.642119887270e+00
4.860320388052e-01,2.379182996063e-01,1.947440966779e-01,2.097688789736e-02,2.641960583823e+00
4.872371844305e-01,2.386144437169e-01,1.934741331326e-01,2.054091378200e-02,2.641755083932e+00
4.884453182868e-01,2.393112025953e-01,1.922125605362e-01,2.011056863147e-02,2.641502677391e+00
4.896564477835e-01,2.400085823790e-01,1.909593444638e-01,1.968580842561e-02,2.641203069713e+00
4.908705803485e-01,2.407065821873e-01,1.897144512464e-01,1.926661803039e-02,2.640855660386e+00
4.920877234282e-01,2.414052015764e-01,1.884778473549e-01,1.885298054313e-02,2.640459855117e+00
4.933078844871e-01,2.421044453315e-01,1.872494984154e-01,1.844485788747e-02,2.640015280321e+00
4.945310710087e-01,2.428043112130e-01,1.860293713596e-01,1.804224063115e-02,2.639521243564e+00
4.957572904948e-01,2.435048022647e-01,1.848174322292e-01,1.764509798073e-02,2.638977276607e+00
4.969865504656e-01,2.442059219242e-01,1.836136469058e-01,1.725339772131e-02,2.638382923437e+00
4.982188584604e-01,2.449076666060e-01,1.824179831229e-01,1.686713601001e-02,2.637737395915e+00
4.994542220369e-01,2.456100428537e-01,1.812304061294e-01,1.648626834295e-02,2.637040362575e+00
5.006926487715e-01,2.463130514745e-01,1.800508826675e-01,1.611077343017e-02,2.636291220149e+00
5.019341462596e-01,2.470166914283e-01,1.788793802593e-01,1.574063741603e-02,2.635489265274e+00
5.031787221152e-01,2.477209688896e-01,1.777158642090e-01,1.537581776816e-02,2.634634130240e+00
5.044263839714e-01,2.484258830219e-01,1.765603021809e-01,1.501630003573e-02,2.633725102711e+00
5.056771394801e-01,2.491314363030e-01,1.754126608765e-01,1.466205666678e-02,2.632761619700e+00
5.069309963122e-01,2.498376335857e-01,1.742729060969e-01,1.431305087608e-02,2.631743229626e+00
5.081879621576e-01,2.505444727310e-01,1.731410065394e-01,1.396927362376e-02,2.630669122258e+00
5.094480447253e-01,2.512519597363e-01,1.720169277217e-01,1.363068388338e-02,2.629538886737e+00
5.107112517434e-01,2.519600975190e-01,1.709006364285e-01,1.329725296265e-02,2.628351951594e+00
5.119775909591e-01,2.526688845487e-01,1.697921016987e-01,1.296896969517e-02,2.627107503327e+00
5.132470701390e-01,2.533783284501e-01,1.686912883845e-01,1.264578721709e-02,2.625805197218e+00
5.145196970687e-01,2.540884298859e-01,1.675981647332e-01,1.232768605974e-02,2.624444316962e+00
5.157954795533e-01,2.547991908651e-01,1.665126985632e-01,1.201464159497e-02,2.623024205532e+00
5.170744254172e-01,2.555106177246e-01,1.654348554481e-01,1.170661256947e-02,2.621544433714e+00
5.183565425042e-01,2.562227098777e-01,1.643646048839e-01,1.140358472228e-02,2.620004186226e+00
5.196418386774e-01,2.569354728631e-01,1.633019131052e-01,1.110552022907e-02,2.618402975144e+00
5.209303218197e-01,2.576489117518e-01,1.622467465933e-01,1.081238330786e-02,2.616740283687e+00
5.222219998334e-01,2.583630247399e-01,1.611990762744e-01,1.052416473313e-02,2.615015194406e+00
5.235168806402e-01,2.590778208780e-01,1.601588664379e-01,1.024081377785e-02,2.613227401430e+00
5.248149721817e-01,2.597933024473e-01,1.591260857180e-01,9.962305887322e-03,2.611376205784e+00
5.261162824192e-01,2.605094711157e-01,1.581007034628e-01,9.688618957818e-03,2.609460859737e+00
5.274208193335e-01,2.612263347671e-01,1.570826848440e-01,9.419707408583e-03,2.607480977761e+00
5.287285909255e-01,2.619438944702e-01,1.560719999613e-01,9.155551767217e-03,2.605435760568e+00
5.300396052156e-01,2.626621554213e-01,1.550686161735e-01,8.896117057310e-03,2.603324647983e+00
5.313538702444e-01,2.633811242881e-01,1.540724997640e-01,8.641362988797e-03,2.601147167525e+00
5.326713940722e-01,2.641008009937e-01,1.530836224559e-01,8.391274873515e-03,2.598902418424e+00
5.339921847795e-01,2.648211942311e-01,1.521019492598e-01,8.145805203236e-03,2.596590041526e+00
5.353162504667e-01,2.655423085991e-01,1.511274485026e-01,7.904922118224e-03,2.594209417177e+00
5.366435992543e-01,2.662641455834e-01,1.501600914347e-01,7.668605557341e-03,2.591759713542e+00
5.379742392828e-01,2.669867146706e-01,1.491998426300e-01,7.436805797727e-03,2.589240613173e+00
5.393081787133e-01,2.677100186834e-01,1.482466725738e-01,7.209498205009e-03,2.586651357633e+00
5.406454257266e-01,2.684340626228e-01,1.473005501184e-01,6.986650217134e-03,2.583991322358e+00
5.419859885242e-01,2.691588548172e-01,1.463614411418e-01,6.768217200144e-03,2.581260104628e+00
5.433298753278e-01,2.698843970265e-01,1.454293179317e-01,6.554179028965e-03,2.578456846740e+00
5.446770943794e-01,2.706106977196e-01,1.445041465891e-01,6.344491031240e-03,2.575581145058e+00
5.460276539415e-01,2.713377638614e-01,1.435858947210e-01,6.139114373718e-03,2.572632491736e+00
5.473815622971e-01,2.720655969499e-01,1.426745358138e-01,5.938030473252e-03,2.569609981376e+00
5.487388277499e-01,2.727942081191e-01,1.417700336349e-01,5.741185701246e-03,2.566513391516e+00
5.500994586238e-01,2.735236020381e-01,1.408723588190e-01,5.548550357200e-03,2.563342032818e+00
5.514634632636e-01,2.742537836921e-01,1.399814820467e-01,5.360093780167e-03,2.560095227799e+00
5.528308500349e-01,2.749847631248e-01,1.390973685710e-01,5.175767208359e-03,2.556772671495e+00
5.542016273238e-01,2.757165440354e-01,1.382199909966e-01,4.995545152837e-03,2.553373579119e+00
5.555758035373e-01,2.764491348335e-01,1.373493168515e-01,4.819385317539e-03,2.549897514570e+00
5.569533871032e-01,2.771825445239e-01,1.364853130379e-01,4.647243585191e-03,2.546344088890e+00
5.583343864703e-01,2.779167759014e-01,1.356279542855e-01,4.479098418696e-03,2.542712421039e+00
5.597188101083e-01,2.786518407254e-01,1.347772046293e-01,4.314896362088e-03,2.539002329353e+00
5.611066665078e-01,2.793877459446e-01,1.339330341794e-01,4.154601536039e-03,2.535213252154e+00
5.624979641805e-01,2.801244967447e-01,1.330954157442e-01,3.998184587807e-03,2.531344474646e+00
5.638927116594e-01,2.808621049250e-01,1.322643137294e-01,3.845592902089e-03,2.527395819305e+00
5.652909174985e-01,2.816005762177e-01,1.314397007996e-01,3.696795753146e-03,2.523366606818e+00
5.666925902728e-01,2.823399191719e-01,1.306215462168e-01,3.551752684987e-03,2.519256384292e+00
5.680977385790e-01,2.830801446338e-01,1.298098162032e-01,3.410415461659e-03,2.515064894732e+00
5.695063710348e-01,2.838212575461e-01,1.290044856947e-01,3.272756965154e-03,2.510791369001e+00
5.709184962793e-01,2.845632697279e-01,1.282055200789e-01,3.138726166859e-03,2.506435628239e+00
5.723341229732e-01,2.853061906716e-01,1.274128882626e-01,3.008280584426e-03,2.501997293559e+00
5.737532597984e-01,2.860500260159e-01,1.266265654469e-01,2.881391501325e-03,2.497475633063e+00
5.751759154587e-01,2.867947893403e-01,1.258465149737e-01,2.758002787355e-03,2.492870626930e+00
5.766020986791e-01,2.875404884914e-01,1.250727093094e-01,2.638078667637e-03,2.488181735574e+00
5.780318182064e-01,2.882871323920e-01,1.243051197261e-01,2.521579913787e-03,2.483408508992e+00
5.794650828091e-01,2.890347337640e-01,1.235437115410e-01,2.408454490982e-03,2.478550853447e+00
5.809019012775e-01,2.897832997906e-01,1.227884596274e-01,2.298669867348e-03,2.473608147617e+00
5.823422824235e-01,2.905328425648e-01,1.220393310151e-01,2.192176890565e-03,2.468580234065e+00
5.837862350811e-01,2.912833740281e-01,1.212962931419e-01,2.088927336103e-03,2.463466945690e+00
5.852337681060e-01,2.920349007931e-01,1.205593234188e-01,1.988891590377e-03,2.458267581425e+00
5.866848903760e-01,2.927874379962e-01,1.198283843324e-01,1.892011200125e-03,2.452982285888e+00
5.881396107907e-01,2.935409957398e-01,1.191034477633e-01,1.798245334659e-03,2.447610701445e+00
5.895979382721e-01,2.942955835923e-01,1.183844872357e-01,1.707555305546e-03,2.442152404942e+00
5.910598817641e-01,2.950512161659e-01,1.176714669534e-01,1.619885669601e-03,2.436607496263e+00
5.925254502327e-01,2.958079029611e-01,1.169643614641e-01,1.535198716243e-03,2.430975538040e+00
5.939946526664e-01,2.965656565952e-01,1.162631397012e-01,1.453446545590e-03,2.425256416429e+00
5.954674980757e-01,2.973244910151e-01,1.155677681323e-01,1.374577198891e-03,2.419450165312e+00
5.969439954936e-01,2.980844152999e-01,1.148782239559e-01,1.298555475415e-03,2.413556278452e+00
5.984241539755e-01,2.988454449656e-01,1.141944712337e-01,1.225324946352e-03,2.407574958410e+00
5.999079825993e-01,2.996075928031e-01,1.135164801540e-01,1.154838763978e-03,2.401506107558e+00
6.013954904653e-01,3.003708693374e-01,1.128442266997e-01,1.087058018842e-03,2.395349357932e+00
6.028866866963e-01,3.011352910629e-01,1.121776737746e-01,1.021924325384e-03,2.389105030842e+00
6.043815804379e-01,3.019008698546e-01,1.115167953535e-01,9.593951033333e-04,2.382772907654e+00
6.058801808584e-01,3.026676191411e-01,1.108615625009e-01,8.994230101925e-04,2.376352943855e+00
6.073824971485e-01,3.034355548766e-01,1.102119405211e-01,8.419528020124e-04,2.369845402809e+00
6.088885385221e-01,3.042046886754e-01,1.095679061394e-01,7.869439824602e-04,2.363250009200e+00
6.103983142157e-01,3.049750366952e-01,1.089294252467e-01,7.343415190110e-04,2.356567046065e+00
6.119118334889e-01,3.057466143371e-01,1.082964659897e-01,6.840933478607e-04,2.349796706604e+00
6.134291056239e-01,3.065194334332e-01,1.076690069749e-01,6.361595071955e-04,2.342938710698e+00
6.149501399263e-01,3.072935123254e-01,1.070470096503e-01,5.904792144799e-04,2.335993624583e+00
6.164749457246e-01,3.080688652978e-01,1.064304471911e-01,5.470054076956e-04,2.328961479955e+00
6.180035323704e-01,3.088455069158e-01,1.058192929839e-01,5.056905381319e-04,2.321842330832e+00
6.195359092386e-01,3.096234551152e-01,1.052135110049e-01,4.664766060816e-04,2.314636693953e+00
6.210720857273e-01,3.104027240913e-01,1.046130772674e-01,4.293181917834e-04,2.307344557512e+00
6.226120712578e-01,3.111833309419e-01,1.040179597107e-01,3.941609636828e-04,2.299966310152e+00
6.241558752749e-01,3.119652933140e-01,1.034281249461e-01,3.609493331778e-04,2.292502423464e+00
6.257035072468e-01,3.127486254494e-01,1.028435519111e-01,3.296391111348e-04,2.284952848995e+00
6.272549766651e-01,3.135333467620e-01,1.022642028886e-01,3.001700233948e-04,2.277318308127e+00
6.288102930450e-01,3.143194741892e-01,1.016900492515e-01,2.724902381583e-04,2.269599145103e+00
6.303694659252e-01,3.151070237972e-01,1.011210668552e-01,2.465511723891e-04,2.261795544818e+00
6.319325048682e-01,3.158960154479e-01,1.005572182192e-01,2.222926835240e-04,2.253908294811e+00
6.334994194601e-01,3.166864659355e-01,9.999847843162e-02,1.996648856331e-04,2.245937673893e+00
6.350702193108e-01,3.174783936332e-01,9.944481765912e-02,1.786133893561e-04,2.237884203732e+00
6.366449140541e-01,3.182718182693e-01,9.889620116183e-02,1.590800668766e-04,2.229748636338e+00
6.382235133476e-01,3.190667568788e-01,9.835260701000e-02,1.410157854005e-04,2.221531228998e+00
6.398060268728e-01,3.198632298977e-01,9.781399950537e-02,1.243612501926e-04,2.213232833774e+00
6.413924643353e-01,3.206612568769e-01,9.728034763062e-02,1.090604978955e-04,2.204854138213e+00
6.429828354648e-01,3.214608557860e-01,9.675162980640e-02,9.506302423745e-05,2.196395493059e+00
6.445771500150e-01,3.222620483237e-01,9.622780700639e-02,8.230724226321e-05,2.187857965789e+00
6.461754177638e-01,3.230648538687e-01,9.570885321177e-02,7.073934591928e-05,2.179242145481e+00
6.477776485135e-01,3.238692924420e-01,9.519474094751e-02,6.030407120894e-05,2.170548716031e+00
6.493838520906e-01,3.246753857721e-01,9.468543402186e-02,5.094143677931e-05,2.161778718730e+00
6.509940383458e-01,3.254831536829e-01,9.418090944006e-02,4.259790179140e-05,2.152932736361e+00
6.526082171546e-01,3.262926179728e-01,9.368113369096e-02,3.521440335941e-05,2.144011774616e+00
6.542263984167e-01,3.271038005476e-01,9.318607348619e-02,2.873213535814e-05,2.135016856044e+00
6.558485920563e-01,3.279167218444e-01,9.269570889729e-02,2.309735466011e-05,2.125948567551e+00
6.574748080226e-01,3.287314051471e-01,9.221000025947e-02,1.824819478546e-05,2.116808222278e+00
6.591050562889e-01,3.295478724106e-01,9.172891998230e-02,1.412744075169e-05,2.107596741047e+00
6.607393468537e-01,3.303661457109e-01,9.125244302492e-02,1.067808654365e-05,2.098315000290e+00
6.623776897401e-01,3.311862486571e-01,9.078053168444e-02,7.839071317184e-06,2.088964329154e+00
6.640200949961e-01,3.320082038209e-01,9.031316173701e-02,5.553076256604e-06,2.079545645873e+00
6.656665726945e-01,3.328320347370e-01,8.985030197375e-02,3.760472057079e-06,2.070060133158e+00
6.673171329333e-01,3.336577653747e-01,8.939191765863e-02,2.400933121760e-06,2.060509111194e+00
6.689717858352e-01,3.344854191434e-01,8.893798763984e-02,1.416425050471e-06,2.050893518323e+00
6.706305415484e-01,3.353150207137e-01,8.848847446251e-02,7.457476294270e-07,2.041214823690e+00
6.722934102460e-01,3.361465945361e-01,8.804334790550e-02,3.289839904941e-07,2.031474305043e+00
6.739604021264e-01,3.369801651822e-01,8.760258537618e-02,1.064781705029e-07,2.021673061904e+00
6.756315274133e-01,3.378157579798e-01,8.716614764460e-02,1.695267570767e-08,2.011812698220e+00
6.773067963556e-01,3.386533981650e-01,8.673400913031e-02,3.778133361720e-11,2.001894466208e+00
6.789862192279e-01,3.394931114138e-01,8.630614098157e-02,-5.301509453659e-09,1.991919748681e+00
6.806698063300e-01,3.403349236038e-01,8.588250698270e-02,-6.005476760329e-08,1.981890149422e+00
6.823575679875e-01,3.411788610397e-01,8.546308461168e-02,-2.258227487228e-07,1.971806955780e+00
6.840495145513e-01,3.420249501477e-01,8.504783872121e-02,-5.639125233436e-07,1.961671808339e+00
6.857456563983e-01,3.428732175446e-01,8.463673637233e-02,-1.135538935326e-06,1.951486315554e+00
6.874460039308e-01,3.437236907668e-01,8.422975736689e-02,-2.003943468498e-06,1.941251829798e+00
6.891505675771e-01,3.445763966527e-01,8.382686097653e-02,-3.229669178983e-06,1.930970204190e+00
6.908593577913e-01,3.454313629727e-01,8.342802017543e-02,-4.875310838592e-06,1.920643010806e+00
6.925723850535e-01,3.462886179765e-01,8.303320845749e-02,-7.004176834302e-06,1.910271854476e+00
6.942896598696e-01,3.471481892464e-01,8.264238813853e-02,-9.676974277895e-06,1.899858595742e+00
6.960111927717e-01,3.480101058572e-01,8.225553521755e-02,-1.295804253276e-05,1.889404855438e+00
6.977369943181e-01,3.488743963853e-01,8.187261688704e-02,-1.690959858247e-05,1.878912459652e+00
6.994670750930e-01,3.497410893453e-01,8.149359850756e-02,-2.159300735016e-05,1.868383287546e+00
7.012014457071e-01,3.506102153239e-01,8.111845907213e-02,-2.707487382536e-05,1.857819022756e+00
7.029401167973e-01,3.514818028191e-01,8.074715950515e-02,-3.341513798971e-05,1.847221678354e+00
7.046830990268e-01,3.523558818179e-01,8.037967026146e-02,-4.067730440815e-05,1.836593135615e+00
7.064304030854e-01,3.532324835979e-01,8.001596709825e-02,-4.892783513410e-05,1.825935241163e+00
7.081820396894e-01,3.541116371905e-01,7.965601091802e-02,-5.822611874717e-05,1.815250072339e+00
7.099380195815e-01,3.549933742606e-01,7.929977617222e-02,-6.863830122583e-05,1.804539554207e+00
7.116983535312e-01,3.558777259498e-01,7.894723235552e-02,-8.022832705579e-05,1.793805710286e+00
7.134630523347e-01,3.567647224286e-01,7.859834340558e-02,-9.305670741711e-05,1.783050643511e+00
7.152321268148e-01,3.576543971200e-01,7.825308669229e-02,-1.071923677916e-04,1.772276354131e+00
7.170055878213e-01,3.585467805921e-01,7.791142552589e-02,-1.226955055027e-04,1.761485002991e+00
7.187834462308e-01,3.594419045681e-01,7.757332763153e-02,-1.396288492270e-04,1.750678726414e+00
7.205657129470e-01,3.603398038224e-01,7.723877087412e-02,-1.580628881743e-04,1.739859629408e+00
7.223523989006e-01,3.612405085229e-01,7.690771484279e-02,-1.780545693322e-04,1.729029953358e+00
7.241435150493e-01,3.621440526853e-01,7.658013241534e-02,-1.996708087710e-04,1.718191884520e+00
7.259390723780e-01,3.630504704435e-01,7.625599527886e-02,-2.229780917453e-04,1.707347652847e+00
7.277390818989e-01,3.639597933119e-01,7.593526602840e-02,-2.480349474234e-04,1.696499530796e+00
7.295435546516e-01,3.648720573076e-01,7.561792036443e-02,-2.749115695477e-04,1.685649790030e+00
7.313525017027e-01,3.657872954555e-01,7.530392391964e-02,-3.036691715066e-04,1.674800741061e+00
7.331659341468e-01,3.667055408270e-01,7.499324224014e-02,-3.343683821866e-04,1.663954700567e+00
7.349838631054e-01,3.676268316689e-01,7.468585376207e-02,-3.670832053007e-04,1.653114040800e+00
7.368062997281e-01,3.685511994104e-01,7.438171821482e-02,-4.018682968805e-04,1.642281106113e+00
7.386332551918e-01,3.694786799470e-01,7.408080648542e-02,-4.387897512272e-04,1.631458286621e+00
7.404647407013e-01,3.704093108354e-01,7.378309227186e-02,-4.779173808729e-04,1.620648023984e+00
7.423007674890e-01,3.713431245580e-01,7.348853695270e-02,-5.193065180851e-04,1.609852694236e+00
7.441413468155e-01,3.722801594152e-01,7.319711455879e-02,-5.630274634718e-04,1.599074782026e+00
7.459864899689e-01,3.732204512768e-01,7.290879291097e-02,-6.091431827473e-04,1.588316746418e+00
7.478362082656e-01,3.741640343921e-01,7.262353626924e-02,-6.577115593747e-04,1.577581012146e+00
7.496905130498e-01,3.751109495322e-01,7.234132126476e-02,-7.088071750103e-04,1.566870172312e+00
7.515494156941e-01,3.760612303638e-01,7.206211003777e-02,-7.624848367431e-04,1.556186653010e+00
7.534129275991e-01,3.770149138158e-01,7.178587085840e-02,-8.188073363544e-04,1.545532962456e+00
7.552810601938e-01,3.779720412877e-01,7.151257918592e-02,-8.778485474084e-04,1.534911754803e+00
7.571538249355e-01,3.789326457883e-01,7.124219535606e-02,-9.396593104956e-04,1.524325433834e+00
7.590312333098e-01,3.798967675154e-01,7.097469177949e-02,-1.004308765753e-03,1.513776627048e+00
7.609132968308e-01,3.808644455613e-01,7.071003826364e-02,-1.071862320078e-03,1.503267937442e+00
7.628000270414e-01,3.818357149030e-01,7.044819793829e-02,-1.142373798628e-03,1.492801820701e+00
7.646914355129e-01,3.828106184376e-01,7.018914566310e-02,-1.215917060294e-03,1.482381018244e+00
7.665875338452e-01,3.837891924057e-01,6.993284583534e-02,-1.292547716225e-03,1.472008028844e+00
7.684883336672e-01,3.847714740396e-01,6.967926435735e-02,-1.372323255783e-03,1.461685376708e+00
7.703938466365e-01,3.857575089772e-01,6.942837813875e-02,-1.455322265222e-03,1.451415924108e+00
7.723040844396e-01,3.867473302419e-01,6.918014669558e-02,-1.541589728835e-03,1.441202019355e+00
7.742190587921e-01,3.877409794639e-01,6.893454092142e-02,-1.631192259376e-03,1.431046353168e+00
7.761387814384e-01,3.887384993101e-01,6.869153234849e-02,-1.724198318404e-03,1.420951663929e+00
7.780632641524e-01,3.897399249624e-01,6.845108318371e-02,-1.820656285681e-03,1.410920354145e+00
7.799925187367e-01,3.907453009613e-01,6.821316660528e-02,-1.920637890624e-03,1.400955231756e+00
7.819265570237e-01,3.917546664327e-01,6.797774905408e-02,-2.024200134355e-03,1.391058856614e+00
7.838653908747e-01,3.927680589396e-01,6.774479530139e-02,-2.131395292893e-03,1.381233699435e+00
7.858090321807e-01,3.937855261620e-01,6.751428065512e-02,-2.242300700436e-03,1.371482699418e+00
7.877574928621e-01,3.948071031045e-01,6.728616677650e-02,-2.356960566841e-03,1.361808182989e+00
7.897107848686e-01,3.958328314325e-01,6.706042230610e-02,-2.475435354137e-03,1.352212777425e+00
7.916689201800e-01,3.968627576970e-01,6.683702018902e-02,-2.597797086118e-03,1.342699343733e+00
7.936319108055e-01,3.978969166877e-01,6.661592197098e-02,-2.724087250632e-03,1.333270143256e+00
7.955997687842e-01,3.989353540178e-01,6.639709930007e-02,-2.854373945890e-03,1.323927962390e+00
7.975725061848e-01,3.999781119688e-01,6.618052039777e-02,-2.988716053193e-03,1.314675407842e+00
7.995501351063e-01,4.010252278830e-01,6.596614924138e-02,-3.127159323725e-03,1.305514810886e+00
8.015326676774e-01,4.020767506940e-01,6.575395942089e-02,-3.269777784869e-03,1.296449089873e+00
8.035201160571e-01,4.031327178144e-01,6.554391478753e-02,-3.416615859028e-03,1.287480542717e+00
8.055124924344e-01,4.041931699526e-01,6.533598204585e-02,-3.567725513678e-03,1.278611616453e+00
8.075098090286e-01,4.052581577915e-01,6.513013520497e-02,-3.723182704232e-03,1.269845277612e+00
8.095120780892e-01,4.063277150583e-01,6.492633546767e-02,-3.883020540948e-03,1.261183558141e+00
8.115193118962e-01,4.074018877789e-01,6.472455316885e-02,-4.047301910628e-03,1.252629132053e+00
8.135315227599e-01,4.084807216006e-01,6.452475801104e-02,-4.216087939238e-03,1.244184636080e+00
8.155487230213e-01,4.095642529530e-01,6.432691348764e-02,-4.389416332477e-03,1.235852173834e+00
8.175709250519e-01,4.106525313317e-01,6.413099168496e-02,-4.567356173210e-03,1.227634550580e+00
8.195981412538e-01,4.117455967352e-01,6.393695839163e-02,-4.749952471401e-03,1.219534020511e+00
8.216303840600e-01,4.128434885039e-01,6.374477922624e-02,-4.937247972357e-03,1.211552772169e+00
8.236676659343e-01,4.139462598076e-01,6.355442783920e-02,-5.129318359464e-03,1.203693753659e+00
8.257099993713e-01,4.150539443804e-01,6.336586651914e-02,-5.326191269092e-03,1.195958785507e+00
8.277573968968e-01,4.161665873103e-01,6.317906422286e-02,-5.527921273832e-03,1.188350305387e+00
8.298098710673e-01,4.172842377400e-01,6.299399181275e-02,-5.734571952737e-03,1.180870960816e+00
8.318674344708e-01,4.184069304221e-01,6.281061266986e-02,-5.946171431081e-03,1.173522543735e+00
8.339300997263e-01,4.195347146298e-01,6.262889766438e-02,-6.162782150515e-03,1.166307655805e+00
8.359978794842e-01,4.206676330498e-01,6.244881424720e-02,-6.384449944646e-03,1.159228491720e+00
8.380707864261e-01,4.218057234578e-01,6.227032776873e-02,-6.611208240640e-03,1.152286930196e+00
8.401488332653e-01,4.229490388962e-01,6.209341046767e-02,-6.843126240770e-03,1.145485713102e+00
8.422320327464e-01,4.240976149772e-01,6.191802683121e-02,-7.080230834367e-03,1.138826535019e+00
8.443203976457e-01,4.252514941299e-01,6.174414456827e-02,-7.322564551739e-03,1.132311458428e+00
8.464139407712e-01,4.264107290199e-01,6.157173537481e-02,-7.570193447928e-03,1.125943120356e+00
8.485126749625e-01,4.275753518947e-01,6.140076295200e-02,-7.823134553936e-03,1.119722925234e+00
8.506166130913e-01,4.287454109346e-01,6.123119731599e-02,-8.081441946974e-03,1.113653186360e+00
8.527257680611e-01,4.299209515199e-01,6.106300729793e-02,-8.345162354962e-03,1.107736022961e+00
8.548401528072e-01,4.311020090026e-01,6.089615841345e-02,-8.614318330511e-03,1.101972929218e+00
8.569597802973e-01,4.322886353815e-01,6.073062186043e-02,-8.888970802275e-03,1.096366355906e+00
8.590846635310e-01,4.334808681407e-01,6.056636408241e-02,-9.169146051422e-03,1.090917862250e+00
8.612148155403e-01,4.346787459072e-01,6.040335222188e-02,-9.454872497843e-03,1.085629043594e+00
8.633502493894e-01,4.358823246495e-01,6.024155845819e-02,-9.746218195397e-03,1.080502496412e+00
8.654909781750e-01,4.370916333552e-01,6.008094733834e-02,-1.004318791846e-02,1.075539181056e+00
8.676370150261e-01,4.383067181230e-01,5.992148844741e-02,-1.034582557500e-02,1.070741045001e+00
8.697883731045e-01,4.395276269176e-01,5.976315172327e-02,-1.065417866843e-02,1.066110116369e+00
8.719450656044e-01,4.407543917553e-01,5.960590334044e-02,-1.096825738631e-02,1.061647442586e+00
8.741071057528e-01,4.419870625962e-01,5.944971390275e-02,-1.128811260625e-02,1.057355108957e+00
8.762745068097e-01,4.432256786836e-01,5.929455157236e-02,-1.161376997550e-02,1.053234531902e+00
8.784472820676e-01,4.444702753344e-01,5.914038399588e-02,-1.194524567987e-02,1.049286863919e+00
8.806254448522e-01,4.457209064502e-01,5.898718258489e-02,-1.228259768263e-02,1.045514332661e+00
8.828090085223e-01,4.469776019766e-01,5.883491423723e-02,-1.262582882972e-02,1.041917710736e+00
8.849979864696e-01,4.482404032138e-01,5.868354828748e-02,-1.297496732599e-02,1.038498416547e+00
8.871923921191e-01,4.495093604664e-01,5.853305552941e-02,-1.333006112170e-02,1.035258372504e+00
8.893922389292e-01,4.507845014706e-01,5.838340334236e-02,-1.369110666690e-02,1.032198132841e+00
8.915975403916e-01,4.520658730907e-01,5.823456225192e-02,-1.405814307690e-02,1.029319357137e+00
8.938083100314e-01,4.533535160932e-01,5.808650191816e-02,-1.443119515698e-02,1.026623314035e+00
8.960245614073e-01,4.546474615034e-01,5.793919104485e-02,-1.481026544473e-02,1.024110668905e+00
8.982463081115e-01,4.559477600451e-01,5.779260080799e-02,-1.519540003172e-02,1.021783221739e+00
9.004735637701e-01,4.572544424068e-01,5.764670025884e-02,-1.558659977178e-02,1.019641562894e+00
9.027063420429e-01,4.585675438109e-01,5.750145929946e-02,-1.598387527259e-02,1.017686524679e+00
9.049446566234e-01,4.598871165039e-01,5.735684936334e-02,-1.638727437725e-02,1.015919911124e+00
9.071885212393e-01,4.612131829903e-01,5.721283962035e-02,-1.679677860178e-02,1.014341755275e+00
9.094379496524e-01,4.625457859438e-01,5.706940109085e-02,-1.721241371241e-02,1.012953247950e+00
9.116929556582e-01,4.638849672784e-01,5.692650473908e-02,-1.763420326869e-02,1.011755508185e+00
9.139535530868e-01,4.652307527401e-01,5.678412091851e-02,-1.806213492755e-02,1.010748688779e+00
9.162197558025e-01,4.665831887258e-01,5.664222115884e-02,-1.849624125849e-02,1.009934121104e+00
9.184915777039e-01,4.679423063280e-01,5.650077648578e-02,-1.893652089404e-02,1.009312222857e+00
9.207690327241e-01,4.693081346085e-01,5.635975824608e-02,-1.938296777862e-02,1.008883274477e+00
9.230521348308e-01,4.706807237144e-01,5.621913829159e-02,-1.983562131231e-02,1.008648751540e+00
9.253408980263e-01,4.720600934655e-01,5.607888823908e-02,-2.029445466495e-02,1.008608358697e+00
9.276353363476e-01,4.734462800817e-01,5.593898020078e-02,-2.075947633868e-02,1.008762727780e+00
9.299354638664e-01,4.748393260978e-01,5.579938628462e-02,-2.123070803966e-02,1.009112830343e+00
9.322412946896e-01,4.762392510171e-01,5.566007910708e-02,-2.170812155605e-02,1.009658301756e+00
9.345528429587e-01,4.776460957538e-01,5.552103117904e-02,-2.219173448049e-02,1.010399984001e+00
9.368701228506e-01,4.790598913302e-01,5.538221534465e-02,-2.268154282165e-02,1.011338136301e+00
9.391931485771e-01,4.804806604485e-01,5.524360508091e-02,-2.317752461546e-02,1.012472532219e+00
9.415219343854e-01,4.819084475413e-01,5.510517310205e-02,-2.367970398030e-02,1.013804159873e+00
9.438564945579e-01,4.833432717413e-01,5.496689351032e-02,-2.418805089162e-02,1.015332562974e+00
9.461968434126e-01,4.847851607809e-01,5.482874033116e-02,-2.470255350334e-02,1.017057760877e+00
9.485429953028e-01,4.862341571239e-01,5.469068669090e-02,-2.522323085355e-02,1.018980584750e+00
9.508949646175e-01,4.876902731308e-01,5.455270807989e-02,-2.575003818009e-02,1.021100169134e+00
9.532527657813e-01,4.891535431047e-01,5.441477863201e-02,-2.628297690537e-02,1.023416867460e+00
9.556164132547e-01,4.906239973790e-01,5.427687287694e-02,-2.682203983490e-02,1.025930799934e+00
9.579859215340e-01,4.921016513615e-01,5.413896703499e-02,-2.736718838938e-02,1.028641252794e+00
9.603613051513e-01,4.935865425908e-01,5.400103533546e-02,-2.791843016417e-02,1.031548730833e+00
9.627425786749e-01,4.950786889810e-01,5.386305421668e-02,-2.847573161758e-02,1.034652648488e+00
9.651297567092e-01,4.965781089647e-01,5.372500044917e-02,-2.903906031845e-02,1.037952448894e+00
9.675228538948e-01,4.980848432229e-01,5.358684819192e-02,-2.960842985328e-02,1.041448789555e+00
9.699218849085e-01,4.995988970227e-01,5.344857628364e-02,-3.018378035629e-02,1.045140388701e+00
9.723268644638e-01,5.011202967127e-01,5.331016114528e-02,-3.076509562255e-02,1.049027118654e+00
9.747378073102e-01,5.026490711675e-01,5.317157887820e-02,-3.135236449810e-02,1.053108986200e+00
9.771547282342e-01,5.041852276695e-01,5.303280902489e-02,-3.194553145257e-02,1.057384831147e+00
9.795776420588e-01,5.057287957559e-01,5.289382796307e-02,-3.254458665074e-02,1.061854701556e+00
9.820065636436e-01,5.072797914592e-01,5.275461432359e-02,-3.314949255942e-02,1.066517920039e+00
9.844415078854e-01,5.088382248628e-01,5.261514806994e-02,-3.376019963998e-02,1.071373499118e+00
9.868824897177e-01,5.104041282656e-01,5.247540541480e-02,-3.437670357620e-02,1.076421648237e+00
9.893295241110e-01,5.119775047425e-01,5.233536797996e-02,-3.499894072725e-02,1.081661022910e+00
9.917826260730e-01,5.135583698812e-01,5.219501542138e-02,-3.562687302691e-02,1.087090960575e+00
9.942418106486e-01,5.151467501720e-01,5.205432530898e-02,-3.626048443076e-02,1.092711387431e+00
9.967070929200e-01,5.167426440837e-01,5.191328102304e-02,-3.689970253912e-02,1.098520757930e+00
9.991784880069e-01,5.183460721581e-01,5.177186167255e-02,-3.754449956604e-02,1.104518711912e+00
1.001656011066e+00,5.199570477458e-01,5.163004793475e-02,-3.819483335856e-02,1.110704524150e+00
1.004139677293e+00,5.215755718645e-01,5.148782347248e-02,-3.885063733495e-02,1.117076840609e+00
1.006629501919e+00,5.232016673933e-01,5.134516713188e-02,-3.951188872541e-02,1.123635475361e+00
1.009125500215e+00,5.248353345533e-01,5.120206312086e-02,-4.017851980061e-02,1.130379075436e+00
1.011627687488e+00,5.264765774242e-01,5.105849505313e-02,-4.085047085126e-02,1.137306515913e+00
1.014136079085e+00,5.281254190288e-01,5.091444186317e-02,-4.152771984029e-02,1.144417683855e+00
1.016650690390e+00,5.297818485129e-01,5.076989119325e-02,-4.221017803009e-02,1.151710727569e+00
1.019171536824e+00,5.314458765799e-01,5.062482538547e-02,-4.289779959101e-02,1.159184947678e+00
1.021698633849e+00,5.331175129576e-01,5.047922700394e-02,-4.359053696546e-02,1.166839622710e+00
1.024231996962e+00,5.347967490635e-01,5.033308381980e-02,-4.428830704316e-02,1.174673114092e+00
1.026771641701e+00,5.364835974743e-01,5.018637780406e-02,-4.499106848217e-02,1.182684913859e+00
1.029317583642e+00,5.381780547714e-01,5.003909552897e-02,-4.569874900427e-02,1.190873721125e+00
1.031869838399e+00,5.398801144533e-01,4.989122473152e-02,-4.641127080714e-02,1.199238113925e+00
1.034428421625e+00,5.415897906843e-01,4.974274687229e-02,-4.712859655122e-02,1.207777777629e+00
1.036993349011e+00,5.433070671345e-01,4.959365288354e-02,-4.785063019457e-02,1.216490863275e+00
1.039564636289e+00,5.450319426275e-01,4.944392916067e-02,-4.857730554019e-02,1.225376348134e+00
1.042142299228e+00,5.467644221819e-01,4.929355996950e-02,-4.930856867959e-02,1.234433575090e+00
1.044726353638e+00,5.485044872908e-01,4.914253747748e-02,-5.004432094771e-02,1.243660718191e+00
1.047316815365e+00,5.502521395336e-01,4.899084715687e-02,-5.078450276177e-02,1.253057039147e+00
1.049913700297e+00,5.520073709326e-01,4.883847768766e-02,-5.152903667455e-02,1.262621357216e+00
1.052517024362e+00,5.537701647086e-01,4.868542103197e-02,-5.227782903388e-02,1.272352087578e+00
1.055126803525e+00,5.555405234714e-01,4.853166202992e-02,-5.303082362266e-02,1.282248708201e+00
1.057743053793e+00,5.573184266349e-01,4.837719407614e-02,-5.378792067989e-02,1.292309549165e+00
1.060365791210e+00,5.591038602630e-01,4.822200821665e-02,-5.454903373529e-02,1.302533343879e+00
1.062995031861e+00,5.608968234277e-01,4.806609019630e-02,-5.531410141296e-02,1.312919570999e+00
1.065630791873e+00,5.626972876019e-01,4.790943672903e-02,-5.608301091352e-02,1.323466326090e+00
1.068273087411e+00,5.645052428827e-01,4.775203702968e-02,-5.685568519008e-02,1.334172747760e+00
1.070921934678e+00,5.663206756713e-01,4.759388158567e-02,-5.763204082938e-02,1.345037852577e+00
1.073577349922e+00,5.681435587865e-01,4.743496671059e-02,-5.841196971598e-02,1.356060004538e+00
1.076239349427e+00,5.699738827612e-01,4.727528084182e-02,-5.919539750130e-02,1.367238586441e+00
1.078907949519e+00,5.718116218724e-01,4.711481945693e-02,-5.998222022054e-02,1.378572188620e+00
1.081583166566e+00,5.736567499474e-01,4.695357831635e-02,-6.077233389040e-02,1.390059448560e+00
1.084265016974e+00,5.755092575121e-01,4.679154495138e-02,-6.156566614718e-02,1.401699999432e+00
1.086953517191e+00,5.773691073611e-01,4.662872004902e-02,-6.236209410885e-02,1.413492040863e+00
1.089648683706e+00,5.792362774440e-01,4.646509685456e-02,-6.316152371944e-02,1.425434685889e+00
1.092350533048e+00,5.811107473216e-01,4.630066731209e-02,-6.396386460301e-02,1.437527236727e+00
1.095059081788e+00,5.829924795186e-01,4.613543206676e-02,-6.476899596428e-02,1.449768125718e+00
1.097774346537e+00,5.848814521855e-01,4.596938322252e-02,-6.557682647702e-02,1.462156765057e+00
1.100496343948e+00,5.867776334256e-01,4.580251790982e-02,-6.638724726759e-02,1.474692095742e+00
1.103225090715e+00,5.886809862947e-01,4.563483600358e-02,-6.720014120224e-02,1.487372855224e+00
1.105960603574e+00,5.905914882380e-01,4.546632853121e-02,-6.801541814318e-02,1.500198742084e+00
1.108702899301e+00,5.925090967046e-01,4.529699797858e-02,-6.883295259377e-02,1.513168370021e+00
1.111451994715e+00,5.944337764627e-01,4.512684224853e-02,-6.965263329298e-02,1.526280891463e+00
1.114207906676e+00,5.963654988372e-01,4.495585433725e-02,-7.047436167699e-02,1.539535996370e+00
1.116970652086e+00,5.983042163885e-01,4.478403906067e-02,-7.129800639090e-02,1.552932308865e+00
1.119740247889e+00,6.002498947915e-01,4.461139211215e-02,-7.212346063804e-02,1.566469403902e+00
1.122516711072e+00,6.022024947574e-01,4.443791179545e-02,-7.295060967477e-02,1.580146675262e+00
1.125300058662e+00,6.041619688550e-01,4.426360191763e-02,-7.377932526468e-02,1.593963087071e+00
1.128090307729e+00,6.061282813033e-01,4.408845689905e-02,-7.460950094266e-02,1.607918542710e+00
1.130887475386e+00,6.081013831650e-01,4.391248047486e-02,-7.544100788171e-02,1.622012170087e+00
1.133691578788e+00,6.100812267256e-01,4.373567511147e-02,-7.627372054334e-02,1.636243300751e+00
1.136502635134e+00,6.120677734742e-01,4.355803439970e-02,-7.710753068722e-02,1.650612131308e+00
1.139320661662e+00,6.140609665395e-01,4.337956704088e-02,-7.794229877970e-02,1.665117601007e+00
1.142145675656e+00,6.160607592191e-01,4.320027210766e-02,-7.877790434270e-02,1.679759586038e+00
1.144977694442e+00,6.180671034026e-01,4.302014855286e-02,-7.961422550479e-02,1.694538049822e+00
1.147816735389e+00,6.200799416446e-01,4.283920381426e-02,-8.045112521308e-02,1.709452309931e+00
1.150662815908e+00,6.220992249740e-01,4.265743547296e-02,-8.128848238335e-02,1.724502619360e+00
1.153515953455e+00,6.241248968029e-01,4.247484792971e-02,-8.212616381032e-02,1.739688732960e+00
1.156376165527e+00,6.261568985279e-01,4.229144722007e-02,-8.296403401298e-02,1.755010360765e+00
1.159243469667e+00,6.281951782140e-01,4.210722930990e-02,-8.380197025272e-02,1.770468152635e+00
1.162117883460e+00,6.302396720119e-01,4.192220411704e-02,-8.463983040227e-02,1.786061674764e+00
1.164999424535e+00,6.322903205184e-01,4.173637453634e-02,-8.547748128003e-02,1.801791180237e+00
1.167888110563e+00,6.343470651217e-01,4.154973960980e-02,-8.631479228881e-02,1.817657337179e+00
1.170783959263e+00,6.364098389897e-01,4.136231001469e-02,-8.715161999749e-02,1.833659939493e+00
1.173686988393e+00,6.384785801447e-01,4.117408615828e-02,-8.798783058710e-02,1.849799736335e+00
1.176597215757e+00,6.405532228203e-01,4.098507250197e-02,-8.882328504908e-02,1.866077238279e+00
1.179514659206e+00,6.426336982891e-01,4.079527806355e-02,-8.965784066093e-02,1.882492677926e+00
1.182439336631e+00,6.447199406372e-01,4.060470140221e-02,-9.049136080744e-02,1.899047262149e+00
1.185371265968e+00,6.468118783100e-01,4.041335244512e-02,-9.132370064922e-02,1.915741354690e+00
1.188310465201e+00,6.489094401060e-01,4.022123776906e-02,-9.215471732148e-02,1.932575703104e+00
1.191256952355e+00,6.510125549394e-01,4.002835592251e-02,-9.298426951858e-02,1.949551837211e+00
1.194210745501e+00,6.531211473326e-01,3.983472037891e-02,-9.381220993583e-02,1.966670142252e+00
1.197171862754e+00,6.552351425897e-01,3.964033397065e-02,-9.463839399381e-02,1.983932007989e+00
1.200140322275e+00,6.573544639287e-01,3.944520060924e-02,-9.546267503557e-02,2.001338849205e+00
1.203116142270e+00,6.594790331423e-01,3.924933185501e-02,-9.628490545935e-02,2.018891540774e+00
1.206099340989e+00,6.616087705252e-01,3.905272845409e-02,-9.710493661794e-02,2.036591998874e+00
1.209089936728e+00,6.637435951108e-01,3.885539971638e-02,-9.792261923357e-02,2.054441522506e+00
1.212087947829e+00,6.658834251579e-01,3.865735516727e-02,-9.873780421676e-02,2.072441503235e+00
1.215093392679e+00,6.680281750306e-01,3.845859334877e-02,-9.955033753843e-02,2.090594420412e+00
1.218106289710e+00,6.701777611805e-01,3.825912900280e-02,-1.003600701217e-01,2.108901448329e+00
1.221126657400e+00,6.723320966235e-01,3.805896732079e-02,-1.011668487447e-01,2.127364723918e+00
1.224154514273e+00,6.744910913680e-01,3.785811106673e-02,-1.019705168000e-01,2.145986737945e+00
1.227189878898e+00,6.766546584268e-01,3.765657390706e-02,-1.027709241445e-01,2.164769115273e+00
1.230232769893e+00,6.788227045344e-01,3.745435835567e-02,-1.035679119382e-01,2.183714627559e+00
1.233283205919e+00,6.809951372354e-01,3.725147251169e-02,-1.043613242558e-01,2.202825667546e+00
1.236341205684e+00,6.831718649645e-01,3.704792777715e-02,-1.051510081907e-01,2.222104438858e+00
1.239406787943e+00,6.853527872346e-01,3.684372423367e-02,-1.059367979939e-01,2.241554360844e+00
1.242479971497e+00,6.875378108709e-01,3.663887535738e-02,-1.067185413743e-01,2.261177703973e+00
1.245560775194e+00,6.897268377772e-01,3.643338900503e-02,-1.074960796990e-01,2.280977405691e+00
1.248649217929e+00,6.919197621538e-01,3.622726622903e-02,-1.082692436250e-01,2.300957230751e+00
1.251745318644e+00,6.941164889563e-01,3.602052241717e-02,-1.090378827354e-01,2.321119644635e+00
1.254849096326e+00,6.963169116001e-01,3.581316146749e-02,-1.098018297801e-01,2.341468409302e+00
1.257960570011e+00,6.985209236498e-01,3.560518972964e-02,-1.105609194790e-01,2.362007193041e+00
1.261079758782e+00,7.007284243077e-01,3.539662012656e-02,-1.113149972125e-01,2.382739107346e+00
1.264206681769e+00,7.029392983363e-01,3.518745391585e-02,-1.120638871372e-01,2.403668654596e+00
1.267341358149e+00,7.051534405530e-01,3.497770280714e-02,-1.128074311139e-01,2.424799364396e+00
1.270483807147e+00,7.073707432044e-01,3.476737705339e-02,-1.135454686237e-01,2.446135051348e+00
1.273634048037e+00,7.095910816406e-01,3.455647548812e-02,-1.142778143130e-01,2.467680980002e+00
1.276792100138e+00,7.118143534899e-01,3.434501493640e-02,-1.150043196744e-01,2.489440523597e+00
1.279957982818e+00,7.140404390790e-01,3.413300038232e-02,-1.157248107578e-01,2.511418551125e+00
1.283131715495e+00,7.162692150572e-01,3.392043596529e-02,-1.164391097303e-01,2.533620212425e+00
1.286313317633e+00,7.185005719880e-01,3.370733588611e-02,-1.171470622882e-01,2.556049598125e+00
1.289502808744e+00,7.207343799677e-01,3.349370231332e-02,-1.178484840518e-01,2.578712417245e+00
1.292700208390e+00,7.229705189844e-01,3.327954478785e-02,-1.185432079177e-01,2.601613641817e+00
1.295905536181e+00,7.252088713725e-01,3.306487480178e-02,-1.192310722119e-01,2.624758131960e+00
1.299118811774e+00,7.274492957010e-01,3.284969161275e-02,-1.199118804350e-01,2.648152503416e+00
1.302340054877e+00,7.296916774403e-01,3.263401027876e-02,-1.205854795111e-01,2.671801473689e+00
1.305569285245e+00,7.319358859173e-01,3.241783772941e-02,-1.212516933251e-01,2.695710974577e+00
1.308806522685e+00,7.341817774739e-01,3.220117553602e-02,-1.219103278428e-01,2.719887865687e+00
1.312051787048e+00,7.364292346536e-01,3.198403909342e-02,-1.225612310781e-01,2.744337253957e+00
1.315305098240e+00,7.386781129752e-01,3.176643136399e-02,-1.232042116518e-01,2.769066148843e+00
1.318566476212e+00,7.409282743378e-01,3.154835944000e-02,-1.238390899581e-01,2.794081165282e+00
1.321835940967e+00,7.431795915135e-01,3.132983591644e-02,-1.244657048285e-01,2.819388259611e+00
1.325113512556e+00,7.454319066683e-01,3.111086072919e-02,-1.250838507119e-01,2.844995459410e+00
1.328399211080e+00,7.476850895784e-01,3.089144665502e-02,-1.256933658827e-01,2.870909032339e+00
1.331693056691e+00,7.499390002996e-01,3.067160277589e-02,-1.262940758479e-01,2.897135951556e+00
1.334995069591e+00,7.521934710404e-01,3.045132786720e-02,-1.268857663588e-01,2.923685030367e+00
1.338305270029e+00,7.544483770318e-01,3.023063863469e-02,-1.274682898253e-01,2.950562382190e+00
1.341623678308e+00,7.567035593751e-01,3.000953891074e-02,-1.280414494911e-01,2.977776366565e+00
1.344950314780e+00,7.589588582251e-01,2.978803320605e-02,-1.286050493981e-01,3.005335450877e+00
1.348285199847e+00,7.612141374023e-01,2.956613540043e-02,-1.291589308981e-01,3.033246674629e+00
1.351628353961e+00,7.634692227220e-01,2.934384624667e-02,-1.297028809504e-01,3.061519524740e+00
1.354979797627e+00,7.657239648085e-01,2.912117620931e-02,-1.302367255211e-01,3.090161990429e+00
1.358339551399e+00,7.679782146605e-01,2.889813629610e-02,-1.307602931385e-01,3.119182105230e+00
1.361707635881e+00,7.702317812515e-01,2.867472411974e-02,-1.312733525988e-01,3.148590567445e+00
1.365084071732e+00,7.724845283320e-01,2.845095634494e-02,-1.317757555428e-01,3.178394738072e+00
1.368468879658e+00,7.747362846387e-01,2.822683854862e-02,-1.322673042185e-01,3.208604207727e+00
1.371862080419e+00,7.769868646279e-01,2.800237269942e-02,-1.327477823293e-01,3.239229499657e+00
1.375263694824e+00,7.792361240415e-01,2.777757438475e-02,-1.332170360842e-01,3.270278652247e+00
1.378673743737e+00,7.814838726521e-01,2.755244555500e-02,-1.336748468625e-01,3.301762587384e+00
1.382092248071e+00,7.837299382482e-01,2.732699451361e-02,-1.341210246164e-01,3.333691171986e+00
1.385519228791e+00,7.859741620029e-01,2.710123404315e-02,-1.345554008494e-01,3.366073506300e+00
1.388954706916e+00,7.882163348010e-01,2.687516299686e-02,-1.349777366765e-01,3.398921823064e+00
1.392398703516e+00,7.904563006778e-01,2.664879631674e-02,-1.353878722840e-01,3.432245147491e+00
1.395851239711e+00,7.926938799424e-01,2.642214264801e-02,-1.357856158172e-01,3.466054005798e+00
1.399312336678e+00,7.949288572783e-01,2.619520165270e-02,-1.361707267808e-01,3.500361149667e+00
1.402782015642e+00,7.971610816967e-01,2.596799130343e-02,-1.365430591606e-01,3.535175435654e+00
1.406260297884e+00,7.993903477237e-01,2.574051539140e-02,-1.369023912950e-01,3.570509095559e+00
1.409747204735e+00,8.016164566094e-01,2.551278040810e-02,-1.372485136581e-01,3.606373987841e+00
1.413242757581e+00,8.038392411229e-01,2.528480166491e-02,-1.375812638142e-01,3.642780074284e+00
1.416746977861e+00,8.060584749405e-01,2.505657998215e-02,-1.379003979350e-01,3.679740969141e+00
1.420259887065e+00,8.082739790992e-01,2.482812903658e-02,-1.382057417247e-01,3.717267412989e+00
1.423781506738e+00,8.104855686042e-01,2.459946147990e-02,-1.384971145762e-01,3.755370538553e+00
1.427311858479e+00,8.126929946254e-01,2.437057515717e-02,-1.387742486656e-01,3.794065420607e+00
1.430850963939e+00,8.148961013833e-01,2.414149130557e-02,-1.390370093334e-01,3.833361436785e+00
1.434398844823e+00,8.170946698166e-01,2.391221647231e-02,-1.392851754804e-01,3.873271864184e+00
1.437955522891e+00,8.192884712300e-01,2.368275588929e-02,-1.395185152635e-01,3.913810585646e+00
1.441521019956e+00,8.214773323017e-01,2.345312838687e-02,-1.397368764371e-01,3.954988078247e+00
1.445095357885e+00,8.236610113327e-01,2.322333773394e-02,-1.399400141150e-01,3.996819031691e+00
1.448678558600e+00,8.258393035111e-01,2.299339698526e-02,-1.401277372523e-01,4.039315859041e+00
1.452270644076e+00,8.280120163303e-01,2.276332254258e-02,-1.402998741427e-01,4.082490200449e+00
1.455871636343e+00,8.301788839273e-01,2.253311543215e-02,-1.404561545171e-01,4.126358215932e+00
1.459481557487e+00,8.323397291401e-01,2.230279693410e-02,-1.405964328499e-01,4.170930561489e+00
1.463100429648e+00,8.344943287338e-01,2.207237891472e-02,-1.407205026039e-01,4.216220713768e+00
1.466728275019e+00,8.366424213920e-01,2.184186608541e-02,-1.408281078939e-01,4.262244480694e+00
1.470365115850e+00,8.387838312942e-01,2.161128195901e-02,-1.409191122017e-01,4.309012331225e+00
1.474010974447e+00,8.409183045881e-01,2.138063443288e-02,-1.409932750379e-01,4.356539528476e+00
1.477665873169e+00,8.430456086529e-01,2.114993673316e-02,-1.410503875884e-01,4.404839969752e+00
1.481329834432e+00,8.451655474955e-01,2.091921021412e-02,-1.410902931276e-01,4.453925216262e+00
1.485002880707e+00,8.472778419480e-01,2.068846031957e-02,-1.411127250400e-01,4.503811936067e+00
1.488685034521e+00,8.493822922590e-01,2.045770919011e-02,-1.411175266263e-01,4.554511786553e+00
1.492376318456e+00,8.514786774653e-01,2.022697537905e-02,-1.411045149071e-01,4.606037662451e+00
1.496076755151e+00,8.535667022460e-01,1.999626395109e-02,-1.410734099129e-01,4.658407003523e+00
1.499786367302e+00,8.556461935680e-01,1.976560431774e-02,-1.410240981285e-01,4.711629537223e+00
1.503505177658e+00,8.577168905137e-01,1.953500976675e-02,-1.409563508781e-01,4.765720361578e+00
1.507233209028e+00,8.597785321459e-01,1.930449456213e-02,-1.408699423497e-01,4.820694465324e+00
1.510970484276e+00,8.618309248912e-01,1.907408621726e-02,-1.407647387687e-01,4.876562517911e+00
1.514717026322e+00,8.638737820949e-01,1.884379586632e-02,-1.406404854278e-01,4.933340860766e+00
1.518472858144e+00,8.659068817980e-01,1.861364732602e-02,-1.404970160037e-01,4.991041664927e+00
1.522238002777e+00,8.679300088413e-01,1.838366623350e-02,-1.403341754155e-01,5.049676531419e+00
1.526012483312e+00,8.699428498011e-01,1.815386161968e-02,-1.401516820010e-01,5.109263023189e+00
1.529796322897e+00,8.719452264484e-01,1.792426716404e-02,-1.399494343102e-01,5.169810118335e+00
1.533589544741e+00,8.739368833059e-01,1.769490360152e-02,-1.397272318436e-01,5.231331429364e+00
1.537392172106e+00,8.759175326930e-01,1.746578704114e-02,-1.394848348855e-01,5.293842379876e+00
1.541204228313e+00,8.778869915968e-01,1.723695214940e-02,-1.392221426198e-01,5.357351694372e+00
1.545025736743e+00,8.798449742094e-01,1.700841684396e-02,-1.389389228740e-01,5.421874273787e+00
1.548856720833e+00,8.817912389110e-01,1.678020727022e-02,-1.386350035490e-01,5.487422055124e+00
1.552697204077e+00,8.837255818527e-01,1.655235635882e-02,-1.383102636266e-01,5.554004414057e+00
1.556547210031e+00,8.856476913927e-01,1.632488013818e-02,-1.379644455182e-01,5.621637148061e+00
1.560406762305e+00,8.875573770518e-01,1.609781496773e-02,-1.375974502197e-01,5.690328317802e+00
1.564275884571e+00,8.894544043391e-01,1.587119056364e-02,-1.372091241861e-01,5.760088448365e+00
1.568154600558e+00,8.913384630822e-01,1.564502543416e-02,-1.367992196242e-01,5.830932432696e+00
1.572042934054e+00,8.932093913527e-01,1.541936189274e-02,-1.363676805559e-01,5.902865777635e+00
1.575940908907e+00,8.950669152546e-01,1.519422526416e-02,-1.359143102334e-01,5.975900565337e+00
1.579848549022e+00,8.969107787090e-01,1.496964429503e-02,-1.354389371870e-01,6.050047463142e+00
1.583765878366e+00,8.987408006430e-01,1.474565949326e-02,-1.349414871478e-01,6.125312257792e+00
1.587692920962e+00,9.005566834169e-01,1.452229431949e-02,-1.344217405353e-01,6.201707485399e+00
1.591629700897e+00,9.023582303025e-01,1.429958773785e-02,-1.338796075417e-01,6.279239210624e+00
1.595576242314e+00,9.041452409251e-01,1.407757834496e-02,-1.333149954823e-01,6.357913388810e+00
1.599532569418e+00,9.059173940094e-01,1.385628768927e-02,-1.327276622308e-01,6.437742854814e+00
1.603498706472e+00,9.076745573601e-01,1.363576481562e-02,-1.321176047060e-01,6.518728722618e+00
1.607474677801e+00,9.094164839629e-01,1.341604247194e-02,-1.314846778263e-01,6.600878604667e+00
1.611460507790e+00,9.111429113800e-01,1.319715165122e-02,-1.308287196310e-01,6.684200589170e+00
1.615456220883e+00,9.128536948627e-01,1.297913979176e-02,-1.301497162992e-01,6.768695393597e+00
1.619461841588e+00,9.145485655009e-01,1.276203731609e-02,-1.294475016519e-01,6.854370631525e+00
1.623477394469e+00,9.162273289081e-01,1.254588496414e-02,-1.287220038046e-01,6.941229078258e+00
1.627502904154e+00,9.178898239771e-01,1.233072777876e-02,-1.279731933308e-01,7.029271153021e+00
1.631538395333e+00,9.195357618698e-01,1.211659390840e-02,-1.272008853730e-01,7.118504188241e+00
1.635583892755e+00,9.211650211772e-01,1.190353342586e-02,-1.264051024932e-01,7.208925375354e+00
1.639639421230e+00,9.227774082143e-01,1.169158663305e-02,-1.255857797348e-01,7.300535614603e+00
1.643705005631e+00,9.243726649998e-01,1.148078556826e-02,-1.247427754164e-01,7.393338909789e+00
1.647780670893e+00,9.259506977658e-01,1.127118275279e-02,-1.238761494438e-01,7.487329484990e+00
1.651866442012e+00,9.275112825958e-01,1.106281392361e-02,-1.229858044284e-01,7.582508383233e+00
1.655962344046e+00,9.290542381862e-01,1.085571983902e-02,-1.220716962877e-01,7.678873690946e+00
1.660068402115e+00,9.305794578336e-01,1.064994975383e-02,-1.211338721321e-01,7.776418878265e+00
1.664184641401e+00,9.320867021227e-01,1.044553639560e-02,-1.201722199983e-01,7.875144114831e+00
1.668311087150e+00,9.335758706825e-01,1.024252853537e-02,-1.191867966031e-01,7.975041431566e+00
1.672447764669e+00,9.350468402509e-01,1.004097133120e-02,-1.181776316177e-01,8.076103604223e+00
1.676594699328e+00,9.364993700533e-01,9.840895720171e-03,-1.171446151281e-01,8.178329007568e+00
1.680751916561e+00,9.379334314332e-01,9.642356163501e-03,-1.160878916057e-01,8.281704251674e+00
1.684919441863e+00,9.393488615814e-01,9.445390796060e-03,-1.150074457480e-01,8.386222433219e+00
1.689097300795e+00,9.407455041347e-01,9.250037698506e-03,-1.139032709270e-01,8.491875626930e+00
1.693285518979e+00,9.421233208128e-01,9.056346847030e-03,-1.127755009459e-01,8.598649332573e+00
1.697484122101e+00,9.434821378361e-01,8.864352294041e-03,-1.116241095304e-01,8.706535264894e+00
1.701693135912e+00,9.448218863432e-01,8.674098299783e-03,-1.104491948686e-01,8.815519252619e+00
1.705912586225e+00,9.461425191620e-01,8.485629961899e-03,-1.092508804989e-01,8.925585542667e+00
1.710142498918e+00,9.474438529384e-01,8.298976931328e-03,-1.080291303650e-01,9.036724245511e+00
1.714382899935e+00,9.487259085913e-01,8.114188582655e-03,-1.067841479607e-01,9.148915114743e+00
1.718633815280e+00,9.499886070843e-01,7.931302395149e-03,-1.055160193384e-01,9.262142079361e+00
1.722895271025e+00,9.512318283660e-01,7.750350384741e-03,-1.042247829726e-01,9.376390197508e+00
1.727167293305e+00,9.524556131462e-01,7.571378819242e-03,-1.029106639965e-01,9.491636669467e+00
1.731449908321e+00,9.536598662662e-01,7.394418911068e-03,-1.015737292576e-01,9.607864151763e+00
1.735743142339e+00,9.548445593591e-01,7.219506702289e-03,-1.002141227792e-01,9.725051665270e+00
1.740047021688e+00,9.560097265387e-01,7.046682203326e-03,-9.883205985040e-02,9.843175050334e+00
1.744361572764e+00,9.571552667840e-01,6.875970993560e-03,-9.742759956305e-02,9.962215096943e+00
1.748686822028e+00,9.582812438451e-01,6.707411972326e-03,-9.600098974115e-02,1.008214521624e+01
1.753022796008e+00,9.593876755541e-01,6.541037671948e-03,-9.455242423401e-02,1.020294019772e+01
1.757369521296e+00,9.604744871279e-01,6.376870502790e-03,-9.308199042816e-02,1.032457765016e+01
1.761727024550e+00,9.615418030165e-01,6.214948322197e-03,-9.159000187578e-02,1.044702709484e+01
1.766095332495e+00,9.625896139375e-01,6.055295093613e-03,-9.007661843228e-02,1.057026249400e+01
1.770474471922e+00,9.636179376842e-01,5.897935091129e-03,-8.854202979639e-02,1.069425611227e+01
1.774864469688e+00,9.646268926644e-01,5.742898732654e-03,-8.698653800201e-02,1.081897629447e+01
1.779265352717e+00,9.656164657167e-01,5.590203306192e-03,-8.541029503230e-02,1.094439518054e+01
1.783677148000e+00,9.665867655082e-01,5.439873834574e-03,-8.381358878999e-02,1.107048038518e+01
1.788099882594e+00,9.675379045827e-01,5.291933158829e-03,-8.219670948029e-02,1.119719907484e+01
1.792533583624e+00,9.684698667806e-01,5.146391806634e-03,-8.055980164400e-02,1.132452150292e+01
1.796978278282e+00,9.693828488472e-01,5.003274489103e-03,-7.890324614691e-02,1.145241144745e+01
1.801433993828e+00,9.702769298835e-01,4.862594382787e-03,-7.722729026761e-02,1.158083556900e+01
1.805900757587e+00,9.711521747276e-01,4.724361399232e-03,-7.553216382166e-02,1.170976021482e+01
1.810378596956e+00,9.720087811692e-01,4.588592818388e-03,-7.381824200032e-02,1.183914822468e+01
1.814867539396e+00,9.728468213635e-01,4.455294374287e-03,-7.208575859707e-02,1.196896488743e+01
1.819367612439e+00,9.736664459060e-01,4.324475124318e-03,-7.033503207275e-02,1.209917333073e+01
1.823878843683e+00,9.744678447528e-01,4.196144380856e-03,-6.856642164354e-02,1.222973576330e+01
1.828401260795e+00,9.752510863600e-01,4.070300824334e-03,-6.678015080315e-02,1.236061604373e+01
1.832934891513e+00,9.760164022261e-01,3.946951861803e-03,-6.497661945915e-02,1.249177509558e+01
1.837479763640e+00,9.767639600927e-01,3.826098179182e-03,-6.315615488219e-02,1.262317471746e+01
1.842035905050e+00,9.774938673507e-01,3.707734384789e-03,-6.131901628049e-02,1.275477694060e+01
1.846603343687e+00,9.782063883182e-01,3.591862853755e-03,-5.946563095151e-02,1.288654200580e+01
1.851182107562e+00,9.789016697153e-01,3.478476236869e-03,-5.759629559570e-02,1.301843112643e+01
1.855772224757e+00,9.795798960150e-01,3.367567443354e-03,-5.571134533318e-02,1.315040489971e+01
1.860373723423e+00,9.802413199091e-01,3.259131282709e-03,-5.381118596476e-02,1.328242367699e+01
1.864986631781e+00,9.808860816764e-01,3.153153803949e-03,-5.189609937252e-02,1.341444793557e+01
1.869610978123e+00,9.815144363744e-01,3.049625757933e-03,-4.996648806564e-02,1.354643796390e+01
1.874246790809e+00,9.821266222643e-01,2.948534799623e-03,-4.802273327113e-02,1.367835430616e+01
1.878894098271e+00,9.827227799833e-01,2.849861286650e-03,-4.606510913781e-02,1.381015683962e+01
1.883552929011e+00,9.833032211845e-01,2.753593114766e-03,-4.409406928709e-02,1.394180663690e+01
1.888223311602e+00,9.838681497040e-01,2.659710416123e-03,-4.210994924050e-02,1.407326420411e+01
1.892905274686e+00,9.844177719376e-01,2.568191821707e-03,-4.011308447613e-02,1.420448993296e+01
1.897598846980e+00,9.849523830701e-01,2.479018835711e-03,-3.810390129383e-02,1.433544578953e+01
1.902304057267e+00,9.854721764258e-01,2.392166150553e-03,-3.608271523275e-02,1.446609232754e+01
1.907020934406e+00,9.859774166622e-01,2.307610533300e-03,-3.404991405541e-02,1.459639157239e+01
1.911749507325e+00,9.864683820281e-01,2.225327853747e-03,-3.200589642969e-02,1.472630645480e+01
1.916489805025e+00,9.869452551250e-01,2.145288087038e-03,-2.995095777430e-02,1.485579766758e+01
1.921241856577e+00,9.874083511187e-01,2.067466119465e-03,-2.788552907948e-02,1.498482994547e+01
1.926005691127e+00,9.878579167276e-01,1.991832357858e-03,-2.580996648013e-02,1.511336671080e+01
1.930781337890e+00,9.882941664419e-01,1.918354696081e-03,-2.372458967506e-02,1.524137046588e+01
1.935568826156e+00,9.887174153116e-01,1.847004347468e-03,-2.162981956578e-02,1.536880808022e+01
1.940368185287e+00,9.891278880716e-01,1.777747595183e-03,-1.952598024605e-02,1.549564353050e+01
1.945179444717e+00,9.895258445479e-01,1.710551341575e-03,-1.741342911601e-02,1.562184271547e+01
1.950002633954e+00,9.899115783322e-01,1.645382983583e-03,-1.529255509252e-02,1.574737405410e+01
1.954837782578e+00,9.902852991936e-01,1.582205804522e-03,-1.316365789440e-02,1.587220231971e+01
1.959684920244e+00,9.906473046165e-01,1.520985888276e-03,-1.102712419030e-02,1.599629771620e+01
1.964544076678e+00,9.909978620018e-01,1.461687477463e-03,-8.883306581287e-03,1.611962987606e+01
1.969415281682e+00,9.913371805590e-01,1.404272159216e-03,-6.732495456356e-03,1.624216534853e+01
1.974298565132e+00,9.916655736230e-01,1.348704901534e-03,-4.575084170769e-03,1.636387849843e+01
1.979193956977e+00,9.919832762441e-01,1.294947415316e-03,-2.411383429479e-03,1.648473944521e+01
1.984101487239e+00,9.922905307666e-01,1.242961416432e-03,-2.417085503343e-04,1.660471953273e+01
1.989021186017e+00,9.925876257290e-01,1.192709944031e-03,1.933581495495e-03,1.672379497003e+01
1.993953083484e+00,9.928747778411e-01,1.144153451833e-03,4.114203022146e-03,1.684193707955e+01
1.998897209887e+00,9.931522555779e-01,1.097254020202e-03,6.299823056908e-03,1.695912267110e+01
2.003853595548e+00,9.934203232828e-01,1.051973509368e-03,8.490115755096e-03,1.707532968711e+01
2.008822270865e+00,9.936791797796e-01,1.008271791993e-03,1.068482344967e-02,1.719053061219e+01
2.013803266311e+00,9.939291131182e-01,9.661115630901e-04,1.288360214153e-02,1.730470826560e+01
2.018796612434e+00,9.941703528565e-01,9.254538611789e-04,1.508616892534e-02,1.741784085527e+01
2.023802339859e+00,9.944031146117e-01,8.862595588282e-04,1.729225722591e-02,1.752990599299e+01
2.028820479285e+00,9.946276658680e-01,8.484912427813e-04,1.950155174049e-02,1.764088890116e+01
2.033851061489e+00,9.948442139610e-01,8.121101117368e-04,2.171379920760e-02,1.775076889471e+01
2.038894117324e+00,9.950529911972e-01,7.770784136336e-04,2.392872416250e-02,1.785952971618e+01
2.043949677719e+00,9.952542398173e-01,7.433590225374e-04,2.614604393993e-02,1.796715820478e+01
2.049017773680e+00,9.954481477888e-01,7.109138596053e-04,2.836553145054e-02,1.807363486946e+01
2.054098436288e+00,9.956349587236e-01,6.797067289715e-04,3.058690748756e-02,1.817894986258e+01
2.059191696705e+00,9.958148862040e-01,6.497011717310e-04,3.280992459570e-02,1.828309065670e+01
2.064297586167e+00,9.959881139637e-01,6.208605840949e-04,3.503436651968e-02,1.838604119562e+01
2.069416135988e+00,9.961548779907e-01,5.931501529764e-04,3.725996848374e-02,1.848779583817e+01
2.074547377561e+00,9.963153650616e-01,5.665345259024e-04,3.948651562447e-02,1.858834227283e+01
2.079691342355e+00,9.964697685133e-01,5.409791445313e-04,4.171378875414e-02,1.868767076927e+01
2.084848061919e+00,9.966182997495e-01,5.164504787272e-04,4.394155338880e-02,1.878577691973e+01
2.090017567879e+00,9.967611262235e-01,4.929147455123e-04,4.616961929665e-02,1.888264937975e+01
2.095199891940e+00,9.968984467132e-01,4.703395061000e-04,4.839776810950e-02,1.897828478922e+01
2.100395065884e+00,9.970304493522e-01,4.486927942699e-04,5.062579364537e-02,1.907267965651e+01
2.105603121573e+00,9.971572846989e-01,4.279426492401e-04,5.285352735060e-02,1.916582369939e+01
2.110824090950e+00,9.972791522832e-01,4.080587755534e-04,5.508075584420e-02,1.925771961738e+01
2.116058006034e+00,9.973962122815e-01,3.890108727067e-04,5.730730496273e-02,1.934836295312e+01
2.121304898924e+00,9.975086199863e-01,3.707693187736e-04,5.953300679006e-02,1.943774956396e+01
2.126564801800e+00,9.976165523602e-01,3.533056230599e-04,6.175767461633e-02,1.952588283080e+01
2.131837746922e+00,9.977201515542e-01,3.365914564804e-04,6.398115616926e-02,1.961275886254e+01
2.137123766627e+00,9.978195745433e-01,3.205995079962e-04,6.620328674930e-02,1.969837951720e+01
2.142422893336e+00,9.979149776018e-01,3.053032078708e-04,6.842390388395e-02,1.978274862421e+01
2.147735159548e+00,9.980064863600e-01,2.906762730241e-04,7.064287519490e-02,1.986586269443e+01
2.153060597842e+00,9.980942569289e-01,2.766936517420e-04,7.286004125558e-02,1.994772937107e+01
2.158399240881e+00,9.981784233187e-01,2.633307070080e-04,7.507526465654e-02,2.002835156803e+01
2.163751121406e+00,9.982591063376e-01,2.505633716112e-04,7.728842151766e-02,2.010772950332e+01
2.169116272240e+00,9.983364489197e-01,2.383686355156e-04,7.949936875542e-02,2.018587287088e+01
2.174494726287e+00,9.984105670042e-01,2.267238501814e-04,8.170798950706e-02,2.026278401330e+01
2.179886516534e+00,9.984815809539e-01,2.156071630835e-04,8.391416398928e-02,2.033846857325e+01
2.185291676049e+00,9.985496159049e-01,2.049974998316e-04,8.611776922139e-02,2.041293611261e+01
2.190710237982e+00,9.986147734275e-01,1.948742003313e-04,8.831870494426e-02,2.048618891820e+01
2.196142235564e+00,9.986771717125e-01,1.852175123019e-04,9.051685674987e-02,2.055823774365e+01
2.201587702110e+00,9.987369189960e-01,1.760082459630e-04,9.271212040416e-02,2.062909144838e+01
2.207046671018e+00,9.987941066198e-01,1.672276969032e-04,9.490440801679e-02,2.069875332454e+01
2.212519175767e+00,9.988488465514e-01,1.588580583188e-04,9.709361392974e-02,2.076723769834e+01
2.218005249920e+00,9.989012302350e-01,1.508819427766e-04,9.927965204672e-02,2.083455168935e+01
2.223504927123e+00,9.989513475713e-01,1.432825879675e-04,1.014624385260e-01,2.090070334237e+01
2.229018241106e+00,9.989992958398e-01,1.360439292392e-04,1.036418837525e-01,2.096570632357e+01
2.234545225683e+00,9.990451545370e-01,1.291503302452e-04,1.058179149345e-01,2.102956726594e+01
2.240085914749e+00,9.990890109969e-01,1.225868281218e-04,1.079904530279e-01,2.109229860504e+01
2.245640342287e+00,9.991309494447e-01,1.163390060705e-04,1.101594225660e-01,2.115391322474e+01
2.251208542361e+00,9.991710387590e-01,1.103928719954e-04,1.123247624930e-01,2.121441718519e+01
2.256790549122e+00,9.992093628536e-01,1.047351196268e-04,1.144863990657e-01,2.127382693341e+01
2.262386396803e+00,9.992459923596e-01,9.935285713208e-05,1.166442710480e-01,2.133215319619e+01
2.267996119725e+00,9.992809928911e-01,9.423367227613e-05,1.187983222722e-01,2.138940523123e+01
2.273619752292e+00,9.993144381912e-01,8.936572374234e-05,1.209484900157e-01,2.144559927197e+01
2.279257328994e+00,9.993463888139e-01,8.473755239454e-05,1.230947237931e-01,2.150074491358e+01
2.284908884405e+00,9.993769079284e-01,8.033819567500e-05,1.252369713739e-01,2.155485510980e+01
2.290574453187e+00,9.994060589820e-01,7.615715117895e-05,1.273751808492e-01,2.160794494403e+01
2.296254070088e+00,9.994338941099e-01,7.218427907085e-05,1.295093107257e-01,2.166002312750e+01
2.301947769939e+00,9.994604735212e-01,6.840992850505e-05,1.316393129567e-01,2.171110593550e+01
2.307655587662e+00,9.994858509133e-01,6.482481776700e-05,1.337651456679e-01,2.176120667901e+01
2.313377558261e+00,9.995100732175e-01,6.142002335153e-05,1.358867733039e-01,2.181033490069e+01
2.319113716829e+00,9.995331951543e-01,5.818706107415e-05,1.380041540000e-01,2.185850808641e+01
2.324864098548e+00,9.995552618116e-01,5.511775914957e-05,1.401172546507e-01,2.190573758444e+01
2.330628738683e+00,9.995763180377e-01,5.220430697331e-05,1.422260427437e-01,2.195203600607e+01
2.336407672589e+00,9.995964106603e-01,4.943925355851e-05,1.443304844548e-01,2.199741943942e+01
2.342200935709e+00,9.996155782898e-01,4.681543583258e-05,1.464305533744e-01,2.204189813355e+01
2.348008563573e+00,9.996338633895e-01,4.432603618215e-05,1.485262201359e-01,2.208548741840e+01
2.353830591799e+00,9.996513059215e-01,4.196453322588e-05,1.506174578542e-01,2.212820198681e+01
2.359667056094e+00,9.996679388709e-01,3.972466842296e-05,1.527042458899e-01,2.217005100914e+01
2.365517992252e+00,9.996838021168e-01,3.760050645806e-05,1.547865580467e-01,2.221105218764e+01
2.371383436158e+00,9.996989285991e-01,3.558635255928e-05,1.568643743089e-01,2.225121764960e+01
2.377263423784e+00,9.997133496492e-01,3.367677021224e-05,1.589376762815e-01,2.229055909209e+01
2.383157991192e+00,9.997270992391e-01,3.186658978810e-05,1.610064436064e-01,2.232909268499e+01
2.389067174535e+00,9.997402054475e-01,3.015085882857e-05,1.630706611318e-01,2.236682933409e+01
2.394991010052e+00,9.997526977802e-01,2.852486593819e-05,1.651303127367e-01,2.240378294781e+01
2.400929534075e+00,9.997646051067e-01,2.698412115853e-05,1.671853830630e-01,2.243996820662e+01
2.406882783025e+00,9.997759513066e-01,2.552432921267e-05,1.692358611248e-01,2.247539483647e+01
2.412850793413e+00,9.997867639612e-01,2.414141615001e-05,1.712817330517e-01,2.251007865824e+01
2.418833601842e+00,9.997970671040e-01,2.283149096628e-05,1.733229881190e-01,2.254403229605e+01
2.424831245003e+00,9.998068823217e-01,2.159084264803e-05,1.753596178026e-01,2.257726620525e+01
2.430843759681e+00,9.998162339063e-01,2.041595089068e-05,1.773916115137e-01,2.260979597799e+01
2.436871182749e+00,9.998251419710e-01,1.930345300163e-05,1.794189622753e-01,2.264163252619e+01
2.442913551175e+00,9.998336267571e-01,1.825015224980e-05,1.814416631517e-01,2.267278810076e+01
2.448970902017e+00,9.998417088348e-01,1.725301074598e-05,1.834597070865e-01,2.270327679146e+01
2.455043272424e+00,9.998494052481e-01,1.630912997198e-05,1.854730900437e-01,2.273310830848e+01
2.461130699637e+00,9.998567348452e-01,1.541576133708e-05,1.874818066407e-01,2.276229643921e+01
2.467233220992e+00,9.998637149132e-01,1.457028873673e-05,1.894858528931e-01,2.279085367949e+01
2.473350873915e+00,9.998703601486e-01,1.377021981116e-05,1.914852270307e-01,2.281878910389e+01
2.479483695926e+00,9.998766877131e-01,1.301319461139e-05,1.934799253927e-01,2.284611729596e+01
2.485631724638e+00,9.998827118336e-01,1.229696421094e-05,1.954699467965e-01,2.287284872737e+01
2.491794997755e+00,9.998884462449e-01,1.161939242816e-05,1.974552905471e-01,2.289899393279e+01
2.497973553079e+00,9.998939054364e-01,1.097845359432e-05,1.994359554336e-01,2.292456604291e+01
2.504167428501e+00,9.998991014285e-01,1.037221917358e-05,2.014119423102e-01,2.294957435901e+01
2.510376662010e+00,9.999040469723e-01,9.798861117321e-06,2.033832515223e-01,2.297403065457e+01
2.516601291686e+00,9.999087542773e-01,9.256643856247e-06,2.053498839242e-01,2.299794669498e+01
2.522841355705e+00,9.999132334813e-01,8.743916482555e-06,2.073118420860e-01,2.302133068735e+01
2.529096892337e+00,9.999174963536e-01,8.259116927984e-06,2.092691273448e-01,2.304419544032e+01
2.535367939948e+00,9.999215529305e-01,7.800760214804e-06,2.112217424734e-01,2.306655087836e+01
2.541654536998e+00,9.999254124450e-01,7.367436833438e-06,2.131696909321e-01,2.308840588130e+01
2.547956722043e+00,9.999290850063e-01,6.957812388785e-06,2.151129755418e-01,2.310977241562e+01
2.554274533734e+00,9.999325790081e-01,6.570618751600e-06,2.170516005214e-01,2.313065913026e+01
2.560608010819e+00,9.999359030027e-01,6.204654465150e-06,2.189855700070e-01,2.315107590962e+01
2.566957192140e+00,9.999390654898e-01,5.858780959942e-06,2.209148882175e-01,2.317103345145e+01
2.573322116638e+00,9.999420735325e-01,5.531916983724e-06,2.228395605298e-01,2.319053938210e+01
2.579702823349e+00,9.999449350085e-01,5.223039673638e-06,2.247595917188e-01,2.320960441942e+01
2.586099351404e+00,9.999476569776e-01,4.931178792287e-06,2.266749872277e-01,2.322823785722e+01
2.592511740035e+00,9.999502455969e-01,4.655414025307e-06,2.285857532254e-01,2.324644705468e+01
2.598940028569e+00,9.999527078639e-01,4.394875193604e-06,2.304918952559e-01,2.326424272989e+01
2.605384256431e+00,9.999550495919e-01,4.148736557217e-06,2.323934198007e-01,2.328163274915e+01
2.611844463142e+00,9.999572764751e-01,3.916216205144e-06,2.342903334510e-01,2.329862529206e+01
2.618320688323e+00,9.999593943862e-01,3.696574204787e-06,2.361826426796e-01,2.331522992380e+01
2.624812971694e+00,9.999614082079e-01,3.489108825981e-06,2.380703547327e-01,2.333145357726e+01
2.631321353071e+00,9.999633231780e-01,3.293156421136e-06,2.399534765978e-01,2.334730510929e+01
2.637845872371e+00,9.999651442175e-01,3.108088540499e-06,2.418320155161e-01,2.336279302080e+01
2.644386569608e+00,9.999668754215e-01,2.933309503754e-06,2.437059793648e-01,2.337792338684e+01
2.650943484897e+00,9.999685215847e-01,2.768256574976e-06,2.455753754981e-01,2.339270561218e+01
2.657516658451e+00,9.999700867116e-01,2.612396438175e-06,2.474402118747e-01,2.340714675287e+01
2.664106130583e+00,9.999715745700e-01,2.465224345286e-06,2.493004966352e-01,2.342125349400e+01
2.670711941708e+00,9.999729891923e-01,2.326263166490e-06,2.511562377237e-01,2.343503427593e+01
2.677334132337e+00,9.999743339323e-01,2.195060913196e-06,2.530074435951e-01,2.344849529668e+01
2.683972743086e+00,9.999756122524e-01,2.071190263639e-06,2.548541226223e-01,2.346164379681e+01
2.690627814669e+00,9.999768275271e-01,1.954247044510e-06,2.566962832426e-01,2.347448727078e+01
2.697299387902e+00,9.999779825657e-01,1.843848550388e-06,2.585339343115e-01,2.348703115118e+01
2.703987503700e+00,9.999790805349e-01,1.739633293681e-06,2.603670844141e-01,2.349928312655e+01
2.710692203084e+00,9.999801242114e-01,1.641259169039e-06,2.621957424206e-01,2.351124960095e+01
2.717413527173e+00,9.999811160748e-01,1.548402526460e-06,2.640199174137e-01,2.352293597848e+01
2.724151517188e+00,9.999820588798e-01,1.460757679892e-06,2.658396182660e-01,2.353434962926e+01
2.730906214454e+00,9.999829549178e-01,1.378035318849e-06,2.676548541833e-01,2.354549602276e+01
2.737677660397e+00,9.999838064665e-01,1.299962012611e-06,2.694656343716e-01,2.355638102284e+01
2.744465896547e+00,9.999846158287e-01,1.226279381430e-06,2.712719680089e-01,2.356701116969e+01
2.751270964537e+00,9.999853849216e-01,1.156742976916e-06,2.730738645439e-01,2.357739125914e+01
2.758092906101e+00,9.999861158276e-01,1.091121945603e-06,2.748713332928e-01,2.358752752537e+01
2.764931763078e+00,9.999868104618e-01,1.029198048873e-06,2.766643836820e-01,2.359742570266e+01
2.771787577413e+00,9.999874704487e-01,9.707649049480e-07,2.784530253346e-01,2.360709011692e+01
2.778660391151e+00,9.999880976620e-01,9.156277109212e-07,2.802372676800e-01,2.361652714973e+01
2.785550246443e+00,9.999886936603e-01,8.636022404760e-07,2.820171203607e-01,2.362574157855e+01
2.792457185545e+00,9.999892599359e-01,8.145144358525e-07,2.837925930521e-01,2.363473811275e+01
2.799381250817e+00,9.999897980537e-01,7.681999372771e-07,2.855636953617e-01,2.364352241339e+01
2.806322484725e+00,9.999903093169e-01,7.245033558389e-07,2.873304370684e-01,2.365209867146e+01
2.813280929839e+00,9.999907950895e-01,6.832779739258e-07,2.890928278913e-01,2.366047190544e+01
2.820256628835e+00,9.999912566772e-01,6.443852015326e-07,2.908508775741e-01,2.366864711975e+01
2.827249624496e+00,9.999916951682e-01,6.076940494463e-07,2.926045959975e-01,2.367662797302e+01
2.834259959710e+00,9.999921118044e-01,5.730809077633e-07,2.943539929156e-01,2.368441972653e+01
2.841287677471e+00,9.999925076516e-01,5.404289709623e-07,2.960990781886e-01,2.369202659504e+01
2.848332820880e+00,9.999928836837e-01,5.096279099966e-07,2.978398617233e-01,2.369945233220e+01
2.855395433145e+00,9.999932409608e-01,4.805735999103e-07,2.995763533465e-01,2.370670180592e+01
2.862475557582e+00,9.999935803658e-01,4.531676558862e-07,3.013085629905e-01,2.371377864924e+01
2.869573237612e+00,9.999939027890e-01,4.273172022459e-07,3.030365005626e-01,2.372068687589e+01
2.876688516766e+00,9.999942091145e-01,4.029345606820e-07,3.047601759549e-01,2.372743078959e+01
2.883821438682e+00,9.999945000790e-01,3.799369053688e-07,3.064795991419e-01,2.373401356480e+01
2.890972047106e+00,9.999947764933e-01,3.582460852768e-07,3.081947800260e-01,2.374043942022e+01
2.898140385893e+00,9.999950390874e-01,3.377883028055e-07,3.099057285458e-01,2.374671207693e+01
2.905326499006e+00,9.999952884947e-01,3.184938689009e-07,3.116124546851e-01,2.375283450589e+01
2.912530430519e+00,9.999955254315e-01,3.002970407660e-07,3.133149683498e-01,2.375881087065e+01
2.919752224612e+00,9.999957504940e-01,2.831357294965e-07,3.150132795074e-01,2.376464430025e+01
2.926991925578e+00,9.999959642619e-01,2.669513344829e-07,3.167073981152e-01,2.377033798586e+01
2.934249577816e+00,9.999961673322e-01,2.516885599437e-07,3.183973340970e-01,2.377589560935e+01
2.941525225839e+00,9.999963602022e-01,2.372951932343e-07,3.200830974231e-01,2.378131990741e+01
2.948818914269e+00,9.999965434001e-01,2.237219746225e-07,3.217646980210e-01,2.378661424553e+01
2.956130687836e+00,9.999967174229e-01,2.109224130008e-07,3.234421458174e-01,2.379178186887e+01
2.963460591386e+00,9.999968826852e-01,1.988526170917e-07,3.251154507727e-01,2.379682515972e+01
2.970808669871e+00,9.999970396662e-01,1.874711922492e-07,3.267846227811e-01,2.380174761722e+01
2.978174968358e+00,9.999971887688e-01,1.767390611716e-07,3.284496717666e-01,2.380655193776e+01
2.985559532025e+00,9.999973303696e-01,1.666193485675e-07,3.301106076479e-01,2.381124064447e+01
2.992962406161e+00,9.999974648706e-01,1.570772711016e-07,3.317674403045e-01,2.381581687386e+01
3.000383636167e+00,9.999975926071e-01,1.480799967155e-07,3.334201796377e-01,2.382028297293e+01
3.007823267559e+00,9.999977139222e-01,1.395965539686e-07,3.350688355213e-01,2.382464161391e+01
3.015281345964e+00,9.999978291507e-01,1.315977233974e-07,3.367134178115e-01,2.382889556279e+01
3.022757917122e+00,9.999979385718e-01,1.240559286377e-07,3.383539363788e-01,2.383304686527e+01
3.030253026887e+00,9.999980424972e-01,1.169451636574e-07,3.399904010495e-01,2.383709830878e+01
3.037766721227e+00,9.999981412014e-01,1.102408892503e-07,3.416228216514e-01,2.384105225419e+01
3.045299046223e+00,9.999982349284e-01,1.039199522559e-07,3.432512080096e-01,2.384491068589e+01
3.052850048072e+00,9.999983239487e-01,9.796051894439e-08,3.448755699086e-01,2.384867626648e+01
3.060419773083e+00,9.999984084877e-01,9.234198655662e-08,3.464959171399e-01,2.385235100023e+01
3.068008267681e+00,9.999984887678e-01,8.704492220983e-08,3.481122594734e-01,2.385593699951e+01
3.075615578408e+00,9.999985650142e-01,8.205099774357e-08,3.497246066546e-01,2.385943661382e+01
3.083241751918e+00,9.999986374148e-01,7.734292036518e-08,3.513329684299e-01,2.386285159233e+01
3.090886834984e+00,9.999987061717e-01,7.290438318486e-08,3.529373545136e-01,2.386618414714e+01
3.098550874492e+00,9.999987714717e-01,6.872000437720e-08,3.545377746068e-01,2.386943633374e+01
3.106233917446e+00,9.999988334725e-01,6.477527291750e-08,3.561342384061e-01,2.387260970474e+01
3.113936010966e+00,9.999988923559e-01,6.105650756162e-08,3.577267555697e-01,2.387570651389e+01
3.121657202290e+00,9.999989482730e-01,5.755080157916e-08,3.593153357522e-01,2.387872846684e+01
3.129397538772e+00,9.999990013680e-01,5.424598247771e-08,3.608999885898e-01,2.388167722626e+01
3.137157067882e+00,9.999990517920e-01,5.113057238059e-08,3.624807236910e-01,2.388455478220e+01
3.144935837211e+00,9.999990996712e-01,4.819374424146e-08,3.640575506570e-01,2.388736262507e+01
3.152733894466e+00,9.999991451366e-01,4.542528902865e-08,3.656304790632e-01,2.389010250407e+01
3.160551287471e+00,9.999991883139e-01,4.281557927769e-08,3.671995184650e-01,2.389277617102e+01
3.168388064173e+00,9.999992293081e-01,4.035553424031e-08,3.687646784080e-01,2.389538492260e+01
3.176244272632e+00,9.999992682378e-01,3.803659303746e-08,3.703259684060e-01,2.389793057371e+01
3.184119961032e+00,9.999993052057e-01,3.585068155924e-08,3.718833979600e-01,2.390041460108e+01
3.192015177675e+00,9.999993403047e-01,3.379018568405e-08,3.734369765540e-01,2.390283830790e+01
3.199929970981e+00,9.999993736364e-01,3.184792705029e-08,3.749867136437e-01,2.390520337582e+01
3.207864389493e+00,9.999994052853e-01,3.001713558962e-08,3.765326186725e-01,2.390751107105e+01
3.215818481871e+00,9.999994353361e-01,2.829142812302e-08,3.780747010607e-01,2.390976277193e+01
3.223792296900e+00,9.999994638732e-01,2.666478624665e-08,3.796129702060e-01,2.391195996004e+01
3.231785883481e+00,9.999994909670e-01,2.513153429065e-08,3.811474354917e-01,2.391410373865e+01
3.239799290640e+00,9.999995166943e-01,2.368632173751e-08,3.826781062745e-01,2.391619554382e+01
3.247832567524e+00,9.999995411248e-01,2.232410341497e-08,3.842049918927e-01,2.391823665665e+01
3.255885763400e+00,9.999995643185e-01,2.104012196084e-08,3.857281016677e-01,2.392022809426e+01
3.263958927659e+00,9.999995863434e-01,1.982989288351e-08,3.872474448932e-01,2.392217127485e+01
3.272052109813e+00,9.999996072560e-01,1.868918741040e-08,3.887630308473e-01,2.392406727156e+01
3.280165359499e+00,9.999996271113e-01,1.761401869660e-08,3.902748687864e-01,2.392591716673e+01
3.288298726474e+00,9.999996459657e-01,1.660062828609e-08,3.917829679435e-01,2.392772221096e+01
3.296452260621e+00,9.999996638664e-01,1.564547225591e-08,3.932873375343e-01,2.392948334060e+01
3.304626011946e+00,9.999996808631e-01,1.474520985190e-08,3.947879867506e-01,2.393120168869e+01
3.312820030578e+00,9.999996970027e-01,1.389669149768e-08,3.962849247634e-01,2.393287835468e+01
3.321034366771e+00,9.999997123246e-01,1.309694756010e-08,3.977781607259e-01,2.393451415200e+01
3.329269070904e+00,9.999997268736e-01,1.234317896119e-08,3.992677037653e-01,2.393611025161e+01
3.337524193480e+00,9.999997406880e-01,1.163274660988e-08,4.007535629905e-01,2.393766756887e+01
3.345799785128e+00,9.999997538030e-01,1.096316254121e-08,4.022357474898e-01,2.393918695072e+01
3.354095896603e+00,9.999997662564e-01,1.033208158156e-08,4.037142663278e-01,2.394066945099e+01
3.362412578785e+00,9.999997780800e-01,9.737292676332e-09,4.051891285504e-01,2.394211586274e+01
3.370749882679e+00,9.999997893057e-01,9.176711614559e-09,4.066603431810e-01,2.394352707736e+01
3.379107859419e+00,9.999997999651e-01,8.648373697397e-09,4.081279192212e-01,2.394490402224e+01
3.387486560264e+00,9.999998100843e-01,8.150426670767e-09,4.095918656537e-01,2.394624738747e+01
3.395886036601e+00,9.999998196926e-01,7.681124702719e-09,4.110521914371e-01,2.394755809817e+01
3.404306339944e+00,9.999998288158e-01,7.238821981391e-09,4.125089055104e-01,2.394883694697e+01
3.412747521935e+00,9.999998374765e-01,6.821967014148e-09,4.139620167919e-01,2.395008459421e+01
3.421209634343e+00,9.999998457002e-01,6.429097480429e-09,4.154115341767e-01,2.395130192665e+01
3.429692729067e+00,9.999998535079e-01,6.058834820676e-09,4.168574665405e-01,2.395248961481e+01
3.438196858134e+00,9.999998609205e-01,5.709879611836e-09,4.182998227372e-01,2.395364835790e+01
3.446722073699e+00,9.999998679589e-01,5.381007058287e-09,4.197386115989e-01,2.395477893708e+01
3.455268428049e+00,9.999998746407e-01,5.071062563709e-09,4.211738419378e-01,2.395588193670e+01
3.463835973597e+00,9.999998809847e-01,4.778957896419e-09,4.226055225437e-01,2.395695808589e+01
3.472424762889e+00,9.999998870085e-01,4.503667282800e-09,4.240336621857e-01,2.395800806874e+01
3.481034848600e+00,9.999998927267e-01,4.244223778581e-09,4.254582696126e-01,2.395903239811e+01
3.489666283535e+00,9.999998981561e-01,3.999716075245e-09,4.268793535506e-01,2.396003181931e+01
3.498319120632e+00,9.999999033111e-01,3.769285131350e-09,4.282969227059e-01,2.396100689836e+01
3.506993412957e+00,9.999999082048e-01,3.552121248780e-09,4.297109857634e-01,2.396195818208e+01
3.515689213712e+00,9.999999128514e-01,3.347461287269e-09,4.311215513867e-01,2.396288632764e+01
3.524406576226e+00,9.999999172627e-01,3.154585897991e-09,4.325286282189e-01,2.396379182906e+01
3.533145553964e+00,9.999999214508e-01,2.972817095805e-09,4.339322248818e-01,2.396467525961e+01
3.541906200523e+00,9.999999254273e-01,2.801515858743e-09,4.353323499760e-01,2.396553719705e+01
3.550688569630e+00,9.999999292022e-01,2.640079851185e-09,4.367290120821e-01,2.396637807079e+01
3.559492715149e+00,9.999999327863e-01,2.487941405317e-09,4.381222197589e-01,2.396719847390e+01
3.568318691076e+00,9.999999361892e-01,2.344565457819e-09,4.395119815447e-01,2.396799889447e+01
3.577166551540e+00,9.999999394195e-01,2.209447693608e-09,4.408983059573e-01,2.396877975874e+01
3.586036350805e+00,9.999999424867e-01,2.082112822592e-09,4.422812014930e-01,2.396954161900e+01
3.594928143270e+00,9.999999453985e-01,1.962112855056e-09,4.436606766282e-01,2.397028489235e+01
3.603841983469e+00,9.999999481629e-01,1.849025571245e-09,4.450367398182e-01,2.397101002832e+01
3.612777926069e+00,9.999999507877e-01,1.742453040246e-09,4.464093994973e-01,2.397171751299e+01
3.621736025876e+00,9.999999532793e-01,1.642020196892e-09,4.477786640800e-01,2.397240770950e+01
3.630716337829e+00,9.999999556449e-01,1.547373568114e-09,4.491445419595e-01,2.397308108510e+01
3.639718917005e+00,9.999999578910e-01,1.458180006314e-09,4.505070415086e-01,2.397373806084e+01
3.648743818616e+00,9.999999600231e-01,1.374125517029e-09,4.518661710801e-01,2.397437896787e+01
3.657791098013e+00,9.999999620474e-01,1.294914189942e-09,4.532219390054e-01,2.397500426990e+01
3.666860810683e+00,9.999999639693e-01,1.220267125364e-09,4.545743535964e-01,2.397561431863e+01
3.675953012249e+00,9.999999657937e-01,1.149921472657e-09,4.559234231442e-01,2.397620946562e+01
3.685067758476e+00,9.999999675260e-01,1.083629513745e-09,4.572691559193e-01,2.397679011943e+01
3.694205105263e+00,9.999999691705e-01,1.021157775341e-09,4.586115601725e-01,2.397735658676e+01
3.703365108650e+00,9.999999707317e-01,9.622862280755e-10,4.599506441339e-01,2.397790923492e+01
3.712547824815e+00,9.999999722140e-01,9.068075056904e-10,4.612864160134e-01,2.397844842284e+01
3.721753310077e+00,9.999999736211e-01,8.545261698067e-10,4.626188840010e-01,2.397897441680e+01
3.730981620892e+00,9.999999749571e-01,8.052580423569e-10,4.639480562663e-01,2.397948759584e+01
3.740232813858e+00,9.999999762254e-01,7.588295410858e-10,4.652739409588e-01,2.397998825954e+01
3.749506945712e+00,9.999999774294e-01,7.150770754094e-10,4.665965462083e-01,2.398047668205e+01
3.758804073334e+00,9.999999785726e-01,6.738464783985e-10,4.679158801242e-01,2.398095320648e+01
3.768124253741e+00,9.999999796578e-01,6.349924537422e-10,4.692319507962e-01,2.398141809154e+01
3.777467544095e+00,9.999999806881e-01,5.983780734930e-10,4.705447662939e-01,2.398187162534e+01
3.786834001699e+00,9.999999816663e-01,5.638742952165e-10,4.718543346671e-01,2.398231410963e+01
3.796223683997e+00,9.999999825948e-01,5.313595032422e-10,4.731606639460e-01,2.398274576946e+01
3.805636648576e+00,9.999999834764e-01,5.007190897849e-10,4.744637621406e-01,2.398316690347e+01
3.815072953166e+00,9.999999843133e-01,4.718450453487e-10,4.757636372413e-01,2.398357777013e+01
3.824532655640e+00,9.999999851078e-01,4.446355792028e-10,4.770602972192e-01,2.398397858256e+01
3.834015814014e+00,9.999999858622e-01,4.189947669482e-10,4.783537500252e-01,2.398436962866e+01
3.843522486449e+00,9.999999865783e-01,3.948322063552e-10,4.796440035909e-01,2.398475112648e+01
3.853052731248e+00,9.999999872581e-01,3.720627030276e-10,4.809310658284e-01,2.398512330142e+01
3.862606606863e+00,9.999999879036e-01,3.506059712397e-10,4.822149446299e-01,2.398548640699e+01
3.872184171885e+00,9.999999885163e-01,3.303863480643e-10,4.834956478687e-01,2.398584063315e+01
3.881785485055e+00,9.999999890980e-01,3.113325310964e-10,4.847731833982e-01,2.398618621473e+01
3.891410605257e+00,9.999999896503e-01,2.933773253516e-10,4.860475590526e-01,2.398652337417e+01
3.901059591523e+00,9.999999901745e-01,2.764574056028e-10,4.873187826469e-01,2.398685227656e+01
3.910732503030e+00,9.999999906722e-01,2.605130974027e-10,4.885868619767e-01,2.398717316334e+01
3.920429399102e+00,9.999999911448e-01,2.454881630602e-10,4.898518048182e-01,2.398748621809e+01
3.930150339210e+00,9.999999915933e-01,2.313296052259e-10,4.911136189287e-01,2.398779161671e+01
3.939895382973e+00,9.999999920192e-01,2.179874812798e-10,4.923723120461e-01,2.398808957199e+01
3.949664590156e+00,9.999999924235e-01,2.054147253544e-10,4.936278918895e-01,2.398838024414e+01
3.959458020676e+00,9.999999928073e-01,1.935669843847e-10,4.948803661585e-01,2.398866381741e+01
3.969275734595e+00,9.999999931717e-01,1.824024613415e-10,4.961297425341e-01,2.398894047886e+01
3.979117792124e+00,9.999999935176e-01,1.718817671135e-10,4.973760286781e-01,2.398921036769e+01
3.988984253627e+00,9.999999938460e-01,1.619677835986e-10,4.986192322335e-01,2.398947367444e+01
3.998875179613e+00,9.999999941578e-01,1.526255313962e-10,4.998593608243e-01,2.398973055750e+01
4.008790630744e+00,9.999999944537e-01,1.438220468682e-10,5.010964220558e-01,2.398998115371e+01
4.018730667832e+00,9.999999947347e-01,1.355262669333e-10,5.023304235144e-01,2.399022564160e+01
4.028695351838e+00,9.999999950015e-01,1.277089183387e-10,5.035613727679e-01,2.399046415615e+01
4.038684743877e+00,9.999999952547e-01,1.203424153063e-10,5.047892773652e-01,2.399069684160e+01
4.048698905213e+00,9.999999954951e-01,1.134007623118e-10,5.060141448368e-01,2.399092385506e+01
4.058737897264e+00,9.999999957234e-01,1.068594618556e-10,5.072359826943e-01,2.399114531402e+01
4.068801781598e+00,9.999999959400e-01,1.006954289683e-10,5.084547984310e-01,2.399136136837e+01
4.078890619938e+00,9.999999961457e-01,9.488690929615e-11,5.096705995215e-01,2.399157215449e+01
4.089004474158e+00,9.999999963410e-01,8.941340230291e-11,5.108833934221e-01,2.399177777850e+01
4.099143406287e+00,9.999999965264e-01,8.425558969935e-11,5.120931875705e-01,2.399197839009e+01
4.109307478507e+00,9.999999967024e-01,7.939526658655e-11,5.132999893862e-01,2.399217410289e+01
4.119496753154e+00,9.999999968694e-01,7.481527762047e-11,5.145038062702e-01,2.399236502955e+01
4.129711292720e+00,9.999999970281e-01,7.049945666389e-11,5.157046456052e-01,2.399255130192e+01
4.139951159850e+00,9.999999971786e-01,6.643256939350e-11,5.169025147559e-01,2.399273301908e+01
4.150216417346e+00,9.999999973216e-01,6.260025996630e-11,5.180974210684e-01,2.399291029872e+01
4.160507128163e+00,9.999999974573e-01,5.898900023436e-11,5.192893718710e-01,2.399308325666e+01
4.170823355417e+00,9.999999975861e-01,5.558604188307e-11,5.204783744738e-01,2.399325197891e+01
4.181165162375e+00,9.999999977084e-01,5.237937186029e-11,5.216644361686e-01,2.399341658689e+01
4.191532612464e+00,9.999999978245e-01,4.935766965162e-11,5.228475642294e-01,2.399357717754e+01
4.201925769269e+00,9.999999979347e-01,4.651026745925e-11,5.240277659123e-01,2.399373383858e+01
4.212344696530e+00,9.999999980394e-01,4.382711272508e-11,5.252050484552e-01,2.399388668061e+01
4.222789458146e+00,9.999999981387e-01,4.129873243184e-11,5.263794190783e-01,2.399403578713e+01
4.233260118177e+00,9.999999982330e-01,3.891619985942e-11,5.275508849838e-01,2.399418125032e+01
4.243756740837e+00,9.999999983226e-01,3.667110306806e-11,5.287194533562e-01,2.399432316746e+01
4.254279390504e+00,9.999999984076e-01,3.455551511270e-11,5.298851313623e-01,2.399446161114e+01
4.264828131713e+00,9.999999984882e-01,3.256196625677e-11,5.310479261509e-01,2.399459667694e+01
4.275403029158e+00,9.999999985648e-01,3.068341748588e-11,5.322078448535e-01,2.399472844839e+01
4.286004147697e+00,9.999999986376e-01,2.891323567351e-11,5.333648945838e-01,2.399485699360e+01
4.296631552346e+00,9.999999987066e-01,2.724517029802e-11,5.345190824377e-01,2.399498240530e+01
4.307285308283e+00,9.999999987721e-01,2.567333124500e-11,5.356704154939e-01,2.399510475377e+01
4.317965480848e+00,9.999999988343e-01,2.419216809901e-11,5.368189008134e-01,2.399522411107e+01
4.328672135541e+00,9.999999988934e-01,2.279645057276e-11,5.379645454398e-01,2.399534055885e+01
4.339405338028e+00,9.999999989495e-01,2.148124997822e-11,5.391073563993e-01,2.399545415834e+01
4.350165154135e+00,9.999999990027e-01,2.024192191549e-11,5.402473407006e-01,2.399556498461e+01
4.360951649852e+00,9.999999990532e-01,1.907408983975e-11,5.413845053352e-01,2.399567310934e+01
4.371764891333e+00,9.999999991012e-01,1.797362958989e-11,5.425188572772e-01,2.399577858564e+01
4.382604944896e+00,9.999999991468e-01,1.693665491494e-11,5.436504034837e-01,2.399588149081e+01
4.393471877022e+00,9.999999991900e-01,1.595950367716e-11,5.447791508943e-01,2.399598188413e+01
4.404365754359e+00,9.999999992310e-01,1.503872495749e-11,5.459051064316e-01,2.399607982175e+01
4.415286643719e+00,9.999999992700e-01,1.417106689773e-11,5.470282770010e-01,2.399617537218e+01
4.426234612080e+00,9.999999993070e-01,1.335346517757e-11,5.481486694909e-01,2.399626858701e+01
4.437209726586e+00,9.999999993421e-01,1.258303223507e-11,5.492662907725e-01,2.399635952510e+01
4.448212054547e+00,9.999999993754e-01,1.185704706354e-11,5.503811477004e-01,2.399644824665e+01
4.459241663441e+00,9.999999994071e-01,1.117294558690e-11,5.514932471117e-01,2.399653479650e+01
4.470298620913e+00,9.999999994371e-01,1.052831164632e-11,5.526025958271e-01,2.399661923553e+01
4.481382994775e+00,9.999999994657e-01,9.920868439559e-12,5.537092006501e-01,2.399670161487e+01
4.492494853007e+00,9.999999994927e-01,9.348470488200e-12,5.548130683674e-01,2.399678197816e+01
4.503634263759e+00,9.999999995184e-01,8.809096083936e-12,5.559142057492e-01,2.399686038285e+01
4.514801295349e+00,9.999999995428e-01,8.300840124024e-12,5.570126195485e-01,2.399693687237e+01
4.525996016264e+00,9.999999995660e-01,7.821907401736e-12,5.581083165021e-01,2.399701149277e+01
4.537218495163e+00,9.999999995880e-01,7.370606268722e-12,5.592013033297e-01,2.399708429460e+01
4.548468800871e+00,9.999999996089e-01,6.945342649273e-12,5.602915867347e-01,2.399715531566e+01
4.559747002388e+00,9.999999996287e-01,6.544614429521e-12,5.613791734037e-01,2.399722460382e+01
4.571053168883e+00,9.999999996475e-01,6.167006142965e-12,5.624640700069e-01,2.399729220306e+01
4.582387369696e+00,9.999999996654e-01,5.811183969657e-12,5.635462831979e-01,2.399735814723e+01
4.593749674341e+00,9.999999996823e-01,5.475891041603e-12,5.646258196140e-01,2.399742248444e+01
4.605140152503e+00,9.999999996984e-01,5.159942988856e-12,5.657026858759e-01,2.399748525125e+01
4.616558874039e+00,9.999999997137e-01,4.862223764532e-12,5.667768885881e-01,2.399754648360e+01
4.628005908981e+00,9.999999997282e-01,4.581681707104e-12,5.678484343386e-01,2.399760622388e+01
4.639481327533e+00,9.999999997420e-01,4.317325818447e-12,5.689173296992e-01,2.399766450397e+01
4.650985200075e+00,9.999999997551e-01,4.068222272294e-12,5.699835812254e-01,2.399772136143e+01
4.662517597160e+00,9.999999997675e-01,3.833491113493e-12,5.710471954565e-01,2.399777683350e+01
4.674078589515e+00,9.999999997793e-01,3.612303147201e-12,5.721081789158e-01,2.399783094785e+01
4.685668248046e+00,9.999999997904e-01,3.403877018673e-12,5.731665381101e-01,2.399788374325e+01
4.697286643831e+00,9.999999998011e-01,3.207476446710e-12,5.742222795305e-01,2.399793525096e+01
4.708933848125e+00,9.999999998111e-01,3.022407625455e-12,5.752754096517e-01,2.399798549895e+01
4.720609932362e+00,9.999999998207e-01,2.848016777491e-12,5.763259349326e-01,2.399803452276e+01
4.732314968151e+00,9.999999998298e-01,2.683687839849e-12,5.773738618161e-01,2.399808234925e+01
4.744049027280e+00,9.999999998384e-01,2.528840291812e-12,5.784191967291e-01,2.399812900781e+01
4.755812181712e+00,9.999999998466e-01,2.382927104248e-12,5.794619460827e-01,2.399817452973e+01
4.767604503592e+00,9.999999998544e-01,2.245432805265e-12,5.805021162720e-01,2.399821893834e+01
4.779426065243e+00,9.999999998618e-01,2.115871663357e-12,5.815397136765e-01,2.399826226415e+01
4.791276939165e+00,9.999999998688e-01,1.993785969215e-12,5.825747446596e-01,2.399830453408e+01
4.803157198041e+00,9.999999998754e-01,1.878744419040e-12,5.836072155692e-01,2.399834576982e+01
4.815066914732e+00,9.999999998817e-01,1.770340593819e-12,5.846371327376e-01,2.399838600118e+01
4.827006162281e+00,9.999999998877e-01,1.668191520833e-12,5.856645024811e-01,2.399842525075e+01
4.838975013911e+00,9.999999998934e-01,1.571936322534e-12,5.866893311006e-01,2.399846354151e+01
4.850973543027e+00,9.999999998988e-01,1.481234942282e-12,5.877116248815e-01,2.399850089969e+01
4.863001823217e+00,9.999999999039e-01,1.395766941685e-12,5.887313900934e-01,2.399853734497e+01
4.875059928250e+00,9.999999999088e-01,1.315230370453e-12,5.897486329905e-01,2.399857290131e+01
4.887147932078e+00,9.999999999134e-01,1.239340699021e-12,5.907633598117e-01,2.399860759174e+01
4.899265908838e+00,9.999999999178e-01,1.167829812958e-12,5.917755767802e-01,2.399864143334e+01
4.911413932848e+00,9.999999999220e-01,1.100445067610e-12,5.927852901040e-01,2.399867445078e+01
4.923592078614e+00,9.999999999259e-01,1.036948394047e-12,5.937925059756e-01,2.399870666316e+01
4.935800420823e+00,9.999999999297e-01,9.771154587269e-13,5.947972305724e-01,2.399873808838e+01
4.948039034350e+00,9.999999999333e-01,9.207348715749e-13,5.957994700563e-01,2.399876874844e+01
4.960307994254e+00,9.999999999366e-01,8.676074383231e-13,5.967992305740e-01,2.399879865994e+01
4.972607375781e+00,9.999999999399e-01,8.175454576315e-13,5.977965182571e-01,2.399882784163e+01
4.984937254363e+00,9.999999999429e-01,7.703720578519e-13,5.987913392219e-01,2.399885631287e+01
4.997297705619e+00,9.999999999458e-01,7.259205718136e-13,5.997836995697e-01,2.399888408807e+01
5.009688805357e+00,9.999999999485e-01,6.840339488540e-13,6.007736053867e-01,2.399891118664e+01
5.022110629570e+00,9.999999999511e-01,6.445641994034e-13,6.017610627439e-01,2.399893762506e+01
5.034563254442e+00,9.999999999536e-01,6.073718722823e-13,6.027460776975e-01,2.399896341724e+01
5.047046756345e+00,9.999999999560e-01,5.723255625255e-13,6.037286562885e-01,2.399898858162e+01
5.059561211841e+00,9.999999999582e-01,5.393014466056e-13,6.047088045430e-01,2.399901313217e+01
5.072106697681e+00,9.999999999603e-01,5.081828453457e-13,6.056865284725e-01,2.399903708356e+01
5.084683290806e+00,9.999999999623e-01,4.788598117541e-13,6.066618340732e-01,2.399906045203e+01
5.097291068350e+00,9.999999999642e-01,4.512287423350e-13,6.076347273266e-01,2.399908324972e+01
5.109930107634e+00,9.999999999661e-01,4.251920114466e-13,6.086052141997e-01,2.399910549192e+01
5.122600486176e+00,9.999999999678e-01,4.006576262014e-13,6.095733006443e-01,2.399912719277e+01
5.135302281682e+00,9.999999999694e-01,3.775389014029e-13,6.105389925977e-01,2.399914836306e+01
5.148035572052e+00,9.999999999710e-01,3.557541536297e-13,6.115022959826e-01,2.399916901825e+01
5.160800435381e+00,9.999999999724e-01,3.352264123279e-13,6.124632167069e-01,2.399918917007e+01
5.173596949955e+00,9.999999999738e-01,3.158831480327e-13,6.134217606640e-01,2.399920882998e+01
5.186425194255e+00,9.999999999752e-01,2.976560162075e-13,6.143779337325e-01,2.399922801159e+01
5.199285246957e+00,9.999999999764e-01,2.804806156138e-13,6.153317417767e-01,2.399924672515e+01
5.212177186932e+00,9.999999999776e-01,2.642962609524e-13,6.162831906464e-01,2.399926498264e+01
5.225101093246e+00,9.999999999787e-01,2.490457684088e-13,6.172322861767e-01,2.399928279601e+01
5.238057045162e+00,9.999999999798e-01,2.346752535544e-13,6.181790341885e-01,2.399930017417e+01
5.251045122139e+00,9.999999999808e-01,2.211339411418e-13,6.191234404882e-01,2.399931712948e+01
5.264065403832e+00,9.999999999818e-01,2.083739855723e-13,6.200655108678e-01,2.399933367200e+01
5.277117970096e+00,9.999999999827e-01,1.963503018957e-13,6.210052511051e-01,2.399934981065e+01
5.290202900982e+00,9.999999999836e-01,1.850204065992e-13,6.219426669635e-01,2.399936555684e+01
5.303320276740e+00,9.999999999844e-01,1.743442674048e-13,6.228777641922e-01,2.399938091920e+01
5.316470177818e+00,9.999999999852e-01,1.642841619073e-13,6.238105485261e-01,2.399939590711e+01
5.329652684866e+00,9.999999999860e-01,1.548045442939e-13,6.247410256861e-01,2.399941053060e+01
5.342867878731e+00,9.999999999867e-01,1.458719197079e-13,6.256692013787e-01,2.399942479718e+01
5.356115840464e+00,9.999999999874e-01,1.374547259856e-13,6.265950812965e-01,2.399943871658e+01
5.369396651312e+00,9.999999999880e-01,1.295232220922e-13,6.275186711179e-01,2.399945229747e+01
5.382710392729e+00,9.999999999886e-01,1.220493830389e-13,6.284399765072e-01,2.399946554676e+01
5.396057146368e+00,9.999999999892e-01,1.150068009245e-13,6.293590031149e-01,2.399947847401e+01
5.409436994083e+00,9.999999999897e-01,1.083705915694e-13,6.302757565774e-01,2.399949108648e+01
5.422850017934e+00,9.999999999903e-01,1.021173066280e-13,6.311902425171e-01,2.399950339151e+01
5.436296300183e+00,9.999999999908e-01,9.622485075163e-14,6.321024665425e-01,2.399951539750e+01
5.449775923297e+00,9.999999999912e-01,9.067240348952e-14,6.330124342484e-01,2.399952711080e+01
5.463288969945e+00,9.999999999917e-01,8.544034576122e-14,6.339201512155e-01,2.399953853903e+01
5.476835523004e+00,9.999999999921e-01,8.051019052259e-14,6.348256230110e-01,2.399954968959e+01
5.490415665555e+00,9.999999999925e-01,7.586451743510e-14,6.357288551881e-01,2.399956056798e+01
5.504029480884e+00,9.999999999929e-01,7.148691135119e-14,6.366298532862e-01,2.399957118206e+01
5.517677052486e+00,9.999999999932e-01,6.736190428268e-14,6.375286228314e-01,2.399958153799e+01
5.531358464062e+00,9.999999999936e-01,6.347492076046e-14,6.384251693356e-01,2.399959164147e+01
5.545073799519e+00,9.999999999939e-01,5.981222634740e-14,6.393194982975e-01,2.399960149956e+01
5.558823142974e+00,9.999999999942e-01,5.636087909087e-14,6.402116152020e-01,2.399961111760e+01
5.572606578751e+00,9.999999999945e-01,5.310868381121e-14,6.411015255204e-01,2.399962050157e+01
5.586424191386e+00,9.999999999948e-01,5.004414900949e-14,6.419892347105e-01,2.399962965768e+01
5.600276065620e+00,9.999999999951e-01,4.715644625579e-14,6.428747482168e-01,2.399963859057e+01
5.614162286409e+00,9.999999999953e-01,4.443537194551e-14,6.437580714700e-01,2.399964730642e+01
5.628082938915e+00,9.999999999955e-01,4.187131123440e-14,6.446392098876e-01,2.399965581055e+01
5.642038108516e+00,9.999999999958e-01,3.945520406756e-14,6.455181688736e-01,2.399966410739e+01
5.656027880797e+00,9.999999999960e-01,3.717851317719e-14,6.463949538187e-01,2.399967220285e+01
5.670052341559e+00,9.999999999962e-01,3.503319390562e-14,6.472695701002e-01,2.399968010142e+01
5.684111576814e+00,9.999999999964e-01,3.301166578777e-14,6.481420230822e-01,2.399968780779e+01
5.698205672786e+00,9.999999999966e-01,3.110678576758e-14,6.490123181154e-01,2.399969532716e+01
5.712334715916e+00,9.999999999967e-01,2.931182295316e-14,6.498804605373e-01,2.399970266345e+01
5.726498792857e+00,9.999999999969e-01,2.762043484161e-14,6.507464556723e-01,2.399970982151e+01
5.740697990477e+00,9.999999999971e-01,2.602664490444e-14,6.516103088315e-01,2.399971680592e+01
5.754932395860e+00,9.999999999972e-01,2.452482146853e-14,6.524720253129e-01,2.399972362010e+01
5.769202096306e+00,9.999999999974e-01,2.310965782426e-14,6.533316104015e-01,2.399973026902e+01
5.783507179331e+00,9.999999999975e-01,2.177615346785e-14,6.541890693691e-01,2.399973675644e+01
5.797847732669e+00,9.999999999976e-01,2.051959643558e-14,6.550444074745e-01,2.399974308603e+01
5.812223844270e+00,9.999999999977e-01,1.933554665624e-14,6.558976299636e-01,2.399974926215e+01
5.826635602302e+00,9.999999999979e-01,1.821982025887e-14,6.567487420690e-01,2.399975528809e+01
5.841083095154e+00,9.999999999980e-01,1.716847479272e-14,6.575977490108e-01,2.399976116768e+01
5.855566411432e+00,9.999999999981e-01,1.617779529592e-14,6.584446559958e-01,2.399976690475e+01
5.870085639963e+00,9.999999999982e-01,1.524428116731e-14,6.592894682182e-01,2.399977250217e+01
5.884640869792e+00,9.999999999983e-01,1.436463380079e-14,6.601321908592e-01,2.399977796388e+01
5.899232190188e+00,9.999999999983e-01,1.353574492701e-14,6.609728290873e-01,2.399978329312e+01
5.913859690639e+00,9.999999999984e-01,1.275468563112e-14,6.618113880580e-01,2.399978849273e+01
5.928523460856e+00,9.999999999985e-01,1.201869600531e-14,6.626478729143e-01,2.399979356639e+01
5.943223590771e+00,9.999999999986e-01,1.132517539451e-14,6.634822887864e-01,2.399979851686e+01
5.957960170541e+00,9.999999999987e-01,1.067167320858e-14,6.643146407916e-01,2.399980334713e+01
5.972733290546e+00,9.999999999987e-01,1.005588026325e-14,6.651449340350e-01,2.399980806043e+01
5.987543041389e+00,9.999999999988e-01,9.475620619564e-15,6.659731736085e-01,2.399981265916e+01
6.002389513898e+00,9.999999999989e-01,8.928843896910e-15,6.667993645919e-01,2.399981714644e+01
6.017272799128e+00,9.999999999989e-01,8.413618026968e-15,6.676235120522e-01,2.399982152505e+01
6.032192988357e+00,9.999999999990e-01,7.928122426677e-15,6.684456210439e-01,2.399982579720e+01
6.047150173091e+00,9.999999999990e-01,7.470641566469e-15,6.692656966090e-01,2.399982996596e+01
6.062144445062e+00,9.999999999991e-01,7.039558907126e-15,6.700837437770e-01,2.399983403366e+01
6.077175896232e+00,9.999999999991e-01,6.633351188410e-15,6.708997675650e-01,2.399983800264e+01
6.092244618787e+00,9.999999999992e-01,6.250583046870e-15,6.717137729777e-01,2.399984187560e+01
6.107350705144e+00,9.999999999992e-01,5.889901943287e-15,6.725257650074e-01,2.399984565458e+01
6.122494247950e+00,9.999999999992e-01,5.550033384205e-15,6.733357486341e-01,2.399984934201e+01
6.137675340080e+00,9.999999999993e-01,5.229776418184e-15,6.741437288254e-01,2.399985294027e+01
6.152894074639e+00,9.999999999993e-01,4.927999391965e-15,6.749497105367e-01,2.399985645113e+01
6.168150544964e+00,9.999999999994e-01,4.643635952489e-15,6.757536987109e-01,2.399985987709e+01
6.183444844624e+00,9.999999999994e-01,4.375681278245e-15,6.765556982791e-01,2.399986322015e+01
6.198777067418e+00,9.999999999994e-01,4.123188528946e-15,6.773557141599e-01,2.399986648211e+01
6.214147307379e+00,9.999999999994e-01,3.885265500103e-15,6.781537512598e-01,2.399986966525e+01
6.229555658773e+00,9.999999999995e-01,3.661071469972e-15,6.789498144731e-01,2.399987277128e+01
6.245002216099e+00,9.999999999995e-01,3.449814229168e-15,6.797439086822e-01,2.399987580211e+01
6.260487074092e+00,9.999999999995e-01,3.250747281308e-15,6.805360387572e-01,2.399987875974e+01
6.276010327720e+00,9.999999999996e-01,3.063167205049e-15,6.813262095562e-01,2.399988164566e+01
6.291572072188e+00,9.999999999996e-01,2.886411168860e-15,6.821144259254e-01,2.399988446183e+01
6.307172402935e+00,9.999999999996e-01,2.719854588627e-15,6.829006926989e-01,2.399988720998e+01
6.322811415639e+00,9.999999999996e-01,2.562908920680e-15,6.836850146990e-01,2.399988989152e+01
6.338489206215e+00,9.999999999996e-01,2.415019582353e-15,6.844673967358e-01,2.399989250834e+01
6.354205870813e+00,9.999999999997e-01,2.275663992091e-15,6.852478436077e-01,2.399989506189e+01
6.369961505826e+00,9.999999999997e-01,2.144349723024e-15,6.860263601012e-01,2.399989755367e+01
6.385756207881e+00,9.999999999997e-01,2.020612762970e-15,6.868029509910e-01,2.399989998534e+01
6.401590073848e+00,9.999999999997e-01,1.904015874702e-15,6.875776210398e-01,2.399990235817e+01
6.417463200837e+00,9.999999999997e-01,1.794147051091e-15,6.883503749989e-01,2.399990467370e+01
6.433375686198e+00,9.999999999997e-01,1.690618059180e-15,6.891212176074e-01,2.399990693341e+01
6.449327627521e+00,9.999999999998e-01,1.593063068290e-15,6.898901535929e-01,2.399990913839e+01
6.465319122641e+00,9.999999999998e-01,1.501137357492e-15,6.906571876714e-01,2.399991129024e+01
6.481350269633e+00,9.999999999998e-01,1.414516097356e-15,6.914223245471e-01,2.399991339017e+01
6.497421166817e+00,9.999999999998e-01,1.332893202208e-15,6.921855689125e-01,2.399991543933e+01
6.513531912755e+00,9.999999999998e-01,1.255980248598e-15,6.929469254487e-01,2.399991743915e+01
6.529682606256e+00,9.999999999998e-01,1.183505456047e-15,6.937063988250e-01,2.399991939068e+01
6.545873346370e+00,9.999999999998e-01,1.115212726767e-15,6.944639936994e-01,2.399992129513e+01
6.562104232397e+00,9.999999999998e-01,1.050860740696e-15,6.952197147181e-01,2.399992315374e+01
6.578375363881e+00,9.999999999998e-01,9.902221027403e-16,6.959735665160e-01,2.399992496743e+01
6.594686840612e+00,9.999999999998e-01,9.330825393290e-16,6.967255537165e-01,2.399992673747e+01
6.611038762629e+00,9.999999999999e-01,8.792401412012e-16,6.974756809315e-01,2.399992846489e+01
6.627431230219e+00,9.999999999999e-01,8.285046499542e-16,6.982239527616e-01,2.399993015060e+01
6.643864343916e+00,9.999999999999e-01,7.806967857862e-16,6.989703737959e-01,2.399993179579e+01
6.660338204506e+00,9.999999999999e-01,7.356476139465e-16,6.997149486123e-01,2.399993340133e+01
6.676852913022e+00,9.999999999999e-01,6.931979478215e-16,7.004576817771e-01,2.399993496820e+01
6.693408570749e+00,9.999999999999e-01,6.531977864338e-16,7.011985778457e-01,2.399993649741e+01
6.710005279224e+00,9.999999999999e-01,6.155057843773e-16,7.019376413619e-01,2.399993798976e+01
6.726643140235e+00,9.999999999999e-01,5.799887523930e-16,7.026748768584e-01,2.399993944623e+01
6.743322255820e+00,9.999999999999e-01,5.465211867113e-16,7.034102888567e-01,2.399994086772e+01
6.760042728275e+00,9.999999999999e-01,5.149848255682e-16,7.041438818671e-01,2.399994225493e+01
6.776804660145e+00,9.999999999999e-01,4.852682313434e-16,7.048756603887e-01,2.399994360885e+01
6.793608154231e+00,9.999999999999e-01,4.572663967551e-16,7.056056289095e-01,2.399994493024e+01
6.810453313590e+00,9.999999999999e-01,4.308803738205e-16,7.063337919065e-01,2.399994621983e+01
6.827340241533e+00,9.999999999999e-01,4.060169242186e-16,7.070601538454e-01,2.399994747850e+01
6.844269041628e+00,9.999999999999e-01,3.825881898075e-16,7.077847191810e-01,2.399994870691e+01
6.861239817700e+00,9.999999999999e-01,3.605113821844e-16,7.085074923572e-01,2.399994990582e+01
6.878252673829e+00,9.999999999999e-01,3.397084901375e-16,7.092284778066e-01,2.399995107600e+01
6.895307714357e+00,9.999999999999e-01,3.201060039795e-16,7.099476799512e-01,2.399995221803e+01
6.912405043882e+00,9.999999999999e-01,3.016346558085e-16,7.106651032017e-01,2.399995333271e+01
6.929544767263e+00,9.999999999999e-01,2.842291747286e-16,7.113807519581e-01,2.399995442067e+01
6.946726989617e+00,1.000000000000e+00,2.678280562121e-16,7.120946306096e-01,2.399995548249e+01
6.963951816322e+00,1.000000000000e+00,2.523733447731e-16,7.128067435343e-01,2.399995651891e+01
6.981219353020e+00,1.000000000000e+00,2.378104291654e-16,7.135170950996e-01,2.399995753048e+01
6.998529705612e+00,1.000000000000e+00,2.240878494146e-16,7.142256896622e-01,2.399995851781e+01
7.015882980263e+00,1.000000000000e+00,2.111571149778e-16,7.149325315678e-01,2.399995948153e+01
7.033279283400e+00,1.000000000000e+00,1.989725333919e-16,7.156376251516e-01,2.399996042213e+01
7.050718721716e+00,1.000000000000e+00,1.874910488217e-16,7.163409747378e-01,2.399996134025e+01
7.068201402166e+00,1.000000000000e+00,1.766720899119e-16,7.170425846401e-01,2.399996223642e+01
7.085727431972e+00,1.000000000000e+00,1.664774264231e-16,7.177424591615e-01,2.399996311111e+01
7.103296918621e+00,1.000000000000e+00,1.568710341463e-16,7.184406025944e-01,2.399996396493e+01
7.120909969867e+00,1.000000000000e+00,1.478189676008e-16,7.191370192204e-01,2.399996479833e+01
7.138566693732e+00,1.000000000000e+00,1.392892400874e-16,7.198317133107e-01,2.399996561180e+01
7.156267198504e+00,1.000000000000e+00,1.312517106599e-16,7.205246891259e-01,2.399996640588e+01
7.174011592740e+00,1.000000000000e+00,1.236779776156e-16,7.212159509159e-01,2.399996718096e+01
7.191799985267e+00,1.000000000000e+00,1.165412781378e-16,7.219055029204e-01,2.399996793755e+01
7.209632485182e+00,1.000000000000e+00,1.098163937246e-16,7.225933493683e-01,2.399996867613e+01
7.227509201850e+00,1.000000000000e+00,1.034795610750e-16,7.232794944781e-01,2.399996939703e+01
7.245430244912e+00,1.000000000000e+00,9.750838812164e-17,7.239639424581e-01,2.399997010078e+01
7.263395724276e+00,1.000000000000e+00,9.188177490263e-17,7.246466975060e-01,2.399997078776e+01
7.281405750124e+00,1.000000000000e+00,8.657983900329e-17,7.253277638091e-01,2.399997145835e+01
7.299460432913e+00,1.000000000000e+00,8.158384530014e-17,7.260071455444e-01,2.399997211300e+01
7.317559883373e+00,1.000000000000e+00,7.687613975618e-17,7.266848468785e-01,2.399997275205e+01
7.335704212506e+00,1.000000000000e+00,7.244008703960e-17,7.273608719678e-01,2.399997337588e+01
7.353893531593e+00,1.000000000000e+00,6.826001174035e-17,7.280352249584e-01,2.399997398491e+01
7.372127952189e+00,1.000000000000e+00,6.432114297826e-17,7.287079099860e-01,2.399997457941e+01
7.390407586126e+00,1.000000000000e+00,6.060956220980e-17,7.293789311763e-01,2.399997515981e+01
7.408732545513e+00,1.000000000000e+00,5.711215404386e-17,7.300482926447e-01,2.399997572643e+01
7.427102942737e+00,1.000000000000e+00,5.381655989704e-17,7.307159984963e-01,2.399997627956e+01
7.445518890464e+00,1.000000000000e+00,5.071113432378e-17,7.313820528262e-01,2.399997681959e+01
7.463980501639e+00,1.000000000000e+00,4.778490386462e-17,7.320464597193e-01,2.399997734680e+01
7.482487889488e+00,1.000000000000e+00,4.502752827070e-17,7.327092232505e-01,2.399997786149e+01
7.501041167516e+00,1.000000000000e+00,4.242926396511e-17,7.333703474844e-01,2.399997836401e+01
7.519640449511e+00,1.000000000000e+00,3.998092961222e-17,7.340298364758e-01,2.399997885459e+01
7.538285849543e+00,1.000000000000e+00,3.767387367487e-17,7.346876942692e-01,2.399997933356e+01
7.556977481964e+00,1.000000000000e+00,3.549994384262e-17,7.353439248994e-01,2.399997980122e+01
7.575715461410e+00,1.000000000000e+00,3.345145822430e-17,7.359985323910e-01,2.399998025777e+01
7.594499902801e+00,1.000000000000e+00,3.152117820370e-17,7.366515207588e-01,2.399998070355e+01
7.613330921342e+00,1.000000000000e+00,2.970228286024e-17,7.373028940075e-01,2.399998113879e+01
7.632208632524e+00,1.000000000000e+00,2.798834486666e-17,7.379526561319e-01,2.399998156373e+01
7.651133152125e+00,1.000000000000e+00,2.637330777731e-17,7.386008111172e-01,2.399998197865e+01
7.670104596209e+00,1.000000000000e+00,2.485146462656e-17,7.392473629384e-01,2.399998238377e+01
7.689123081128e+00,1.000000000000e+00,2.341743776274e-17,7.398923155608e-01,2.399998277933e+01
7.708188723521e+00,1.000000000000e+00,2.206615984540e-17,7.405356729400e-01,2.399998316558e+01
7.727301640320e+00,1.000000000000e+00,2.079285593901e-17,7.411774390216e-01,2.399998354270e+01
7.746461948744e+00,1.000000000000e+00,1.959302664038e-17,7.418176177417e-01,2.399998391095e+01
7.765669766304e+00,1.000000000000e+00,1.846243217916e-17,7.424562130264e-01,2.399998427054e+01
7.784925210800e+00,1.000000000000e+00,1.739707743607e-17,7.430932287923e-01,2.399998462165e+01
7.804228400327e+00,1.000000000000e+00,1.639319782572e-17,7.437286689462e-01,2.399998496452e+01
7.823579453272e+00,1.000000000000e+00,1.544724599376e-17,7.443625373852e-01,2.399998529932e+01
7.842978488314e+00,1.000000000000e+00,1.455587928194e-17,7.449948379968e-01,2.399998562626e+01
7.862425624429e+00,1.000000000000e+00,1.371594791633e-17,7.456255746590e-01,2.399998594553e+01
7.881920980885e+00,1.000000000000e+00,1.292448387709e-17,7.462547512402e-01,2.399998625730e+01
7.901464677248e+00,1.000000000000e+00,1.217869041066e-17,7.468823715989e-01,2.399998656176e+01
7.921056833380e+00,1.000000000000e+00,1.147593214699e-17,7.475084395845e-01,2.399998685910e+01
7.940697569440e+00,1.000000000000e+00,1.081372578705e-17,7.481329590366e-01,2.399998714945e+01
7.960387005884e+00,1.000000000000e+00,1.018973132786e-17,7.487559337854e-01,2.399998743302e+01
7.980125263468e+00,1.000000000000e+00,9.601743793631e-18,7.493773676517e-01,2.399998770996e+01
7.999912463247e+00,1.000000000000e+00,9.047685444261e-18,7.499972644465e-01,2.399998798042e+01
8.019748726576e+00,1.000000000000e+00,8.525598433328e-18,7.506156279720e-01,2.399998824457e+01
8.039634175111e+00,1.000000000000e+00,8.033637889723e-18,7.512324620203e-01,2.399998850254e+01
8.059568930810e+00,1.000000000000e+00,7.570065398594e-18,7.518477703746e-01,2.399998875450e+01
8.079553115933e+00,1.000000000000e+00,7.133242858386e-18,7.524615568086e-01,2.399998900059e+01
8.099586853042e+00,1.000000000000e+00,6.721626692343e-18,7.530738250867e-01,2.399998924093e+01
8.119670265006e+00,1.000000000000e+00,6.333762394136e-18,7.536845789638e-01,2.399998947568e+01
8.139803474996e+00,1.000000000000e+00,5.968279388088e-18,7.542938221858e-01,2.399998970498e+01
8.159986606489e+00,1.000000000000e+00,5.623886186074e-18,7.549015584891e-01,2.399998992893e+01
8.180219783268e+00,1.000000000000e+00,5.299365823880e-18,7.555077916010e-01,2.399999014769e+01
8.200503129424e+00,1.000000000000e+00,4.993571560854e-18,7.561125252396e-01,2.399999036137e+01
8.220836769355e+00,1.000000000000e+00,4.705422827758e-18,7.567157631136e-01,2.399999057009e+01
8.241220827767e+00,1.000000000000e+00,4.433901408415e-18,7.573175089228e-01,2.399999077397e+01
8.261655429676e+00,1.000000000000e+00,4.178047841682e-18,7.579177663576e-01,2.399999097313e+01
8.282140700407e+00,1.000000000000e+00,3.936958031081e-18,7.585165390994e-01,2.399999116767e+01
8.302676765597e+00,1.000000000000e+00,3.709780050024e-18,7.591138308205e-01,2.399999135773e+01
8.323263751194e+00,1.000000000000e+00,3.495711131409e-18,7.597096451842e-01,2.399999154338e+01
8.343901783458e+00,1.000000000000e+00,3.293994830943e-18,7.603039858445e-01,2.399999172475e+01
8.364590988963e+00,1.000000000000e+00,3.103918354114e-18,7.608968564465e-01,2.399999190193e+01
8.385331494594e+00,1.000000000000e+00,2.924810037442e-18,7.614882606264e-01,2.399999207503e+01
8.406123427555e+00,1.000000000000e+00,2.756036975059e-18,7.620782020112e-01,2.399999224414e+01
8.426966915362e+00,1.000000000000e+00,2.597002782233e-18,7.626666842190e-01,2.399999240935e+01
8.447862085849e+00,1.000000000000e+00,2.447145487973e-18,7.632537108590e-01,2.399999257077e+01
8.468809067165e+00,1.000000000000e+00,2.305935549208e-18,7.638392855314e-01,2.399999272848e+01
8.489807987780e+00,1.000000000000e+00,2.172873979572e-18,7.644234118276e-01,2.399999288256e+01
8.510858976479e+00,1.000000000000e+00,2.047490586172e-18,7.650060933300e-01,2.399999303312e+01
8.531962162369e+00,1.000000000000e+00,1.929342308082e-18,7.655873336123e-01,2.399999318022e+01
8.553117674875e+00,1.000000000000e+00,1.818011650725e-18,7.661671362391e-01,2.399999332395e+01
8.574325643745e+00,1.000000000000e+00,1.713105210604e-18,7.667455047664e-01,2.399999346440e+01
8.595586199048e+00,1.000000000000e+00,1.614252285136e-18,7.673224427414e-01,2.399999360163e+01
8.616899471173e+00,1.000000000000e+00,1.521103562736e-18,7.678979537024e-01,2.399999373573e+01
8.638265590837e+00,1.000000000000e+00,1.433329888466e-18,7.684720411790e-01,2.399999386678e+01
8.659684689078e+00,1.000000000000e+00,1.350621100916e-18,7.690447086922e-01,2.399999399483e+01
8.681156897259e+00,1.000000000000e+00,1.272684936208e-18,7.696159597540e-01,2.399999411997e+01
8.702682347069e+00,1.000000000000e+00,1.199245995237e-18,7.701857978680e-01,2.399999424226e+01
8.724261170525e+00,1.000000000000e+00,1.130044770503e-18,7.707542265290e-01,2.399999436177e+01
8.745893499969e+00,1.000000000000e+00,1.064836729111e-18,7.713212492232e-01,2.399999447858e+01
8.767579468073e+00,1.000000000000e+00,1.003391448673e-18,7.718868694281e-01,2.399999459273e+01
8.789319207837e+00,1.000000000000e+00,9.454918030755e-19,7.724510906127e-01,2.399999470429e+01
8.811112852591e+00,1.000000000000e+00,8.909331952365e-19,7.730139162374e-01,2.399999481334e+01
8.832960535996e+00,1.000000000000e+00,8.395228341272e-19,7.735753497540e-01,2.399999491991e+01
8.854862392044e+00,1.000000000000e+00,7.910790535200e-19,7.741353946057e-01,2.399999502408e+01
8.876818555060e+00,1.000000000000e+00,7.454306700416e-19,7.746940542273e-01,2.399999512590e+01
8.898829159700e+00,1.000000000000e+00,7.024163782713e-19,7.752513320452e-01,2.399999522542e+01
8.920894340955e+00,1.000000000000e+00,6.618841807464e-19,7.758072314770e-01,2.399999532270e+01
8.943014234153e+00,1.000000000000e+00,6.236908508542e-19,7.763617559321e-01,2.399999541780e+01
8.965188974954e+00,1.000000000000e+00,5.877014267208e-19,7.769149088115e-01,2.399999551076e+01
8.987418699356e+00,1.000000000000e+00,5.537887343035e-19,7.774666935075e-01,2.399999560164e+01
9.009703543695e+00,1.000000000000e+00,5.218329380010e-19,7.780171134044e-01,2.399999569047e+01
9.032043644644e+00,1.000000000000e+00,4.917211171982e-19,7.785661718778e-01,2.399999577732e+01
9.054439139214e+00,1.000000000000e+00,4.633468672437e-19,7.791138722952e-01,2.399999586224e+01
9.076890164758e+00,1.000000000000e+00,4.366099234523e-19,7.796602180155e-01,2.399999594525e+01
9.099396858968e+00,1.000000000000e+00,4.114158068065e-19,7.802052123896e-01,2.399999602641e+01
9.121959359878e+00,1.000000000000e+00,3.876754900994e-19,7.807488587598e-01,2.399999610577e+01
9.144577805864e+00,1.000000000000e+00,3.653050833442e-19,7.812911604604e-01,2.399999618335e+01
9.167252335644e+00,1.000000000000e+00,3.442255373368e-19,7.818321208173e-01,2.399999625922e+01
9.189983088283e+00,1.000000000000e+00,3.243623643231e-19,7.823717431483e-01,2.399999633340e+01
9.212770203188e+00,1.000000000000e+00,3.056453747859e-19,7.829100307627e-01,2.399999640594e+01
9.235613820112e+00,1.000000000000e+00,2.880084294193e-19,7.834469869621e-01,2.399999647688e+01
9.258514079157e+00,1.000000000000e+00,2.713892054157e-19,7.839826150394e-01,2.399999654624e+01
9.281471120769e+00,1.000000000000e+00,2.557289762392e-19,7.845169182798e-01,2.399999661407e+01
9.304485085744e+00,1.000000000000e+00,2.409724041062e-19,7.850498999601e-01,2.399999668042e+01
9.327556115227e+00,1.000000000000e+00,2.270673444411e-19,7.855815633492e-01,2.399999674529e+01
9.350684350713e+00,1.000000000000e+00,2.139646616159e-19,7.861119117076e-01,2.399999680875e+01
9.373869934048e+00,1.000000000000e+00,2.016180553218e-19,7.866409482880e-01,2.399999687081e+01
9.397113007428e+00,1.000000000000e+00,1.899838969601e-19,7.871686763351e-01,2.399999693151e+01
9.420413713405e+00,1.000000000000e+00,1.790210754746e-19,7.876950990853e-01,2.399999699088e+01
9.443772194882e+00,1.000000000000e+00,1.686908520786e-19,7.882202197673e-01,2.399999704895e+01
9.467188595116e+00,1.000000000000e+00,1.589567233663e-19,7.887440416016e-01,2.399999710576e+01
9.490663057721e+00,1.000000000000e+00,1.497842923223e-19,7.892665678008e-01,2.399999716133e+01
9.514195726665e+00,1.000000000000e+00,1.411411467745e-19,7.897878015695e-01,2.399999721568e+01
9.537786746275e+00,1.000000000000e+00,1.329967448610e-19,7.903077461046e-01,2.399999726886e+01
9.561436261235e+00,1.000000000000e+00,1.253223071056e-19,7.908264045948e-01,2.399999732089e+01
9.585144416587e+00,1.000000000000e+00,1.180907147215e-19,7.913437802211e-01,2.399999737178e+01
9.608911357733e+00,1.000000000000e+00,1.112764137828e-19,7.918598761565e-01,2.399999742158e+01
9.632737230438e+00,1.000000000000e+00,1.048553249259e-19,7.923746955663e-01,2.399999747030e+01
9.656622180825e+00,1.000000000000e+00,9.880475826136e-20,7.928882416078e-01,2.399999751797e+01
9.680566355380e+00,1.000000000000e+00,9.310333319596e-20,7.934005174306e-01,2.399999756462e+01
9.704569900954e+00,1.000000000000e+00,8.773090288098e-20,7.939115261766e-01,2.399999761026e+01
9.728632964761e+00,1.000000000000e+00,8.266848302038e-20,7.944212709798e-01,2.399999765493e+01
9.752755694379e+00,1.000000000000e+00,7.789818478691e-20,7.949297549663e-01,2.399999769863e+01
9.776938237754e+00,1.000000000000e+00,7.340315160915e-20,7.954369812548e-01,2.399999774141e+01
9.801180743197e+00,1.000000000000e+00,6.916749960646e-20,7.959429529561e-01,2.399999778327e+01
9.825483359388e+00,1.000000000000e+00,6.517626146072e-20,7.964476731733e-01,2.399999782423e+01
9.849846235376e+00,1.000000000000e+00,6.141533352715e-20,7.969511450019e-01,2.399999786433e+01
9.874269520577e+00,1.000000000000e+00,5.787142599693e-20,7.974533715297e-01,2.399999790358e+01
9.898753364780e+00,1.000000000000e+00,5.453201593565e-20,7.979543558368e-01,2.399999794199e+01
9.923297918146e+00,1.000000000000e+00,5.138530303166e-20,7.984541009957e-01,2.399999797959e+01
9.947903331205e+00,1.000000000000e+00,4.842016789785e-20,7.989526100715e-01,2.399999801639e+01
9.972569754864e+00,1.000000000000e+00,4.562613277963e-20,7.994498861214e-01,2.399999805242e+01
9.997297340401e+00,1.000000000000e+00,4.299332453023e-20,7.999459321953e-01,2.399999808770e+01
1.002208623947e+01,1.000000000000e+00,4.051243972243e-20,8.004407513355e-01,2.399999812223e+01
1.004693660411e+01,1.000000000000e+00,3.817471177346e-20,8.009343465766e-01,2.399999815603e+01
1.007184858671e+01,1.000000000000e+00,3.597187996702e-20,8.014267209459e-01,2.399999818913e+01
1.009682234007e+01,1.000000000000e+00,3.389616026272e-20,8.019178774631e-01,2.399999822154e+01
1.012185801736e+01,1.000000000000e+00,3.194021779007e-20,8.024078191405e-01,2.399999825327e+01
1.014695577210e+01,1.000000000000e+00,3.009714092956e-20,8.028965489829e-01,2.399999828435e+01
1.017211575824e+01,1.000000000000e+00,2.836041688940e-20,8.033840699877e-01,2.399999831477e+01
1.019733813008e+01,1.000000000000e+00,2.672390869162e-20,8.038703851448e-01,2.399999834457e+01
1.022262304230e+01,1.000000000000e+00,2.518183348613e-20,8.043554974369e-01,2.399999837375e+01
1.024797064998e+01,1.000000000000e+00,2.372874211611e-20,8.048394098392e-01,2.399999840233e+01
1.027338110857e+01,1.000000000000e+00,2.235949986261e-20,8.053221253194e-01,2.399999843032e+01
1.029885457392e+01,1.000000000000e+00,2.106926830024e-20,8.058036468381e-01,2.399999845773e+01
1.032439120226e+01,1.000000000000e+00,1.985348819989e-20,8.062839773485e-01,2.399999848459e+01
1.034999115020e+01,1.000000000000e+00,1.870786341797e-20,8.067631197964e-01,2.399999851089e+01
1.037565457475e+01,1.000000000000e+00,1.762834571532e-20,8.072410771204e-01,2.399999853665e+01
1.040138163331e+01,1.000000000000e+00,1.661112045220e-20,8.077178522519e-01,2.399999856189e+01
1.042717248364e+01,1.000000000000e+00,1.565259310864e-20,8.081934481148e-01,2.399999858662e+01
1.045302728394e+01,1.000000000000e+00,1.474937658269e-20,8.086678676261e-01,2.399999861085e+01
1.047894619278e+01,1.000000000000e+00,1.389827922154e-20,8.091411136953e-01,2.399999863458e+01
1.050492936910e+01,1.000000000000e+00,1.309629354337e-20,8.096131892249e-01,2.399999865783e+01
1.053097697227e+01,1.000000000000e+00,1.234058560995e-20,8.100840971101e-01,2.399999868062e+01
1.055708916203e+01,1.000000000000e+00,1.162848501247e-20,8.105538402391e-01,2.399999870295e+01
1.058326609854e+01,1.000000000000e+00,1.095747543527e-20,8.110224214927e-01,2.399999872483e+01
1.060950794233e+01,1.000000000000e+00,1.032518576404e-20,8.114898437447e-01,2.399999874627e+01
1.063581485435e+01,1.000000000000e+00,9.729381707131e-21,8.119561098619e-01,2.399999876728e+01
1.066218699593e+01,1.000000000000e+00,9.167957900370e-21,8.124212227039e-01,2.399999878788e+01
1.068862452883e+01,1.000000000000e+00,8.638930467401e-21,8.128851851232e-01,2.399999880806e+01
1.071512761518e+01,1.000000000000e+00,8.140430009379e-21,8.133479999653e-01,2.399999882784e+01
1.074169641752e+01,1.000000000000e+00,7.670694999160e-21,8.138096700687e-01,2.399999884724e+01
1.076833109880e+01,1.000000000000e+00,7.228065556679e-21,8.142701982647e-01,2.399999886625e+01
1.079503182237e+01,1.000000000000e+00,6.810977583508e-21,8.147295873779e-01,2.399999888488e+01
1.082179875199e+01,1.000000000000e+00,6.417957235884e-21,8.151878402256e-01,2.399999890315e+01
1.084863205182e+01,1.000000000000e+00,6.047615716653e-21,8.156449596183e-01,2.399999892106e+01
1.087553188643e+01,1.000000000000e+00,5.698644367745e-21,8.161009483596e-01,2.399999893862e+01
1.090249842079e+01,1.000000000000e+00,5.369810045835e-21,8.165558092459e-01,2.399999895584e+01
1.092953182030e+01,1.000000000000e+00,5.059950764842e-21,8.170095450671e-01,2.399999897272e+01
1.095663225074e+01,1.000000000000e+00,4.767971589874e-21,8.174621586058e-01,2.399999898928e+01
1.098379987833e+01,1.000000000000e+00,4.492840768113e-21,8.179136526380e-01,2.399999900552e+01
1.101103486968e+01,1.000000000000e+00,4.233586082955e-21,8.183640299326e-01,2.399999902144e+01
1.103833739182e+01,1.000000000000e+00,3.989291418537e-21,8.188132932518e-01,2.399999903705e+01
1.106570761221e+01,1.000000000000e+00,3.759093522506e-21,8.192614453510e-01,2.399999905237e+01
1.109314569871e+01,1.000000000000e+00,3.542178955579e-21,8.197084889787e-01,2.399999906739e+01
1.112065181959e+01,1.000000000000e+00,3.337781217137e-21,8.201544268765e-01,2.399999908212e+01
1.114822614354e+01,1.000000000000e+00,3.145178036679e-21,8.205992617796e-01,2.399999909658e+01
1.117586883969e+01,1.000000000000e+00,2.963688821564e-21,8.210429964159e-01,2.399999911076e+01
1.120358007756e+01,1.000000000000e+00,2.792672252040e-21,8.214856335070e-01,2.399999912467e+01
1.123136002712e+01,1.000000000000e+00,2.631524015039e-21,8.219271757676e-01,2.399999913831e+01
1.125920885872e+01,1.000000000000e+00,2.479674668746e-21,8.223676259055e-01,2.399999915170e+01
1.128712674318e+01,1.000000000000e+00,2.336587630392e-21,8.228069866222e-01,2.399999916484e+01
1.131511385170e+01,1.000000000000e+00,2.201757280154e-21,8.232452606123e-01,2.399999917774e+01
1.134317035594e+01,1.000000000000e+00,2.074707174473e-21,8.236824505636e-01,2.399999919039e+01
1.137129642797e+01,1.000000000000e+00,1.954988362465e-21,8.241185591574e-01,2.399999920280e+01
1.139949224029e+01,1.000000000000e+00,1.842177799491e-21,8.245535890685e-01,2.399999921499e+01
1.142775796581e+01,1.000000000000e+00,1.735876852257e-21,8.249875429648e-01,2.399999922694e+01
1.145609377790e+01,1.000000000000e+00,1.635709890189e-21,8.254204235078e-01,2.399999923868e+01
1.148449985033e+01,1.000000000000e+00,1.541322958081e-21,8.258522333524e-01,2.399999925020e+01
1.151297635733e+01,1.000000000000e+00,1.452382525343e-21,8.262829751468e-01,2.399999926151e+01
1.154152347353e+01,1.000000000000e+00,1.368574307417e-21,8.267126515328e-01,2.399999927261e+01
1.157014137403e+01,1.000000000000e+00,1.289602155210e-21,8.271412651457e-01,2.399999928351e+01
1.159883023433e+01,1.000000000000e+00,1.215187008601e-21,8.275688186140e-01,2.399999929421e+01
1.162759023037e+01,1.000000000000e+00,1.145065910341e-21,8.279953145601e-01,2.399999930472e+01
1.165642153856e+01,1.000000000000e+00,1.078991076855e-21,8.284207555995e-01,2.399999931503e+01
1.168532433571e+01,1.000000000000e+00,1.016729022662e-21,8.288451443416e-01,2.399999932516e+01
1.171429879907e+01,1.000000000000e+00,9.580597353130e-22,8.292684833890e-01,2.399999933511e+01
1.174334510636e+01,1.000000000000e+00,9.027758979503e-22,8.296907753383e-01,2.399999934488e+01
1.177246343572e+01,1.000000000000e+00,8.506821567176e-22,8.301120227792e-01,2.399999935447e+01
1.180165396571e+01,1.000000000000e+00,8.015944304491e-22,8.305322282953e-01,2.399999936389e+01
1.183091687538e+01,1.000000000000e+00,7.553392601904e-22,8.309513944637e-01,2.399999937314e+01
1.186025234420e+01,1.000000000000e+00,7.117531962545e-22,8.313695238551e-01,2.399999938223e+01
1.188966055206e+01,1.000000000000e+00,6.706822206481e-22,8.317866190341e-01,2.399999939116e+01
1.191914167935e+01,1.000000000000e+00,6.319812028253e-22,8.322026825585e-01,2.399999939994e+01
1.194869590686e+01,1.000000000000e+00,5.955133868464e-22,8.326177169802e-01,2.399999940855e+01
1.197832341585e+01,1.000000000000e+00,5.611499081308e-22,8.330317248445e-01,2.399999941702e+01
1.200802438803e+01,1.000000000000e+00,5.287693380937e-22,8.334447086906e-01,2.399999942534e+01
1.203779900556e+01,1.000000000000e+00,4.982572550598e-22,8.338566710512e-01,2.399999943351e+01
1.206764745104e+01,1.000000000000e+00,4.695058399372e-22,8.342676144530e-01,2.399999944154e+01
1.209756990752e+01,1.000000000000e+00,4.424134952222e-22,8.346775414163e-01,2.399999944943e+01
1.212756655854e+01,1.000000000000e+00,4.168844859887e-22,8.350864544552e-01,2.399999945719e+01
1.215763758806e+01,1.000000000000e+00,3.928286015947e-22,8.354943560775e-01,2.399999946481e+01
1.218778318049e+01,1.000000000000e+00,3.701608369090e-22,8.359012487849e-01,2.399999947231e+01
1.221800352074e+01,1.000000000000e+00,3.488010919328e-22,8.363071350728e-01,2.399999947967e+01
1.224829879413e+01,1.000000000000e+00,3.286738887539e-22,8.367120174307e-01,2.399999948691e+01
1.227866918647e+01,1.000000000000e+00,3.097081048345e-22,8.371158983416e-01,2.399999949402e+01
1.230911488403e+01,1.000000000000e+00,2.918367216884e-22,8.375187802825e-01,2.399999950102e+01
1.233963607352e+01,1.000000000000e+00,2.749965880611e-22,8.379206657243e-01,2.399999950790e+01
1.237023294213e+01,1.000000000000e+00,2.591281967754e-22,8.383215571318e-01,2.399999951466e+01
1.240090567751e+01,1.000000000000e+00,2.441754744537e-22,8.387214569637e-01,2.399999952131e+01
1.243165446779e+01,1.000000000000e+00,2.300855833740e-22,8.391203676725e-01,2.399999952784e+01
1.246247950153e+01,1.000000000000e+00,2.168087347598e-22,8.395182917048e-01,2.399999953427e+01
1.249338096780e+01,1.000000000000e+00,2.042980128443e-22,8.399152315010e-01,2.399999954059e+01
1.252435905611e+01,1.000000000000e+00,1.925092090856e-22,8.403111894956e-01,2.399999954681e+01
1.255541395645e+01,1.000000000000e+00,1.814006659500e-22,8.407061681170e-01,2.399999955292e+01
1.258654585927e+01,1.000000000000e+00,1.709331297079e-22,8.411001697875e-01,2.399999955894e+01
1.261775495553e+01,1.000000000000e+00,1.610696117255e-22,8.414931969237e-01,2.399999956485e+01
1.264904143660e+01,1.000000000000e+00,1.517752577593e-22,8.418852519360e-01,2.399999957067e+01
1.268040549439e+01,1.000000000000e+00,1.430172247937e-22,8.422763372288e-01,2.399999957639e+01
1.271184732125e+01,1.000000000000e+00,1.347645649849e-22,8.426664552006e-01,2.399999958202e+01
1.274336711000e+01,1.000000000000e+00,1.269881163022e-22,8.430556082441e-01,2.399999958756e+01
1.277496505396e+01,1.000000000000e+00,1.196603994794e-22,8.434437987460e-01,2.399999959301e+01
1.280664134691e+01,1.000000000000e+00,1.127555209127e-22,8.438310290870e-01,2.399999959838e+01
1.283839618314e+01,1.000000000000e+00,1.062490811617e-22,8.442173016419e-01,2.399999960365e+01
1.287022975740e+01,1.000000000000e+00,1.001180887302e-22,8.446026187799e-01,2.399999960884e+01
1.290214226491e+01,1.000000000000e+00,9.434087882229e-23,8.449869828641e-01,2.399999961395e+01
1.293413390140e+01,1.000000000000e+00,8.889703678661e-23,8.453703962517e-01,2.399999961898e+01
1.296620486307e+01,1.000000000000e+00,8.376732597784e-23,8.457528612943e-01,2.399999962393e+01
1.299835534662e+01,1.000000000000e+00,7.893361978124e-23,8.461343803376e-01,2.399999962880e+01
1.303058554922e+01,1.000000000000e+00,7.437883755943e-23,8.465149557213e-01,2.399999963360e+01
1.306289566855e+01,1.000000000000e+00,7.008688429543e-23,8.468945897796e-01,2.399999963832e+01
1.309528590276e+01,1.000000000000e+00,6.604259371840e-23,8.472732848407e-01,2.399999964296e+01
1.312775645049e+01,1.000000000000e+00,6.223167471133e-23,8.476510432272e-01,2.399999964754e+01
1.316030751090e+01,1.000000000000e+00,5.864066081121e-23,8.480278672559e-01,2.399999965204e+01
1.319293928362e+01,1.000000000000e+00,5.525686262322e-23,8.484037592379e-01,2.399999965647e+01
1.322565196878e+01,1.000000000000e+00,5.206832298085e-23,8.487787214785e-01,2.399999966084e+01
1.325844576701e+01,1.000000000000e+00,4.906377469339e-23,8.491527562773e-01,2.399999966514e+01
1.329132087943e+01,1.000000000000e+00,4.623260073161e-23,8.495258659284e-01,2.399999966937e+01
1.332427750766e+01,1.000000000000e+00,4.356479671088e-23,8.498980527199e-01,2.399999967354e+01
1.335731585383e+01,1.000000000000e+00,4.105093553916e-23,8.502693189346e-01,2.399999967764e+01
1.339043612057e+01,1.000000000000e+00,3.868213410491e-23,8.506396668494e-01,2.399999968168e+01
1.342363851100e+01,1.000000000000e+00,3.645002188727e-23,8.510090987357e-01,2.399999968567e+01
1.345692322874e+01,1.000000000000e+00,3.434671137755e-23,8.513776168591e-01,2.399999968959e+01
1.349029047795e+01,1.000000000000e+00,3.236477020756e-23,8.517452234798e-01,2.399999969345e+01
1.352374046325e+01,1.000000000000e+00,3.049719488610e-23,8.521119208524e-01,2.399999969726e+01
1.355727338980e+01,1.000000000000e+00,2.873738605118e-23,8.524777112258e-01,2.399999970100e+01
1.359088946325e+01,1.000000000000e+00,2.707912515006e-23,8.528425968434e-01,2.399999970470e+01
1.362458888977e+01,1.000000000000e+00,2.551655246516e-23,8.532065799430e-01,2.399999970834e+01
1.365837187605e+01,1.000000000000e+00,2.404414640772e-23,8.535696627570e-01,2.399999971192e+01
1.369223862927e+01,1.000000000000e+00,2.265670400656e-23,8.539318475122e-01,2.399999971545e+01
1.372618935714e+01,1.000000000000e+00,2.134932252249e-23,8.542931364298e-01,2.399999971893e+01
1.376022426788e+01,1.000000000000e+00,2.011738212378e-23,8.546535317256e-01,2.399999972236e+01
1.379434357022e+01,1.000000000000e+00,1.895652956128e-23,8.550130356099e-01,2.399999972574e+01
1.382854747342e+01,1.000000000000e+00,1.786266278553e-23,8.553716502876e-01,2.399999972907e+01
1.386283618726e+01,1.000000000000e+00,1.683191645155e-23,8.557293779581e-01,2.399999973235e+01
1.389720992201e+01,1.000000000000e+00,1.586064826008e-23,8.560862208153e-01,2.399999973559e+01
1.393166888851e+01,1.000000000000e+00,1.494542608693e-23,8.564421810477e-01,2.399999973878e+01
1.396621329808e+01,1.000000000000e+00,1.408301585505e-23,8.567972608385e-01,2.399999974192e+01
1.400084336260e+01,1.000000000000e+00,1.327037010645e-23,8.571514623652e-01,2.399999974502e+01
1.403555929443e+01,1.000000000000e+00,1.250461723350e-23,8.575047878004e-01,2.399999974807e+01
1.407036130651e+01,1.000000000000e+00,1.178305133172e-23,8.578572393109e-01,2.399999975108e+01
1.410524961226e+01,1.000000000000e+00,1.110312263801e-23,8.582088190583e-01,2.399999975405e+01
1.414022442566e+01,1.000000000000e+00,1.046242852069e-23,8.585595291988e-01,2.399999975697e+01
1.417528596121e+01,1.000000000000e+00,9.858704989450e-24,8.589093718834e-01,2.399999975986e+01
1.421043443395e+01,1.000000000000e+00,9.289818695161e-24,8.592583492576e-01,2.399999976270e+01
1.424567005943e+01,1.000000000000e+00,8.753759391392e-24,8.596064634618e-01,2.399999976551e+01
1.428099305376e+01,1.000000000000e+00,8.248632830883e-24,8.599537166308e-01,2.399999976827e+01
1.431640363358e+01,1.000000000000e+00,7.772654071936e-24,8.603001108945e-01,2.399999977100e+01
1.435190201605e+01,1.000000000000e+00,7.324141171055e-24,8.606456483773e-01,2.399999977369e+01
1.438748841890e+01,1.000000000000e+00,6.901509239536e-24,8.609903311983e-01,2.399999977634e+01
1.442316306037e+01,1.000000000000e+00,6.503264843027e-24,8.613341614715e-01,2.399999977896e+01
1.445892615926e+01,1.000000000000e+00,6.128000724248e-24,8.616771413056e-01,2.399999978154e+01
1.449477793490e+01,1.000000000000e+00,5.774390830232e-24,8.620192728041e-01,2.399999978409e+01
1.453071860716e+01,1.000000000000e+00,5.441185626517e-24,8.623605580653e-01,2.399999978660e+01
1.456674839649e+01,1.000000000000e+00,5.127207681721e-24,8.627009991823e-01,2.399999978907e+01
1.460286752384e+01,1.000000000000e+00,4.831347506917e-24,8.630405982431e-01,2.399999979151e+01
1.463907621073e+01,1.000000000000e+00,4.552559635075e-24,8.633793573303e-01,2.399999979392e+01
1.467537467924e+01,1.000000000000e+00,4.289858926752e-24,8.637172785217e-01,2.399999979630e+01
1.471176315198e+01,1.000000000000e+00,4.042317088950e-24,8.640543638897e-01,2.399999979865e+01
1.474824185212e+01,1.000000000000e+00,3.809059394850e-24,8.643906155016e-01,2.399999980096e+01
1.478481100339e+01,1.000000000000e+00,3.589261592830e-24,8.647260354196e-01,2.399999980324e+01
1.482147083007e+01,1.000000000000e+00,3.382146993852e-24,8.650606257010e-01,2.399999980550e+01
1.485822155699e+01,1.000000000000e+00,3.186983726905e-24,8.653943883977e-01,2.399999980772e+01
1.489506340954e+01,1.000000000000e+00,3.003082152836e-24,8.657273255568e-01,2.399999980991e+01
1.493199661368e+01,1.000000000000e+00,2.829792427397e-24,8.660594392201e-01,2.399999981208e+01
1.496902139591e+01,1.000000000000e+00,2.666502204926e-24,8.663907314244e-01,2.399999981421e+01
1.500613798332e+01,1.000000000000e+00,2.512634474528e-24,8.667212042017e-01,2.399999981632e+01
1.504334660353e+01,1.000000000000e+00,2.367645521122e-24,8.670508595787e-01,2.399999981840e+01
1.508064748476e+01,1.000000000000e+00,2.231023004137e-24,8.673796995771e-01,2.399999982046e+01
1.511804085575e+01,1.000000000000e+00,2.102284147082e-24,8.677077262138e-01,2.399999982248e+01
1.515552694586e+01,1.000000000000e+00,1.980974031579e-24,8.680349415006e-01,2.399999982448e+01
1.519310598497e+01,1.000000000000e+00,1.866663989840e-24,8.683613474442e-01,2.399999982646e+01
1.523077820358e+01,1.000000000000e+00,1.758950089907e-24,8.686869460465e-01,2.399999982841e+01
1.526854383270e+01,1.000000000000e+00,1.657451708293e-24,8.690117393044e-01,2.399999983033e+01
1.530640310398e+01,1.000000000000e+00,1.561810184992e-24,8.693357292099e-01,2.399999983223e+01
1.534435624959e+01,1.000000000000e+00,1.471687556102e-24,8.696589177501e-01,2.399999983411e+01
1.538240350230e+01,1.000000000000e+00,1.386765359572e-24,8.699813069069e-01,2.399999983596e+01
1.542054509547e+01,1.000000000000e+00,1.306743509876e-24,8.703028986577e-01,2.399999983779e+01
1.545878126300e+01,1.000000000000e+00,1.231339237607e-24,8.706236949748e-01,2.399999983959e+01
1.549711223940e+01,1.000000000000e+00,1.160286090273e-24,8.709436978255e-01,2.399999984137e+01
1.553553825977e+01,1.000000000000e+00,1.093332990745e-24,8.712629091726e-01,2.399999984313e+01
1.557405955976e+01,1.000000000000e+00,1.030243350039e-24,8.715813309737e-01,2.399999984487e+01
1.561267637562e+01,1.000000000000e+00,9.707942312909e-25,8.718989651817e-01,2.399999984658e+01
1.565138894420e+01,1.000000000000e+00,9.147755619757e-25,8.722158137447e-01,2.399999984828e+01
1.569019750292e+01,1.000000000000e+00,8.619893915847e-25,8.725318786059e-01,2.399999984995e+01
1.572910228979e+01,1.000000000000e+00,8.122491921372e-25,8.728471617036e-01,2.399999985160e+01
1.576810354341e+01,1.000000000000e+00,7.653791990548e-25,8.731616649717e-01,2.399999985323e+01
1.580720150298e+01,1.000000000000e+00,7.212137900710e-25,8.734753903389e-01,2.399999985485e+01
1.584639640830e+01,1.000000000000e+00,6.795968999796e-25,8.737883397292e-01,2.399999985644e+01
1.588568849973e+01,1.000000000000e+00,6.403814691544e-25,8.741005150621e-01,2.399999985801e+01
1.592507801827e+01,1.000000000000e+00,6.034289238916e-25,8.744119182521e-01,2.399999985956e+01
1.596456520548e+01,1.000000000000e+00,5.686086867386e-25,8.747225512090e-01,2.399999986109e+01
1.600415030354e+01,1.000000000000e+00,5.357977150784e-25,8.750324158379e-01,2.399999986261e+01
1.604383355523e+01,1.000000000000e+00,5.048800663402e-25,8.753415140393e-01,2.399999986411e+01
1.608361520393e+01,1.000000000000e+00,4.757464882981e-25,8.756498477089e-01,2.399999986558e+01
1.612349549361e+01,1.000000000000e+00,4.482940330123e-25,8.759574187376e-01,2.399999986704e+01
1.616347466886e+01,1.000000000000e+00,4.224256930465e-25,8.762642290118e-01,2.399999986849e+01
1.620355297488e+01,1.000000000000e+00,3.980500586771e-25,8.765702804132e-01,2.399999986991e+01
1.624373065747e+01,1.000000000000e+00,3.750809948836e-25,8.768755748188e-01,2.399999987132e+01
1.628400796304e+01,1.000000000000e+00,3.534373369771e-25,8.771801141009e-01,2.399999987271e+01
1.632438513860e+01,1.000000000000e+00,3.330426037922e-25,8.774839001273e-01,2.399999987408e+01
1.636486243179e+01,1.000000000000e+00,3.138247274298e-25,8.777869347612e-01,2.399999987544e+01
1.640544009086e+01,1.000000000000e+00,2.957157985934e-25,8.780892198610e-01,2.399999987678e+01
1.644611836468e+01,1.000000000000e+00,2.786518266219e-25,8.783907572807e-01,2.399999987811e+01
1.648689750271e+01,1.000000000000e+00,2.625725133687e-25,8.786915488696e-01,2.399999987942e+01
1.652777775507e+01,1.000000000000e+00,2.474210401285e-25,8.789915964724e-01,2.399999988071e+01
1.656875937247e+01,1.000000000000e+00,2.331438668607e-25,8.792909019294e-01,2.399999988199e+01
1.660984260625e+01,1.000000000000e+00,2.196905429964e-25,8.795894670761e-01,2.399999988325e+01
1.665102770838e+01,1.000000000000e+00,2.070135291646e-25,8.798872937438e-01,2.399999988450e+01
1.669231493143e+01,1.000000000000e+00,1.950680292039e-25,8.801843837589e-01,2.399999988574e+01
1.673370452864e+01,1.000000000000e+00,1.838118318688e-25,8.804807389436e-01,2.399999988695e+01
1.677519675384e+01,1.000000000000e+00,1.732051616698e-25,8.807763611153e-01,2.399999988816e+01
1.681679186151e+01,1.000000000000e+00,1.632105383205e-25,8.810712520871e-01,2.399999988935e+01
1.685849010674e+01,1.000000000000e+00,1.537926442952e-25,8.813654136677e-01,2.399999989053e+01
1.690029174527e+01,1.000000000000e+00,1.449182000294e-25,8.816588476610e-01,2.399999989169e+01
1.694219703348e+01,1.000000000000e+00,1.365558463212e-25,8.819515558668e-01,2.399999989284e+01
1.698420622836e+01,1.000000000000e+00,1.286760335187e-25,8.822435400802e-01,2.399999989398e+01
1.702631958757e+01,1.000000000000e+00,1.212509171018e-25,8.825348020919e-01,2.399999989510e+01
1.706853736937e+01,1.000000000000e+00,1.142542592894e-25,8.828253436883e-01,2.399999989621e+01
1.711085983271e+01,1.000000000000e+00,1.076613363245e-25,8.831151666512e-01,2.399999989731e+01
1.715328723713e+01,1.000000000000e+00,1.014488511082e-25,8.834042727582e-01,2.399999989839e+01
1.719581984285e+01,1.000000000000e+00,9.559485087697e-26,8.836926637824e-01,2.399999989947e+01
1.723845791072e+01,1.000000000000e+00,9.007864962825e-26,8.839803414924e-01,2.399999990053e+01
1.728120170224e+01,1.000000000000e+00,8.488075502383e-26,8.842673076525e-01,2.399999990157e+01
1.732405147956e+01,1.000000000000e+00,7.998279951055e-26,8.845535640228e-01,2.399999990261e+01
1.736700750547e+01,1.000000000000e+00,7.536747541574e-26,8.848391123589e-01,2.399999990363e+01
1.741007004343e+01,1.000000000000e+00,7.101847378796e-26,8.851239544120e-01,2.399999990465e+01
1.745323935754e+01,1.000000000000e+00,6.692042676682e-26,8.854080919290e-01,2.399999990565e+01
1.749651571255e+01,1.000000000000e+00,6.305885327827e-26,8.856915266526e-01,2.399999990664e+01
1.753989937389e+01,1.000000000000e+00,5.942010786358e-26,8.859742603212e-01,2.399999990762e+01
1.758339060762e+01,1.000000000000e+00,5.599133246096e-26,8.862562946686e-01,2.399999990858e+01
1.762698968047e+01,1.000000000000e+00,5.276041096971e-26,8.865376314246e-01,2.399999990954e+01
1.767069685984e+01,1.000000000000e+00,4.971592643605e-26,8.868182723147e-01,2.399999991049e+01
1.771451241379e+01,1.000000000000e+00,4.684712070966e-26,8.870982190600e-01,2.399999991142e+01
1.775843661104e+01,1.000000000000e+00,4.414385642805e-26,8.873774733775e-01,2.399999991235e+01
1.780246972097e+01,1.000000000000e+00,4.159658119466e-26,8.876560369798e-01,2.399999991326e+01
1.784661201364e+01,1.000000000000e+00,3.919629382405e-26,8.879339115754e-01,2.399999991416e+01
1.789086375977e+01,1.000000000000e+00,3.693451253477e-26,8.882110988684e-01,2.399999991506e+01
1.793522523077e+01,1.000000000000e+00,3.480324497774e-26,8.884876005589e-01,2.399999991594e+01
1.797969669870e+01,1.000000000000e+00,3.279495999406e-26,8.887634183426e-01,2.399999991682e+01
1.802427843630e+01,1.000000000000e+00,3.090256100251e-26,8.890385539112e-01,2.399999991768e+01
1.806897071700e+01,1.000000000000e+00,2.911936092268e-26,8.893130089520e-01,2.399999991853e+01
1.811377381490e+01,1.000000000000e+00,2.743905854516e-26,8.895867851483e-01,2.399999991938e+01
1.815868800476e+01,1.000000000000e+00,2.585571626529e-26,8.898598841791e-01,2.399999992022e+01
1.820371356206e+01,1.000000000000e+00,2.436373910167e-26,8.901323077194e-01,2.399999992104e+01
1.824885076293e+01,1.000000000000e+00,2.295785492548e-26,8.904040574400e-01,2.399999992186e+01
1.829409988419e+01,1.000000000000e+00,2.163309583061e-26,8.906751350074e-01,2.399999992267e+01
1.833946120338e+01,1.000000000000e+00,2.038478057878e-26,8.909455420843e-01,2.399999992347e+01
1.838493499867e+01,1.000000000000e+00,1.920849805770e-26,8.912152803290e-01,2.399999992426e+01
1.843052154897e+01,1.000000000000e+00,1.810009169370e-26,8.914843513958e-01,2.399999992504e+01
1.847622113387e+01,1.000000000000e+00,1.705564476388e-26,8.917527569350e-01,2.399999992581e+01
1.852203403362e+01,1.000000000000e+00,1.607146655573e-26,8.920204985927e-01,2.399999992658e+01
1.856796052921e+01,1.000000000000e+00,1.514407932549e-26,8.922875780109e-01,2.399999992733e+01
1.861400090231e+01,1.000000000000e+00,1.427020600896e-26,8.925539968276e-01,2.399999992808e+01
1.866015543527e+01,1.000000000000e+00,1.344675864150e-26,8.928197566769e-01,2.399999992882e+01
1.870642441118e+01,1.000000000000e+00,1.267082744629e-26,8.930848591885e-01,2.399999992956e+01
1.875280811378e+01,1.000000000000e+00,1.193967055212e-26,8.933493059885e-01,2.399999993028e+01
1.879930682756e+01,1.000000000000e+00,1.125070430460e-26,8.936130986985e-01,2.399999993100e+01
1.884592083770e+01,1.000000000000e+00,1.060149413645e-26,8.938762389366e-01,2.399999993170e+01
1.889265043007e+01,1.000000000000e+00,9.989745964519e-27,8.941387283164e-01,2.399999993241e+01
1.893949589127e+01,1.000000000000e+00,9.413298083369e-27,8.944005684480e-01,2.399999993310e+01
1.898645750861e+01,1.000000000000e+00,8.870113526502e-27,8.946617609371e-01,2.399999993378e+01
1.903353557009e+01,1.000000000000e+00,8.358272868456e-27,8.949223073856e-01,2.399999993446e+01
1.908073036446e+01,1.000000000000e+00,7.875967442211e-27,8.951822093914e-01,2.399999993513e+01
1.912804218115e+01,1.000000000000e+00,7.421492947996e-27,8.954414685487e-01,2.399999993580e+01
1.917547131033e+01,1.000000000000e+00,6.993243430879e-27,8.957000864473e-01,2.399999993645e+01
1.922301804289e+01,1.000000000000e+00,6.589705605886e-27,8.959580646734e-01,2.399999993710e+01
1.927068267043e+01,1.000000000000e+00,6.209453510575e-27,8.962154048092e-01,2.399999993775e+01
1.931846548527e+01,1.000000000000e+00,5.851143466180e-27,8.964721084330e-01,2.399999993838e+01
1.936636678047e+01,1.000000000000e+00,5.513509329519e-27,8.967281771191e-01,2.399999993901e+01
1.941438684981e+01,1.000000000000e+00,5.195358018882e-27,8.969836124379e-01,2.399999993963e+01
1.946252598779e+01,1.000000000000e+00,4.895565298095e-27,8.972384159561e-01,2.399999994025e+01
1.951078448966e+01,1.000000000000e+00,4.613071803863e-27,8.974925892365e-01,2.399999994086e+01
1.955916265138e+01,1.000000000000e+00,4.346879302344e-27,8.977461338377e-01,2.399999994146e+01
1.960766076965e+01,1.000000000000e+00,4.096047161740e-27,8.979990513149e-01,2.399999994206e+01
1.965627914193e+01,1.000000000000e+00,3.859689028433e-27,8.982513432192e-01,2.399999994265e+01
1.970501806637e+01,1.000000000000e+00,3.636969694913e-27,8.985030110978e-01,2.399999994323e+01
1.975387784191e+01,1.000000000000e+00,3.427102148450e-27,8.987540564943e-01,2.399999994381e+01
1.980285876819e+01,1.000000000000e+00,3.229344790067e-27,8.990044809484e-01,2.399999994438e+01
1.985196114563e+01,1.000000000000e+00,3.042998813979e-27,8.992542859958e-01,2.399999994494e+01
1.990118527535e+01,1.000000000000e+00,2.867405738261e-27,8.995034731687e-01,2.399999994550e+01
1.995053145926e+01,1.000000000000e+00,2.701945078004e-27,8.997520439952e-01,2.399999994606e+01
2.000000000000e+01,1.000000000000e+00,2.546032152732e-27,9.000000000000e-01,2.399999994660e+01
